ticker,gsector,mktcap,composite,s_asset_growth,s_rev_growth,s_fcfp,s_sp,s_bp,s_ep,s_ebitda_ev,s_gross_margin,s_roe,s_roa,s_fcf_growth,s_current_ratio,s_cash_ratio,s_int_coverage,s_accruals
JJSF,30,3385.08142522,0.4697390338700722,0.4652815746309459,0.34602463605823064,0.36179529282977557,0.5725982532751092,0.4959083469721768,0.4252183406113537,0.4008762322015334,0.3890746934225195,0.45320197044334976,0.6925601750547046,NA,0.3130718954248366,0.6653594771241831,0.8812877263581489,0.712800875273523
PLXS,45,4453.92452908,0.8523042754025542,0.8671405139420448,0.7967525195968646,0.7788724685276409,0.7691048034934498,0.502454991816694,0.4465065502183406,0.4715224534501643,0.07748049052396878,0.4493705528188287,0.5175054704595186,0.9606481481481481,0.5823529411764705,0.7405228758169935,0.6163648558014755,0.811816192560175
ORCL,45,512203.28492,0.617434758467518,0.4696555494805905,0.5151175811870101,0.39408866995073893,0.13537117903930132,0.08292416803055101,0.39465065502183405,0.2940854326396495,0.8957636566332219,0.9857690202517789,0.7472647702407003,0.683641975308642,0.9254901960784314,0.615686274509804,0.4949698189134809,0.6225382932166301
MSFT,45,3148374.63391119,0.5530260966129927,0.11262985237834877,0.30179171332586785,0.39956212370005473,0.10152838427947598,0.18385160938352427,0.4814410480349345,0.3187294633077766,0.8985507246376812,0.8932676518883416,0.962253829321663,0.6157407407407407,0.6823529411764706,0.45620915032679743,0.9268947015425889,0.6663019693654266
TROW,40,27512.170560000002,0.4852859522487507,0.44177145981410604,0.6903695408734603,0.4876847290640394,0.31768558951965065,0.5504637206764866,0.7903930131004366,0.6686746987951807,0.4096989966555184,0.7301587301587301,0.9157549234135668,0.15354938271604937,NA,NA,NA,0.03884026258205686
HON,20,151462.02720753,0.538034425319267,0.7512301804264625,0.5946248600223965,0.4433497536945813,0.32641921397379914,0.24168030551009276,0.5807860262008734,0.384446878422782,0.47491638795986624,0.8834154351395731,0.7943107221006565,0.4236111111111111,0.6856209150326797,0.5483660130718955,0.7116029510395707,0.10557986870897151
AMRC,20,970.25931,0.3764575235980011,0.08911973756150904,0.9518477043673013,0.005473453749315818,0.8782751091703057,0.9208947081287506,0.7876637554585153,0.41073384446878425,0.20066889632107024,0.38368910782703886,0.41083150984682715,NA,0.6967320261437908,0.7993464052287582,0.19718309859154928,0.0448577680525164
RGEN,35,8434.30401973,0.13381454747362576,0.24111536358665941,0.9384098544232923,0.2764094143404488,0.09879912663755458,0.42444080741953083,0.2685589519650655,0.19441401971522454,0.7140468227424749,0.28188286808976465,0.3648796498905908,0.375,0.0607843137254902,0.07320261437908493,0.5446009389671361,0.37363238512035013
BWXT,20,11965.448314439998,0.38200999444752914,0.4723892837616184,0.36898096304591266,0.34537493158182814,0.2762008733624454,0.1723949809056192,0.3962882096069869,0.2677984665936473,0.29988851727982163,0.8451012588943624,0.7964989059080962,0.9459876543209876,0.37516339869281046,0.7411764705882353,0.49765258215962443,0.4989059080962801
INDB,40,3076.06827,0.6563020544142143,0.6894477856752323,0.21108622620380735,0.8122605363984674,0.3935589519650655,0.92253136933988,0.8624454148471615,0.7546549835706462,0.8929765886287625,0.4247400109469075,0.3544857768052516,0.24768518518518517,NA,NA,NA,0.14989059080962797
CLDX,35,1820.47936,0.00832870627429206,0.07763805358119191,0.00895856662933936,0.08812260536398467,0.034388646288209604,0.42334969994544464,0.07914847161572053,0.03504928806133625,0.010033444816053512,0.0963327859879584,0.03938730853391685,NA,0.019607843137254943,0.016339869281045805,NA,0.7549234135667396
TMP,40,1098.40614,0.3914491948917268,0.6129032258064516,0.8107502799552071,0.7728516694033936,0.37117903930131,0.7659574468085106,0.2849344978165939,0.3192771084337349,0.8216276477146043,0.2742200328407225,0.2538293216630197,0.35802469135802467,NA,NA,NA,0.22921225382932164
BCPC,15,5868.344160000001,0.4580788450860633,0.764898851831602,0.7357222844344905,0.41050903119868637,0.20251091703056767,0.3638843426077469,0.3728165938864629,0.28258488499452356,0.4236343366778149,0.5210727969348659,0.712253829321663,0.7692901234567902,0.3875816993464052,0.5509803921568628,0.6170355466130114,0.5224288840262582
ASTE,20,880.38522,0.4714047751249306,0.490978676872608,0.5453527435610303,0.2019704433497537,0.8881004366812227,0.8548827059465357,0.5895196506550219,0.7174151150054765,0.27201783723522854,0.3426382047071702,0.4989059080962801,NA,0.326797385620915,0.7156862745098039,0.6311200536552649,0.10339168490153172
WERN,20,2526.71104,0.7468073292615214,0.6107162383816294,0.685330347144457,0.10509031198686371,0.8558951965065502,0.8483360611020185,0.6517467248908297,0.871303395399781,0.09531772575250837,0.39518336070060206,0.5284463894967177,NA,0.4366013071895425,0.7660130718954248,0.47417840375586856,0.8544857768052516
SKYW,20,4627.2347199999995,0.6474181010549694,0.8698742482230727,0.738521836506159,0.8308702791461412,0.6752183406113537,0.7637752318603382,0.28111353711790393,0.5498357064622125,0.25975473801560756,0.27586206896551724,0.2696936542669584,NA,0.8673202614379085,0.43333333333333335,0.1898054996646546,0.8030634573304157
AMWD,20,1366.60212,0.9333703498056635,0.46637506834335707,0.8656215005599104,0.8609742747673782,0.868995633187773,0.8101472995090017,0.8891921397379913,0.859802847754655,0.23857302118171683,0.5889436234263821,0.7412472647702407,0.38348765432098764,0.4019607843137255,0.5372549019607843,0.8611670020120724,0.7051422319474836
ADM,30,26127.956400000003,0.9616879511382566,0.9174412247129579,0.8264277715565509,0.8916256157635468,0.9716157205240175,0.9301691216584833,0.9585152838427947,0.9463307776560789,0.06298773690078038,0.6239737274220033,0.6745076586433261,0.6689814814814815,0.54640522875817,0.5287581699346405,0.579476861167002,0.27078774617067836
PRG,40,2021.48238,0.9877845641310383,0.7063969382176052,0.8230683090705487,0.8461959496442255,0.8411572052401747,0.5493726132024004,0.8155021834061136,0.9978094194961665,0.8924191750278707,0.7952928297755884,0.8019693654266958,0.33796296296296297,NA,NA,0.5942320590207915,0.49617067833698025
WTS,20,5908.3299262,0.6029983342587452,0.14871514488791693,0.5778275475923852,0.6135741652983032,0.4557860262008734,0.45499181669394434,0.6506550218340611,0.5295728368017525,0.5958751393534002,0.7142857142857143,0.8763676148796499,0.6998456790123457,0.2823529411764706,0.3640522875816994,0.9382964453386988,0.3205689277899344
FNB,40,6166.899899999999,0.4103275957801222,0.4384909786768726,0.09406494960806266,0.655719759168035,0.46997816593886466,0.9247135842880524,0.8684497816593887,0.6944140197152245,0.7937569676700111,0.4340448823207444,0.33533916849015316,0.11728395061728394,NA,NA,NA,0.11761487964989059
EHC,35,10371.205,0.6646307606885064,0.3378895571350464,0.4020156774916014,0.4154351395730706,0.5747816593886463,0.33060556464811786,0.5556768558951966,0.5870755750273823,0.2491638795986622,0.8029556650246306,0.6838074398249453,0.8171296296296297,0.6790849673202615,0.7281045751633988,0.5050301810865191,0.7532822757111597
FI,40,125708.34792919001,0.5174902831760133,0.33570256971022416,0.47480403135498317,0.4559386973180077,0.19814410480349345,0.4593562465902891,0.43722707423580787,0.41566265060240964,0.879041248606466,0.49261083743842365,0.5207877461706784,0.5933641975308642,0.807843137254902,0.9477124183006536,0.5137491616364855,0.3293216630196937
FCNCA,40,29798.28,0.5713492504164354,0.01749589939857843,0.012877939529675198,0.5626710454296662,0.5393013100436681,0.7965084560829242,0.9950873362445415,0.848302300109529,0.7162764771460424,0.9644225506294472,0.7264770240700219,0.25385802469135804,NA,NA,NA,0.035557986870897174
HTLD,20,1002.4066899999999,0.38367573570238755,0.9256424275560415,0.18085106382978722,0.11494252873563218,0.8417030567685589,0.9454446262956901,0.33406113537117904,0.9069003285870756,0.12709030100334448,0.27859879584017516,0.31838074398249455,0.026234567901234566,0.6398692810457516,0.7150326797385621,0.15492957746478872,0.7937636761487965
CAL,25,1093.69507,1,0.7670858392564243,0.7833146696528556,0.9343185550082101,0.9486899563318777,0.7086743044189853,0.9748908296943232,0.8745892661555312,0.5680044593088072,0.8839627805145046,0.8047045951859956,0.8518518518518519,0.7915032679738562,0.9405228758169935,0.743796109993293,0.2636761487964989
BC,25,5312.29133,0.9794558578567463,0.7566976489885183,0.7989921612541994,0.8073344280240832,0.8422489082969432,0.6055646481178396,0.8782751091703057,0.8888280394304491,0.3617614269788183,0.752599890530925,0.7171772428884027,0.8564814814814815,0.6124183006535948,0.6758169934640523,0.6277665995975855,0.5306345733041575
WSFS,40,3535.05796,0.5852304275402554,0.5401858939311099,0.13885778275475924,0.7241379310344828,0.4650655021834061,0.828696126568467,0.855349344978166,0.9112814895947426,0.8595317725752508,0.5402298850574713,0.3637855579868709,0.1712962962962963,NA,NA,NA,0.11706783369803064
WBS,40,10589.7098,0.5624652970571904,0.4570803717878622,0.07614781634938406,0.8232074438970991,0.4814410480349345,0.8614293507910529,0.8804585152838428,0.8148959474260679,0.7564102564102564,0.5161466885604816,0.34956236323851203,0.2762345679012346,NA,NA,NA,0.14606126914660833
MKL,40,22931.917554480002,0.7229317046085508,0.2761071623838163,0.09742441209406494,0.8828680897646415,0.7036026200873362,0.795417348608838,0.8941048034934498,0.9238773274917853,0.17279821627647715,0.6338259441707718,0.5454048140043763,0.47762345679012347,NA,NA,0.8276324614352784,0.2587527352297593
FBP,40,3388.8316,0.7812326485285952,0.6342263531984691,0.28387458006718924,0.8576902025177887,0.4415938864628821,0.6399345335515548,0.9012008733624454,0.9134720700985761,0.875139353400223,0.7613574165298304,0.39059080962800874,0.32098765432098764,NA,NA,NA,0.16520787746170673
PLAB,45,1543.14959,0.8600777345918934,0.18425369054127938,0.46248600223964165,0.8850574712643678,0.6517467248908297,0.7823240589198036,0.8771834061135371,0.9879518072289156,0.568561872909699,0.6130268199233716,0.7833698030634574,0.49228395061728397,0.13464052287581696,0.13464052287581696,0.9906103286384976,0.8763676148796499
OFG,40,2084.68716,0.8500832870627429,0.19190814652815746,0.2200447928331467,0.9233716475095786,0.48253275109170307,0.7430441898527005,0.8962882096069869,0.9791894852135816,0.9292084726867336,0.6639299397920088,0.3966083150984683,0.841820987654321,NA,NA,NA,0.2341356673960613
FBNC,40,1955.4766,0.3442531926707385,0.2094040459267359,0.1192609182530795,0.7208538587848933,0.3695414847161572,0.82924168030551,0.7243449781659389,0.7026286966046003,0.8294314381270903,0.44499178981937604,0.31564551422319476,0.2037037037037037,NA,NA,NA,0.1548140043763676
WSBC,40,2363.2564800000005,0.45419211549139366,0.4833242208857299,0.13325867861142215,0.7077175697865353,0.45906113537117904,0.9263502454991817,0.8056768558951966,0.6374589266155531,0.8238573021181717,0.37219485495347565,0.31673960612691465,0.2924382716049383,NA,NA,NA,0.13730853391684905
KO,30,276043.63176,0.5458078845086063,0.4461454346637507,0.5055991041433371,0.5079365079365079,0.2183406113537118,0.2144026186579378,0.597707423580786,0.37458926615553123,0.7385730211817169,0.9140667761357416,0.8517505470459519,0.4691358024691358,0.7568627450980392,0.4699346405228758,0.6901408450704225,0.22155361050328226
UBSI,40,5715.749400000001,0.49472515269294837,0.6336796063422636,0.12318029115341544,0.7706622879036672,0.3537117903930131,0.8936170212765957,0.7843886462882096,0.764512595837897,0.7865105908584169,0.4061302681992337,0.3533916849015317,0.20756172839506173,NA,NA,NA,0.15426695842450766
CDNS,45,84146.63103,0.45363686840644085,0.28266812465828317,0.3163493840985442,0.3240284619594964,0.06604803493449782,0.10801963993453355,0.3111353711790393,0.19934282584884994,0.9882943143812709,0.879584017515052,0.9644420131291028,0.533179012345679,0.7006535947712418,0.4137254901960784,0.926224010731053,0.6050328227571116
ED,55,34845.58308,0.5496946141032759,0.839803171131766,0.8073908174692049,0.0815544608648057,0.5349344978165939,0.8963447899618112,0.8324235807860262,0.572289156626506,0.3238573021181717,0.5593869731800766,0.5399343544857768,0.0015432098765432098,0.8222222222222222,0.7679738562091503,0.3038229376257545,0.10503282275711157
CHCO,40,1930.66678702,0.5585785674625208,0.46746856205576814,0.14333706606942886,0.7536945812807881,0.23253275109170304,0.5548281505728314,0.7603711790393013,0.6823658269441402,0.9509476031215162,0.7088122605363985,0.4113785557986871,0.5802469135802469,NA,NA,NA,0.17177242888402622
CECO,20,1121.07695,0.27318156579677955,0.15472936030617823,0.15173572228443444,0.4794745484400657,0.5900655021834061,0.40098199672667756,0.3056768558951965,0.3368017524644031,0.3634336677814939,0.3524904214559387,0.4414660831509847,0.6743827160493827,0.6339869281045751,0.6764705882352942,0.39101274312541917,0.6094091903719913
FICO,45,57827.23117044,0.21321488062187674,0.31109896118097324,0.4148936170212766,0.2731253420908593,0.048034934497816595,0.05455537370430987,0.2816593886462882,0.17907995618838993,0.919732441471572,0.06239737274220033,0.9928884026258206,0.4035493827160494,0.5797385620915032,0.5941176470588235,0.6197183098591549,0.350656455142232
CNMD,35,2287.16964,0.6418656302054414,0.6992892290869328,0.2558790593505039,0.6091954022988506,0.6304585152838428,0.6028368794326241,0.48526200873362446,0.42825848849945236,0.6828316610925307,0.41598248494800216,0.4737417943107221,0.9799382716049383,0.42156862745098034,0.8928104575163399,0.41716968477531857,0.35393873085339167
EPAC,20,2615.40244,0.39811215991116045,0.6139967195188627,0.715565509518477,0.4247400109469075,0.30513100436681223,0.3044189852700491,0.5223799126637555,0.4414019715224535,0.6432552954292085,0.7799671592775042,0.8408096280087527,0.4714506172839506,0.2450980392156863,0.25098039215686274,0.6861167002012073,0.12089715536105028
XRAY,35,3906.0269999999996,0.7279289283731261,0.8288682340076545,0.6534154535274357,0.6836343732895457,0.8089519650655022,0.9121658483360611,0.13864628820960698,0.8127053669222344,0.7101449275362319,0.21839080459770116,0.20076586433260393,0.22993827160493827,0.634640522875817,0.7084967320261437,0.4460093896713615,0.6788840262582057
FAST,20,47870.35416,0.6540810660744031,0.7714598141060689,0.5386338185890258,0.42090859332238645,0.20032751091703058,0.15984724495362793,0.43504366812227074,0.2853231106243154,0.5880713489409142,0.886152162014231,0.9863238512035011,0.7631172839506173,0.11503267973856213,0.6176470588235294,0.9758551307847082,0.6405908096280087
CPF,40,863.9148,0.7662409772348695,0.5664297430289775,0.3023516237402015,0.873015873015873,0.48799126637554585,0.75177304964539,0.8105895196506551,0.9737130339539978,0.8528428093645485,0.5648604269293924,0.29814004376367614,0.4305555555555556,NA,NA,NA,0.19638949671772432
CRK,10,4550.50377,0.7473625763464742,0.2930563149261892,0.9888017917133258,0.05966064586754242,0.45251091703056767,0.7757774140752864,0.6719432314410481,0.7957283680175247,0.6755852842809364,0.4603174603174603,0.5218818380743983,0.03780864197530864,0.934640522875817,0.9633986928104575,0.23272971160295103,0.899343544857768
DTE,55,26049.163780000003,0.8006662965019433,0.47457627118644063,0.9720044792833147,0.14614121510673234,0.5933406113537117,0.7168576104746317,0.730349344978166,0.6314348302300109,0.3333333333333333,0.5883962780514504,0.49562363238512036,NA,0.9601307189542484,0.9862745098039216,0.36955063715627096,0.47702407002188185
MATX,20,5087.1074679,0.8961687951138256,0.7386550027337343,0.9608062709966405,0.6382047071702244,0.6637554585152838,0.7599563557010366,0.7549126637554585,0.6462212486308871,0.23968784838350055,0.578544061302682,0.7166301969365426,0.10725308641975309,0.7862745098039216,0.7039215686274509,0.8799463447350772,0.5426695842450766
IMKTA,30,1074.8755,0.8151027207107163,0.35757244395844723,0.5823068309070549,0.8182813355227149,0.9874454148471615,0.9759956355701036,0.9830786026200873,0.9852135815991238,0.2302118171683389,0.6464148877941981,0.7839168490153173,0.15123456790123457,0.24248366013071898,0.322875816993464,0.7847082494969819,0.3238512035010941
AIN,20,2594.77,0.47751249305941146,0.24712957900492072,0.39249720044792835,0.4072249589490969,0.5567685589519651,0.5875613747954174,0.6353711790393013,0.6593647316538883,0.5384615384615384,0.5632183908045977,0.6963894967177243,0.8287037037037037,0.1777777777777778,0.4222222222222223,0.6948356807511737,0.3079868708971554
COHR,45,15491.14624,0.1793448084397557,0.43357025697102247,0.8432250839865622,0.3070607553366174,0.40338427947598254,0.4249863611565739,0.20087336244541484,0.35870755750273825,0.5011148272017837,0.22386425834701698,0.2100656455142232,0.45524691358024694,0.2679738562091504,0.3764705882352941,0.20724346076458752,0.5448577680525164
CLH,20,14018.590909999999,0.4275402554136591,0.509021323127392,0.5531914893617021,0.3864258347016968,0.4972707423580786,0.3578832515002728,0.47270742358078605,0.47480832420591457,0.34057971014492755,0.7060755336617406,0.6706783369803063,0.5308641975308642,0.4228758169934641,0.4928104575163399,0.4969818913480885,0.6055798687089715
CTBI,40,1065.0608399999999,0.5535813436979455,0.3739748496446146,0.15845464725643899,0.7723043240284619,0.4039301310043668,0.8019639934533551,0.837882096069869,0.8313253012048193,0.8088071348940914,0.548440065681445,0.3741794310722101,0.3464506172839506,NA,NA,NA,0.14496717724288843
XOM,10,518445.40619999997,0.8900610771793448,0.6096227446692182,0.9109742441209406,0.715927750410509,0.6806768558951966,0.640480087288598,0.8187772925764192,0.8159912376779846,0.2040133779264214,0.7016967706622879,0.8172866520787746,0.20987654320987653,0.5934640522875817,0.5176470588235293,0.8739101274312542,0.5629102844638949
IPAR,30,4409.2498,0.4330927262631871,0.48113723346090764,0.2150055991041433,0.3891625615763547,0.39574235807860264,0.3169667212220404,0.5529475982532751,0.4687842278203724,0.7753623188405797,0.7865353037766831,0.8555798687089715,0.6041666666666666,0.2895424836601307,0.47581699346405226,0.8745808182427901,0.04868708971553615
MGM,25,11415.351600000002,0.8617434758467518,0.8999453253143794,0.1942889137737962,0.9480021893814997,0.8777292576419214,0.7523186033824332,0.9274017467248908,0.463855421686747,0.5741360089186176,0.8144499178981938,0.45951859956236324,0.808641975308642,0.5575163398692811,0.30457516339869284,0.4232059020791415,0.4272428884026258
WM,20,91599.74852,0.6318711826762909,0.4816839803171131,0.5845464725643896,0.361247947454844,0.300764192139738,0.19749045280960176,0.4470524017467249,0.4408543263964951,0.46153846153846156,0.8757525998905309,0.7303063457330415,0.408179012345679,0.869281045751634,0.8294117647058823,0.608316566063045,0.7171772428884027
KKR,40,144665.85723,0.11882287617990006,0.202843083652269,0.007838745800671898,0.1921182266009852,0.19596069868995633,0.342607746863066,0.45633187772925765,0.4457831325301205,0.5479375696767002,0.7186644772851669,0.35557986870897157,NA,NA,NA,0.4138162307176392,0.07330415754923414
COKE,30,10116.07355024,0.8650749583564686,0.19081465281574628,0.48376259798432253,0.6425834701696771,0.6834061135371179,0.31151118385160936,0.6140829694323144,0.7272727272727273,0.5039018952062431,0.866447728516694,0.8298687089715536,0.8387345679012346,0.5594771241830065,0.46601307189542485,0.9221998658618377,0.8129102844638949
DY,20,5285.52416,0.4131038312048862,0.32312739201749585,0.42329227323628216,0.270935960591133,0.7374454148471615,0.3906164757228587,0.6228165938864629,0.6166484118291348,0.1616499442586399,0.7777777777777778,0.7921225382932167,NA,0.22549019607843135,0.7483660130718954,0.5868544600938967,0.26531728665207877
GATX,20,5834.082240000001,0.2659633536923931,0.2356478950246036,0.3936170212765957,0.021346469622331693,0.32587336244541487,0.7446808510638298,0.6512008733624454,0.4600219058050383,0.8121516164994426,0.5599343185550082,0.44803063457330417,NA,NA,NA,0.23675385647216632,0.3342450765864332
GD,20,78093.94843969001,0.6279844530816213,0.40787315472936025,0.48544232922732367,0.6206896551724138,0.6266375545851528,0.4795417348608838,0.631004366812227,0.4583789704271632,0.1443701226309922,0.6721401204159825,0.6859956236323851,0.5185185185185185,0.6104575163398693,0.8470588235294118,0.7525150905432596,0.349015317286652
GE,20,197150.67504,0.4569683509161577,0.9486057955166758,0.874020156774916,0.34756431308155444,0.45141921397379914,0.281505728314239,0.6686681222707423,0.26396495071193865,0.241917502787068,0.8357963875205254,0.6225382932166302,0.3132716049382716,0.7359477124183007,0.5398692810457517,0.443326626425218,0.06509846827133481
LH,35,20170.38124,0.7218212104386452,0.9628212137780208,0.9272116461366181,0.5829228243021346,0.6610262008733624,0.6148390616475723,0.3777292576419214,0.5443592552026287,0.33890746934225197,0.3191023535851122,0.42286652078774617,0.2175925925925926,0.7398692810457517,0.7895424836601307,0.5835010060362174,0.5590809628008753
ONB,40,7387.39152,0.4691837867851194,0.4647348277747403,0.07838745800671898,0.7181171319102354,0.4519650655021834,0.823240589198036,0.868995633187773,0.6883899233296824,0.8199554069119287,0.5347564313081554,0.3517505470459519,0.22839506172839505,NA,NA,NA,0.11816192560175054
LNN,20,1441.35112,0.5730149916712938,0.612356478950246,0.8555431131019037,0.6070060207991242,0.5360262008733624,0.541189307146754,0.6681222707423581,0.5290251916757941,0.39241917502787066,0.6179529282977558,0.7817286652078774,0.25462962962962965,0.14771241830065363,0.21633986928104576,0.8832997987927566,0.4529540481400438
MGPI,30,1015.98484,0.688506385341477,0.1432476763258611,0.4944008958566629,0.4400656814449918,0.7527292576419214,0.911620294599018,0.9344978165938864,0.9085432639649507,0.46321070234113715,0.60207991242474,0.7724288840262582,0.24691358024691357,0.12091503267973858,0.7967320261437909,0.8598256203890007,0.0705689277899344
CHTR,50,56446.835139999996,0.9483620210993893,0.6189174412247129,0.6550951847704367,0.6869184455391352,0.7936681222707423,0.7157665030005456,0.8744541484716157,0.8619934282584885,0.4604236343366778,0.9178981937602627,0.4912472647702407,0.2199074074074074,0.9986928104575163,0.9294117647058824,0.33735747820254863,0.6783369803063457
BAH,20,18933.401862270002,0.3192670738478623,0.6932750136686714,0.31466965285554316,0.28297755883962783,0.6413755458515283,0.1298417894162575,0.5311135371179039,0.42880613362541076,0.21070234113712374,0.946360153256705,0.799781181619256,0.13503086419753085,0.5379084967320261,0.6248366013071895,0.5734406438631791,0.03610503282275712
GM,25,61126.54164,0.8028872848417545,0.5396391470749043,0.42385218365061594,0.08757525998905309,0.9568777292576419,0.9481723949809057,0.9776200873362445,0.9337349397590361,0.1850613154960981,0.6420361247947455,0.5421225382932167,NA,0.7830065359477124,0.6398692810457516,0.374916163648558,0.46225382932166303
HHH,60,4348.97012,0.14880621876735148,0.7211591033351559,0.9764837625979843,0.08921729611384784,0.3094978165938865,0.8346972176759411,0.04639737991266375,NA,0.14046822742474915,0.14887794198139026,0.1460612691466083,NA,NA,NA,0.16498993963782696,0.38621444201312916
LPLA,40,24347.231251200003,0.2509716823986674,0.302351011481684,0.27547592385218367,0.2523262178434592,0.5267467248908297,0.18276050190943807,0.6451965065502183,0.6161007667031764,0.17614269788182832,0.9337712096332786,0.8413566739606126,0.07484567901234568,NA,NA,0.7075788061703555,0.03391684901531733
CPAY,40,26572.438282889998,0.7518045530260966,0.2925095680699836,0.4227323628219485,0.7695675971538041,0.18340611353711792,0.28805237315875615,0.5791484716157205,0.5208105147864184,0.6527313266443702,0.8779419813902573,0.7089715536105032,0.9189814814814815,0.8065359477124183,0.530718954248366,0.5130784708249497,0.7193654266958425
KNX,20,9609.96848,0.4042198778456413,0.17058501913614,0.7659574468085106,0.27859879584017516,0.722707423580786,0.894708128750682,0.4164847161572052,0.6385542168674698,0.10590858416945373,0.2988505747126437,0.40536105032822756,0.08564814814814815,0.8555555555555556,0.6947712418300653,0.32327297116029513,0.7423413566739606
TRGP,10,44550.2709,0.6624097723486951,0.4330235101148169,0.9479283314669653,0.3563218390804598,0.46888646288209607,0.16475722858701583,0.3771834061135371,0.5345016429353778,0.2408026755852843,0.8571428571428571,0.5650984682713348,0.3140432098765432,0.9045751633986928,0.9326797385620915,0.4540576794097921,0.862691466083151
WD,40,3720.44806,0.308717379233759,0.6943685073810826,0.8880179171332587,0.2134646962233169,0.39192139737991266,0.7135842880523732,0.49290393013100436,0.7431544359255202,0.5278706800445931,0.36507936507936506,0.4644420131291028,0.06712962962962964,NA,NA,0.29711602951039573,0.05908096280087527
IBM,45,210273.51945,0.7329261521377013,0.405686167304538,0.6254199328107503,0.6962233169129721,0.388646288209607,0.22804146208401527,0.5633187772925764,0.3822562979189485,0.7157190635451505,0.8784893267651889,0.6520787746170679,0.6851851851851852,0.8464052287581699,0.5790849673202614,0.4983232729711603,0.537746170678337
BKU,40,3144.69043,0.4725152692948362,0.8206670311645707,0.06494960806271,NA,0.6664847161572053,0.8854337152209493,0.7478165938864629,0.5032858707557503,0.5484949832775919,0.3798576902025178,0.2702407002188184,NA,NA,NA,NA,0.2478118161925602
KMI,10,62805.7628,0.858411993337035,0.640787315472936,0.9333706606942889,0.7296113847837986,0.32805676855895194,0.6977632296781233,0.5900655021834061,0.5312157721796276,0.5105908584169454,0.4039408866995074,0.5120350109409191,0.6172839506172839,0.9941176470588236,0.9810457516339869,0.32930918846411805,0.613238512035011
ITT,20,12723.78,0.6018878400888396,0.5139420448332421,0.41601343784994405,0.4931581828133552,0.3400655021834061,0.3791598472449536,0.5343886462882096,0.39923329682365827,0.4336677814938685,0.685823754789272,0.8402625820568927,0.8680555555555556,0.47516339869281043,0.522875816993464,0.9101274312541918,0.4037199124726477
APO,40,99034.77448000001,0.3475846751804553,0.13395297977036635,0.008398656215005573,0.7137383689107827,0.4279475982532751,0.23022367703218766,0.7096069868995634,0.5432639649507119,0.15328874024526198,0.9622331691297209,0.4020787746170678,0.7723765432098766,NA,NA,0.8645204560697518,0.1805251641137856
HCA,35,82883.84434000001,0.6113270405330372,0.37506834335702566,0.47032474804031354,0.6704980842911877,0.736353711790393,0.046917621385706494,0.7794759825327511,0.7409638554216867,0.16945373467112598,0.015873015873015872,0.8156455142231948,0.5516975308641975,0.7326797385620916,0.8888888888888888,0.5224681421864521,0.724835886214442
HII,20,7744.411679999999,0.9189339255968906,0.5456533624931657,0.4848824188129899,0.825944170771757,0.884825327510917,0.745771958537916,0.8973799126637555,0.7130339539978094,0.13935340022296544,0.7006020799124247,0.6832603938730853,0.6890432098765432,0.8490196078431372,0.8169934640522876,0.6116700201207244,0.3495623632385121
AL,20,5669.0893,0.5741254858411994,0.373428102788409,0.3673012318029115,0.010399562123700055,0.5524017467248908,0.9819967266775778,0.9388646288209607,0.6867469879518072,0.9821627647714605,0.4537493158182813,0.42669584245076586,NA,NA,NA,0.2562038900067069,0.44803063457330417
SR,55,4227.23483,0.5247084952803998,0.5921268452706396,0.21444568868980962,0.09961685823754789,0.6735807860262009,0.8259683578832515,0.7117903930131004,0.5788608981380066,0.25195094760312153,0.42419266557197594,0.43216630196936545,NA,0.9555555555555556,0.9934640522875817,0.301140174379611,0.312910284463895
THR,20,1063.0985999999998,0.5397001665741255,0.16074357572443954,0.3605823068309071,0.638752052545156,0.5753275109170306,0.6535733769776323,0.6883187772925764,0.627053669222344,0.5462653288740246,0.5429666119321291,0.7352297592997812,0.6103395061728395,0.30000000000000004,0.5274509803921569,0.6955063715627096,0.2948577680525164
MPC,10,50184.88913611,0.9866740699611327,0.8545653362493166,0.9148936170212766,0.9808429118773946,0.9612445414847162,0.7588652482269503,0.9819868995633187,0.9693318729463308,0.09253065774804906,0.8938149972632731,0.8457330415754923,0.36728395061728397,0.5477124183006536,0.5052287581699346,0.7203219315895373,0.550328227571116
SXC,15,1047.7863200000002,0.8678511937812327,0.6867140513942045,0.5571108622620381,0.9244663382594417,0.9252183406113537,0.8625204582651391,0.736353711790393,0.9474260679079957,0.1254180602006689,0.47728516694033934,0.5180525164113785,0.49074074074074076,0.45032679738562087,0.44771241830065356,0.47619047619047616,0.8533916849015317
CHEF,30,1768.50405,0.23042754025541365,0.22525970475669765,0.13773796192609178,0.23973727422003285,0.9219432314410481,0.46590289143480634,0.38700873362445415,0.4830230010952902,0.25418060200668896,0.4132457580733443,0.4338074398249453,NA,0.44052287581699345,0.8300653594771241,0.3440643863179074,0.26859956236323856
FBIN,20,9726.895799999998,0.8689616879511383,0.3728813559322034,0.7340425531914894,0.8029556650246306,0.5813318777292577,0.4380796508456083,0.6266375545851528,0.5673603504928806,0.5395763656633222,0.7126436781609196,0.6974835886214442,0.8695987654320988,0.5006535947712418,0.6241830065359477,0.5982562038900067,0.8205689277899344
XYL,20,30793.27875,0.2642976124375347,0.01585565882996176,0.12094064949608063,0.35139573070607555,0.32368995633187775,0.5531914893617021,0.3881004366812227,0.3198247535596933,0.5167224080267558,0.45429666119321294,0.6176148796498906,0.7067901234567902,0.4856209150326798,0.526797385620915,0.8477531857813548,0.28391684901531733
UI,45,20952.249695299997,0.3198223209328151,0.9655549480590486,0.6970884658454648,0.4121510673234811,0.12008733624454149,0.06328423349699945,0.35425764192139736,0.2261774370208105,0.46878483835005574,5.473453749315818e-4,0.9907002188183808,NA,0.20980392156862748,0.5418300653594772,NA,0.9190371991247265
VAC,25,3464.91675,0.6129927817878956,0.683433570256971,0.6388577827547592,0.4838533114395183,0.8706331877729258,0.8641571194762684,0.8389737991266376,0.7113910186199343,0.4793756967670011,0.5062944718117132,0.462800875273523,0.1087962962962963,NA,NA,0.38497652582159625,0.1143326039387309
ACHC,35,3773.91755,0.5119378123264853,0.3652268999453253,0.3622620380739082,0.2824302134646962,0.7358078602620087,0.8488816148390617,0.22161572052401746,0.8253012048192772,0.4041248606465998,0.24794745484400657,0.22811816192560175,0.15895061728395063,0.9352941176470588,0.8529411764705882,0.5888665325285044,0.7888402625820569
CIVI,10,5007.146320000001,0.9711271515824542,0.025150355385456513,0.8359462486002239,0.9376026272577996,0.7057860262008734,0.9732678668848882,0.9743449781659389,0.9813800657174151,0.8623188405797102,0.6042692939244664,0.7270240700218819,0.24074074074074073,0.7444444444444445,0.4535947712418301,0.6183769282360831,0.8933260393873086
VTLE,10,1252.56299,0.9489172681843421,0.018589393110989616,0.9322508398656215,0.007662835249042145,0.847707423580786,0.993998908892526,0.9983624454148472,0.9917853231106243,0.8589743589743589,0.8872468527640941,0.9480306345733042,0.014660493827160493,0.9516339869281045,0.965359477124183,0.448692152917505,0.37855579868708966
TRIP,50,1813.26088,0.5274847307051638,0.7523236741388737,0.23796192609182532,0.8401751505199782,0.7991266375545851,0.679214402618658,0.27237991266375544,0.884446878422782,0.9849498327759197,0.27038861521620144,0.2658643326039387,0.17824074074074073,0.3581699346405228,0.18104575163398695,0.425888665325285,0.7735229759299781
GWRE,45,16945.16991,0.16435313714602998,0.2936030617823947,0.45688689809630456,0.28790366721401206,0.07532751091703056,0.1729405346426623,0.24672489082969432,0.13964950711938665,0.7318840579710145,0.2523262178434592,0.23413566739606126,0.9753086419753086,0.5666666666666667,0.27254901960784317,0.08786049631120053,0.7954048140043763
POST,30,7042.41744,0.7179344808439756,0.5593220338983051,0.24804031354983203,0.7126436781609196,0.8013100436681223,0.7872340425531915,0.634825327510917,0.6363636363636364,0.3355629877369008,0.4373289545703339,0.46225382932166303,0.9282407407407407,0.4620915032679739,0.8104575163398693,0.36016096579476864,0.4518599562363238
EPAM,45,13835.386319999998,0.3387007218212104,0.33078184800437394,0.7497200447928332,0.5429666119321291,0.44268558951965065,0.44462629569012546,0.5081877729257642,0.45180722891566266,0.34615384615384615,0.5867542419266557,0.824398249452954,0.6867283950617284,0.10457516339869277,0.1098039215686275,NA,0.4201312910284464
MTDR,10,7487.627729999999,0.9650194336479734,0.0590486604702023,0.8348264277715566,0.5741652983032294,0.4874454148471616,0.7561374795417348,0.9443231441048034,0.9550930996714129,0.850613154960981,0.7969348659003831,0.8834792122538293,0.13040123456790123,0.8026143790849674,0.8,0.682092555331992,0.9245076586433261
PRLB,20,1009.5668999999999,0.49528039977790117,0.8321487151448879,0.6019036954087347,0.5960591133004927,0.5982532751091703,0.8336061102018549,0.35807860262008734,0.5613362541073385,0.6254180602006689,0.2895457033388068,0.4349015317286652,0.5362654320987654,0.142483660130719,0.1686274509803921,NA,0.6925601750547046
ALSN,20,10264.8255,0.6701832315380344,0.36194641880809186,0.4244120940649496,0.7148330596606459,0.39082969432314413,0.33606110201854883,0.7963973799126638,0.6610076670317634,0.6488294314381271,0.9518336070060208,0.9004376367614879,0.6597222222222222,0.30457516339869284,0.2915032679738562,0.6881287726358148,0.31892778993435444
ZWS,20,6758.01148,0.3731260410882843,0.8972115910333516,0.2486002239641657,0.5002736726874658,0.30622270742358076,0.4675395526459356,0.3400655021834061,0.33515881708652795,0.5429208472686734,0.36891078270388616,0.5415754923413567,0.8780864197530864,0.226797385620915,0.4509803921568627,0.556673373574782,0.5787746170678336
YELP,50,2515.56396,0.8278734036646308,0.7102241662110442,0.36450167973124303,0.8872468527640941,0.61735807860262,0.5002727768685216,0.6031659388646288,0.4764512595837897,0.9838350055741361,0.6048166392993979,0.8200218818380745,0.7893518518518519,0.17450980392156867,0.14575163398692814,NA,0.9584245076586433
ENPH,45,9639.88445,0.5630205441421433,0.29688354291962826,0.7256438969764838,0.6995073891625616,0.32259825327510916,0.21167484997272232,0.6610262008733624,0.447973713033954,0.596989966555184,0.9293924466338259,0.8971553610503282,0.3425925925925926,0.1143790849673203,0.11241830065359482,0.9463447350771295,0.7445295404814005
MTSI,45,9616.168724,0.23764575235980012,0.7495899398578458,0.7698768197088466,0.32348111658456485,0.08679039301310043,0.20349154391707583,0.2920305676855895,0.2004381161007667,0.7681159420289855,0.4975369458128079,0.661925601750547,0.41512345679012347,0.039215686274509776,0.04575163398692805,0.7250167672702884,0.5333698030634573
MRC,20,1190.8447099999998,0.9350360910605219,0.7282668124658283,0.6433370660694289,0.9321291735084839,0.9579694323144105,0.3000545553737043,0.9192139737991266,0.891566265060241,0.1867335562987737,0.8122605363984674,0.6690371991247265,NA,0.5954248366013072,0.7875816993464052,0.5767940979208585,0.4234135667396062
PSX,10,55332.26622,0.9416990560799556,0.7517769272826681,0.8913773796192609,0.8056923918992884,0.9530567685589519,0.8188761593016912,0.9541484716157205,0.8740416210295728,0.05964325529542921,0.789272030651341,0.7986870897155361,0.19444444444444445,0.6928104575163399,0.7418300653594772,0.7136150234741784,0.1323851203501094
META,50,1252018.1961200102,0.5957801221543587,0.1170038272279934,0.3012318029115342,0.5057471264367817,0.14301310043668122,0.24604473540643754,0.519650655021834,0.40963855421686746,0.9749163879598662,0.8303229337712096,0.9573304157549234,0.8587962962962963,0.27450980392156865,0.16993464052287577,0.960429242119383,0.925054704595186
SUPN,35,2019.3588300000001,0.6163242642976124,0.9868780754510662,0.845464725643897,0.6590038314176245,0.3990174672489083,0.6672122204037098,0.25327510917030566,0.4304490690032859,0.9637681159420289,0.26053639846743293,0.25164113785557984,0.42052469135802467,0.5019607843137255,0.3555555555555555,0.5539906103286385,0.7056892778993435
NOW,45,216184.62764,0.4053303720155469,0.08255877528704214,0.18589025755879063,0.30487137383689106,0.05731441048034935,0.09765411893071467,0.2827510917030568,0.16484118291347208,0.9492753623188406,0.8232074438970991,0.8528446389496718,0.6141975308641975,0.7928104575163398,0.43594771241830066,0.9188464118041583,0.8419037199124726
NGVC,30,1072.4577,0.7629094947251527,0.6604702022963368,0.5543113101903696,0.4187192118226601,0.8187772925764192,0.33987997817785054,0.40502183406113534,0.33406352683461116,0.30992196209587514,0.6190476190476191,0.5191466083150985,0.8641975308641975,0.8352941176470589,0.8444444444444444,0.6908115358819584,0.6438730853391685
PANW,45,127243.74528100001,0.49028317601332594,0.060688901038819076,0.28611422172452405,0.4061302681992337,0.07860262008733625,0.11238406983087834,0.39192139737991266,0.1741511500547645,0.8979933110367893,0.9594964422550629,0.9152078774617067,0.5787037037037037,0.8725490196078431,0.6163398692810458,0.9698189134808853,0.4551422319474836
FIVE,25,5099.427,0.6840644086618545,0.17933296883542915,0.3006718924972005,0.4767378215654078,0.7079694323144105,0.5308237861429351,0.7592794759825328,0.6248630887185104,0.41861761426978816,0.7438423645320197,0.7685995623632386,0.8796296296296297,0.5091503267973856,0.44313725490196076,NA,0.587527352297593
GMED,35,9737.02457,0.20433092726263188,0.011481683980317126,0.05207166853303469,0.33825944170771755,0.2096069868995633,0.624113475177305,0.3138646288209607,0.3378970427163198,0.866778149386845,0.3185550082101806,0.5164113785557987,0.7422839506172839,0.1006535947712418,0.24444444444444446,0.9054325955734407,0.4113785557986871
BLMN,25,1182.7114199999999,0.9933370349805664,0.5544013121924549,0.5212765957446808,0.9594964422550629,0.9759825327510917,0.5510092744135298,0.986353711790393,0.920591456736035,0.13768115942028986,0.9573070607553367,0.7357768052516411,0.6018518518518519,0.9947712418300654,0.8522875816993464,0.5949027498323273,0.7598468271334792
NBHC,40,1814.78836,0.5596890616324264,0.5166757791142701,0.043673012318029114,0.7624521072796935,0.40502183406113534,0.8085106382978723,0.8662663755458515,0.8023001095290252,0.8717948717948718,0.5665024630541872,0.37910284463894967,0.23996913580246915,NA,NA,NA,0.1570021881838074
QLYS,45,5620.2243659,0.5224875069405885,0.18644067796610164,0.34042553191489366,0.5670498084291188,0.12882096069868995,0.14893617021276595,0.4732532751091703,0.291894852135816,0.9570791527313266,0.9217296113847838,0.9682713347921226,0.6388888888888888,0.569281045751634,0.2967320261437908,NA,0.8730853391684902
BERY,15,8330.112,0.9144919489172681,0.7818480043739748,0.8852183650615901,0.8877941981390257,0.8891921397379913,0.6530278232405892,0.8373362445414847,0.8105147864184009,0.20735785953177258,0.7197591680350302,0.5311816192560175,0.4984567901234568,0.5143790849673202,0.542483660130719,0.4936284372904091,0.6269146608315099
OLN,15,4965.8236400000005,0.9722376457523598,0.846364133406233,0.9557670772676372,0.9386973180076629,0.8728165938864629,0.7266775777414075,0.9099344978165939,0.9063526834611172,0.22240802675585283,0.7268746579091406,0.6608315098468271,0.1550925925925926,0.6738562091503268,0.8549019607843137,0.47283702213279677,0.662472647702407
SSTK,50,1104.3964799999999,0.9727928928373126,0.1689447785675232,0.524636058230683,0.8199233716475096,0.7379912663755459,0.6797599563557011,0.9252183406113537,0.9386637458926615,0.8093645484949833,0.7755883962780514,0.8583150984682714,0.33564814814814814,0.9457516339869281,0.7254901960784313,0.95439302481556,0.39496717724288843
WDAY,45,53247.87213,0.2892837312604109,0.12957900492072172,0.2771556550951848,0.5139573070607554,0.17740174672489084,0.3049645390070922,0.4579694323144105,0.1746987951807229,0.915273132664437,0.7405582922824302,0.7981400437636762,0.7098765432098766,0.4254901960784314,0.21372549019607845,0.2602280348759222,0.5568927789934355
FANG,10,51854.32651,0.8928373126041088,0.2728266812465828,0.8863381858902576,0.3968253968253968,0.212882096069869,0.5717403164211675,0.7680131004366813,0.7716319824753559,0.89520624303233,0.7339901477832512,0.8550328227571116,0.1527777777777778,0.9111111111111111,0.6738562091503268,0.7820254862508383,0.812363238512035
RH,25,7118.542804830001,0.42087729039422545,0.9792236194641881,0.9098544232922733,0.19759168035030103,0.540938864628821,0.03982542280414621,0.36681222707423583,0.3723986856516977,0.6064659977703456,0.9392446633825944,0.4660831509846827,0.05092592592592592,0.6888888888888889,0.8176470588235294,0.25553319919517103,0.263129102844639
PCG,55,46235.09835,0.4641865630205441,0.42263531984691083,0.35106382978723405,0.047619047619047616,0.6157205240174672,0.7474086197490453,0.6905021834061136,0.6303395399780942,0.39464882943143814,0.47126436781609193,0.4059080962800875,NA,0.8947712418300654,0.9274509803921569,0.25888665325285043,0.2959518599562363
NEO,35,2275.8405300000004,0.09494725152692948,0.8179332968835429,0.2922732362821948,0.18609742747673783,0.34279475982532753,0.6312056737588653,0.1326419213973799,0.12431544359255203,0.5797101449275363,0.18555008210180624,0.15317286652078774,NA,0.06928104575163396,0.07843137254901966,0.06237424547283702,0.549781181619256
ABBV,35,323262.90252859995,0.8489727928928373,0.8053581191908147,0.8079507278835386,0.7427476737821566,0.2205240174672489,0.10201854882705946,0.337882096069869,0.5454545454545454,0.9559643255295429,0.8850574712643678,0.524070021881838,0.39197530864197533,0.8771241830065359,0.6143790849673203,0.6619718309859155,0.8911378555798687
PBF,10,3625.22327,0.9439200444197668,0.4117003827227993,0.9266517357222844,0.9671592775041051,0.9972707423580786,0.9918166939443536,0.9989082969432315,0.9967141292442497,0.050724637681159424,0.8960043787629994,0.9195842450765864,0.09104938271604938,0.5588235294117647,0.561437908496732,0.7800134138162307,0.032275711159737375
BFAM,25,6727.70029,0.32648528595224874,0.5790049207217058,0.23628219484882418,0.40777230432402845,0.4661572052401747,0.3567921440261866,0.30131004366812225,0.2469879518072289,0.2157190635451505,0.36836343732895455,0.4152078774617068,0.6882716049382716,0.9673202614379085,0.8241830065359477,0.3487592219986586,0.5246170678336981
VTOL,10,1094.1621599999999,0.1787895613548029,0.3854565336249317,0.08678611422172455,0.11220580186097427,0.8389737991266376,0.8745226404800873,0.2183406113537118,0.6522453450164294,0.24470457079152733,0.24575807334428024,0.2314004376367615,NA,0.46601307189542485,0.4627450980392157,0.25419181757209924,0.2992341356673961
TPH,25,4073.9727000000003,0.6629650194336479,0.5095680699835976,0.9014557670772676,0.5659551176792557,0.7762008733624454,0.851063829787234,0.8881004366812227,0.7190580503833516,0.21516164994425863,0.5506294471811713,0.7286652078774617,0.15200617283950618,NA,NA,0.38095238095238093,0.05415754923413563
BCC,20,5668.57838405,0.8384230982787341,0.391470749043193,0.9277715565509519,0.8051450465243569,0.8427947598253275,0.6099290780141844,0.8902838427947598,0.8866374589266156,0.17837235228539577,0.7772304324028462,0.9070021881838074,0.18209876543209877,0.18300653594771243,0.20915032679738566,0.8792756539235412,0.6340262582056893
ZTS,35,79066.66625,0.4486396446418656,0.8512848551120831,0.5117581187010078,0.36891078270388616,0.14519650655021835,0.14675395526459356,0.5021834061135371,0.3362541073384447,0.8662207357859532,0.933223864258347,0.9283369803063457,0.6049382716049383,0.19542483660130716,0.3013071895424837,0.772635814889336,0.1389496717724289
HROW,35,1492.4570099999999,0.06052193225985564,0.016402405686167354,0.06942889137737962,0.23754789272030652,0.11353711790393013,0.11893071467539552,0.18286026200873362,0.171960569550931,0.9057971014492754,0.07772304324028462,0.11050328227571116,NA,0.2529411764705882,0.19999999999999996,0.15627095908786048,0.8676148796498906
APAM,40,3418.6665099999996,0.7429205996668518,0.21159103335155827,0.7290033594624861,0.7602627257799671,0.37882096069869,0.19585379159847244,0.790938864628821,0.6642935377875137,0.3595317725752508,0.9611384783798577,0.937089715536105,0.33719135802469136,NA,NA,0.9235412474849095,0.32330415754923414
EVTC,40,2290.104,0.4491948917268184,0.021869874248223065,0.3583426651735723,0.8226600985221675,0.40229257641921395,0.49972722313147844,0.5551310043668122,0.5980284775465499,0.6259754738015607,0.6360153256704981,0.612691466083151,0.48225308641975306,0.4457516339869281,0.30522875816993467,0.45942320590207913,0.7795404814004376
PEP,30,224251.60205,0.7962243198223209,0.31765992345544014,0.5190369540873461,0.5084838533114395,0.5207423580786026,0.2073104200763775,0.6146288209606987,0.49342825848849947,0.689520624303233,0.9354132457580734,0.8052516411378556,0.6944444444444444,0.8862745098039215,0.634640522875817,0.7297116029510395,0.5114879649890591
PRKS,25,3225.43456,0.583564686285397,0.2279934390377255,0.6881298992161254,0.7066228790366721,0.6200873362445415,0.05346426623022368,0.8351528384279476,0.8132530120481928,0.5986622073578596,0.046524356869184456,0.8079868708971554,0.19830246913580246,0.8503267973856209,0.45882352941176474,0.3890006706908115,0.8440919037199125
TMHC,25,7643.91986,0.9056079955580233,0.5882996172772006,0.8533034714445689,0.8593322386425835,0.7958515283842795,0.8270594653573377,0.9284934497816594,0.8225629791894852,0.22798216276477146,0.645320197044335,0.7899343544857768,0.27546296296296297,NA,NA,0.7048960429242119,0.17888402625820565
IBTX,40,2772.89712,0.31482509716823986,0.5002733734281029,0.14109742441209405,0.6398467432950191,0.4317685589519651,0.9034369885433715,0.34170305676855894,0.7289156626506024,0.6610925306577481,0.28078817733990147,0.25711159737417943,0.4074074074074074,NA,NA,NA,0.20131291028446385
MDXG,35,1359.2505,0.2498611882287618,0.05740841990158552,0.23460246360582304,0.3486590038314176,0.32096069868995636,0.2160392798690671,0.6986899563318777,0.2656078860898138,0.9487179487179487,0.9737274220032841,0.9961706783369803,NA,0.1725490196078432,0.18888888888888888,0.5647216633132126,0.006564551422319487
MO,30,97858.50262,0.7984453081621321,0.4953526517222526,0.706047032474804,0.8357963875205254,0.2778384279475983,0.055100927441352976,0.884825327510917,0.7256297918948521,0.826644370122631,0.016420361247947456,0.9726477024070022,0.5455246913580247,0.9810457516339869,0.6254901960784314,0.7424547283702213,0.38730853391684905
VOYA,40,7986.094,0.5435868961687951,0.40349917987971573,0.19036954087346025,0.9720853858784894,0.7767467248908297,0.646481178396072,0.8657205240174672,0.8291347207009858,0.10702341137123746,0.6250684181718664,0.26695842450765866,0.5987654320987654,NA,NA,0.4211938296445339,0.20240700218818386
PFSI,40,5491.26954,0.19766796224319821,0.24330235101148168,0.8829787234042553,0.014778325123152709,0.47925764192139736,0.8930714675395527,0.4645196506550218,0.6089813800657174,0.617056856187291,0.3169129720853859,0.3025164113785558,0.05324074074074074,NA,NA,0.25217974513749164,0.018052516411378505
IQV,35,36452.46,0.5813436979455858,0.44778567523236745,0.574468085106383,0.5615763546798029,0.5240174672489083,0.3404255319148936,0.5802401746724891,0.5021905805038335,0.4013377926421405,0.7794198139025725,0.62472647702407,0.4158950617283951,0.8816993464052287,0.7143790849673203,0.39906103286384975,0.38402625820568925
CUBI,40,1769.65105,0.45141588006662964,0.6057955166757791,0.045912653975363926,0.6113847837985769,0.7489082969432315,0.8668848881614839,0.9656113537117904,5.47645125958379e-4,0.5824972129319955,0.7044334975369458,0.3490153172866521,NA,NA,NA,NA,0.10120350109409193
COP,10,140144.50708,0.9422543031649084,0.5959540732640787,0.9591265397536394,0.7093596059113301,0.5120087336244541,0.6213857064920895,0.8646288209606987,0.9025191675794085,0.5317725752508361,0.7739463601532567,0.8594091903719913,0.16589506172839505,0.6130718954248366,0.4366013071895425,0.829644533869886,0.7964989059080962
PVH,25,6048.563180000001,0.994447529150472,0.868234007654456,0.6276595744680851,0.9053092501368364,0.8897379912663755,0.9132569558101473,0.9399563318777293,0.8488499452354874,0.6950947603121517,0.5922276956759716,0.6564551422319475,NA,0.7352941176470589,0.6941176470588235,0.698859825620389,0.35612691466083146
CDW,45,23445.13418736,0.8828428650749583,0.6500820120284309,0.8572228443449048,0.7060755336617406,0.7756550218340611,0.19530823786142934,0.6784934497816594,0.5487404162102957,0.21348940914158304,0.9501915708812261,0.7675054704595186,0.5925925925925926,0.7045751633986927,0.8581699346405229,0.6599597585513078,0.438183807439825
GOGO,50,1010.0053699999999,0.3747917823431427,0.5642427556041553,0.7211646136618142,0.7071702244116037,0.5049126637554585,0.10747408619749045,0.9688864628820961,0.6779846659364732,0.7859531772575251,0.007662835249042145,0.9589715536105032,0.49614197530864196,0.12941176470588234,0.17450980392156867,0.4279007377598927,0.01969365426695846
NWSA,50,11120.920450000001,0.7823431426985008,0.7561509021323127,0.6310190369540873,0.6540777230432403,0.7745633187772926,0.8527004909983633,0.4317685589519651,0.7990142387732749,0.6092530657748049,0.30158730158730157,0.38785557986870894,0.46141975308641975,0.6137254901960785,0.4437908496732026,0.7236753856472167,0.5432166301969366
PTCT,35,3376.65376,0.1254858411993337,0.2607982504100601,0.11590145576707722,0.09523809523809523,0.36681222707423583,0.013638843426077468,0.024563318777292575,0.1144578313253012,0.9933110367892977,0.9731800766283525,0.038840262582056896,NA,0.4111111111111111,0.22352941176470587,0.12139503688799463,0.9786652078774617
COTY,30,6428.54622,0.7573570238756246,0.8583925642427557,0.40761478163493836,0.6770662287903667,0.7882096069868996,0.7108565193671577,0.32096069868995636,0.721248630887185,0.8032329988851727,0.2868089764641489,0.2926695842450766,0.39737654320987653,0.9169934640522875,0.8392156862745098,0.32126089872568747,0.48577680525164113
AMGN,35,152051.95971,0.416435313714603,0.0459267359212685,0.4916013437849944,0.6179529282977558,0.24399563318777293,0.1309328968903437,0.6479257641921398,0.5197152245345017,0.9615384615384616,0.9781061850027367,0.7658643326039387,0.3402777777777778,0.5241830065359477,0.4620915032679739,0.4272300469483568,0.311816192560175
AGIO,35,3386.53658,0.027207107162687396,0.9852378348824494,0.024636058230683044,0.060207991242474,0.03711790393013101,0.42716857610474634,0.060589519650655024,0.023001095290251915,0.011148272017837236,0.09797482211275314,0.045951859956236324,NA,0.025490196078431393,0.024836601307189565,NA,0.5601750547045952
MUSA,25,11092.40199751,0.8534147695724598,0.4516129032258065,0.8505039193729004,0.5544608648056923,0.9066593886462883,0.2149481723949809,0.7030567685589519,0.6150054764512596,0.08472686733556299,0.9605911330049262,0.8894967177242888,0.24537037037037038,0.8516339869281045,0.8143790849673203,0.6740442655935613,0.5765864332603938
FOXF,25,1353.8638399999998,0.7840088839533592,0.05959540732640789,0.841545352743561,0.8489326765188834,0.8225982532751092,0.9127114020731042,0.9006550218340611,0.7962760131434831,0.38405797101449274,0.5013683634373289,0.687089715536105,0.4012345679012346,0.16535947712418297,0.5718954248366013,0.7243460764587525,0.37964989059080967
SFM,30,15446.60968,0.5097168239866741,0.33515582285401857,0.4972004479283315,0.33059660645867545,0.5573144104803494,0.1702127659574468,0.3548034934497817,0.2497261774370208,0.43534002229654406,0.7936507936507936,0.7603938730853391,0.43441358024691357,0.7725490196078432,0.5934640522875817,0.8953722334004024,0.6580962800875274
RNG,45,3029.4407800000004,0.6529705719044975,0.8884636413340623,0.39473684210526316,0.8724685276409414,0.7188864628820961,0.01309328968903437,0.1064410480349345,0.19660460021905804,0.9236343366778149,0.8762999452654625,0.1274617067833698,0.9120370370370371,0.6535947712418301,0.6098039215686275,0.10328638497652583,0.9830415754923414
SAIC,20,6152.86,0.8578567462520822,0.8469108802624385,0.7592385218365062,0.6929392446633826,0.8438864628820961,0.49754500818330605,0.8618995633187773,0.6100766703176341,0.09921962095875139,0.8253968253968254,0.7806345733041575,0.283179012345679,0.842483660130719,0.8856209150326797,0.4909456740442656,0.08424507658643321
AAOI,45,1858.1151599999998,0.1504719600222099,0.8605795516675779,0.7390817469204927,0.19813902572523262,0.1539301310043668,0.23786142935079105,0.1457423580786026,0.14950711938663747,0.45875139353400224,0.11767925561029009,0.09135667396061269,NA,0.4549019607843138,0.46339869281045754,0.12407780013413816,0.8692560175054704
NVEE,20,1415.90144,0.35202665186007775,0.10825587752870425,0.4272116461366181,0.4723590585659551,0.6643013100436681,0.729405346426623,0.5251091703056768,0.5531215772179627,0.6164994425863991,0.36070060207991245,0.5716630196936543,0.21141975308641975,0.3993464052287582,0.6673202614379086,0.49161636485580146,0.26750547045951856
PINC,35,2200.8961,0.9561354802887285,0.6615636960087479,0.6623740201567749,0.8516694033935414,0.6653930131004366,0.9105291871249318,0.7341703056768559,0.8932092004381161,0.8444816053511706,0.3497536945812808,0.5213347921225383,0.2183641975308642,0.8281045751633986,0.7758169934640523,0.8356807511737089,0.5661925601750547
AR,10,10171.95116,0.7351471404775125,0.8272279934390377,0.9725643896976484,0.18664477285166942,0.5715065502183406,0.8647026732133115,0.43013100436681223,0.6500547645125958,0.3534002229654404,0.3070607553366174,0.4009846827133479,0.06481481481481481,0.996078431372549,1,0.482897384305835,0.5804157549234136
BURL,25,17894.02428,0.5757912270960578,0.4193548387096774,0.3701007838745801,0.37438423645320196,0.6299126637554585,0.15275504637206766,0.3799126637554585,0.3094194961664841,0.512263099219621,0.8976464148877942,0.5853391684901532,0.871141975308642,0.7503267973856209,0.5326797385620915,0.6331321260898726,0.688183807439825
MMI,60,1615.4666399999999,0.096612992781787893,0.9436850738108256,0.9837625979843225,0.10125889436234264,0.5109170305676856,0.6072013093289689,0.16430131004366813,0.0859802847754655,0.43701226309921964,0.210727969348659,0.16903719912472648,0,0.1633986928104575,0.10588235294117643,0.023474178403755867,0.043216630196936556
OMF,40,6844.8372,0.8456413103831205,0.3542919628212138,0.5716685330347144,0.9917898193760263,0.7352620087336245,0.6644844517184942,0.9126637554585153,0.6511500547645126,0.48494983277591974,0.7476737821565408,0.4688183807439825,0.4976851851851852,NA,NA,0.27565392354124746,0.7467177242888403
VEEV,35,36896.66351934,0.17656857301499168,0.12301804264625482,0.4221724524076148,NA,0.08024017467248909,0.2558647026732133,0.32641921397379914,0.19167579408543264,0.846711259754738,0.5747126436781609,0.8216630196936543,NA,0.13398692810457513,0.10392156862745094,NA,0.6974835886214442
VCYT,35,3328.2384500000003,0.1116046640755136,0.8299617277200656,0.20884658454647254,0.2862616310892173,0.14465065502183405,0.51936715766503,0.162117903930131,0.1588170865279299,0.8138238573021181,0.19649698960043788,0.13949671772428884,NA,0.11111111111111116,0.09934640522875815,0.006036217303822937,0.8287746170678337
LGIH,25,2574.4383700000003,0.3875624652970572,0.31656642974302895,0.6215005599104143,0.1631089217296114,0.7778384279475983,0.8417894162575014,0.8608078602620087,0.46714129244249725,0.21237458193979933,0.5358511220580187,0.6761487964989059,NA,NA,NA,0.36217303822937624,0.022975929978118148
NMIH,40,3164.4886800000004,0.8845086063298168,0.17222525970475666,0.39753639417693165,0.8691844553913519,0.24072052401746724,0.8303327877795963,0.9306768558951966,0.8718510405257394,0.9102564102564102,0.7077175697865353,0.8643326039387309,0.5277777777777778,NA,NA,0.8041582830315225,0.21115973741794314
TNDM,35,2011.68651,0.11327040533037201,0.9250956806998359,0.812989921612542,0.14504652435686918,0.4808951965065502,0.314784506273868,0.056222707423580785,0.05640744797371303,0.6215161649944259,0.059113300492610835,0.06892778993435449,0.010802469135802469,0.15359477124183007,0.15490196078431373,0.06304493628437291,0.949671772428884
ARMK,25,10740.044119999999,0.4269850083287063,0.24439584472389286,0.30403135498320266,0.44389709906951286,0.9072052401746725,0.6115657392253137,0.7767467248908297,0.5755750273822563,0.06243032329988852,0.7372742200328407,0.5700218818380745,0.44907407407407407,0.8071895424836601,0.5673202614379085,0.2682763246143528,0.19256017505470457
HLT,25,61783.603200000005,0.29483620210993894,0.7342810278840897,0.28107502799552075,0.4488232074438971,0.2177947598253275,0.0425531914893617,0.3722707423580786,0.2782037239868565,0.3071348940914158,0.05363984674329502,0.737417943107221,0.5231481481481481,0.9281045751633987,0.7071895424836601,0.5150905432595574,0.5650984682713348
XNCR,35,1791.0528,0.03220433092726263,0.2088572990705303,0.5128779395296752,0.09797482211275314,0.12609170305676856,0.574468085106383,0.08351528384279476,0.0443592552026287,0.022853957636566332,0.14285714285714285,0.0886214442013129,NA,0.04575163398692805,0.03725490196078429,0.05298457411133468,0.6351203501094091
OGS,55,4417.39035,0.8806218767351471,0.7091306724986332,0.8314669652855543,0.7049808429118773,0.6222707423580786,0.8761593016912166,0.7167030567685589,0.664841182913472,0.2898550724637681,0.4422550629447181,0.48358862144420134,0.11342592592592593,0.9764705882352941,0.9601307189542484,0.40375586854460094,0.7833698030634573
ESI,15,6945.23484,0.40199888950583007,0.6364133406232915,0.8398656215005599,0.5588396278051451,0.43722707423580787,0.5553737043098745,0.3537117903930131,0.42278203723986857,0.5674470457079153,0.33880678708264916,0.4431072210065646,0.5486111111111112,0.20653594771241834,0.38888888888888884,0.5841716968477532,0.5054704595185995
ITCI,35,9078.814350000002,0.05885619100499723,0.825587752870421,0.026875699888017968,0.18555008210180624,0.06768558951965066,0.14729950900163666,0.18668122270742357,0.10952902519167579,0.9894091415830546,0.13026819923371646,0.07986870897155361,NA,0.08692810457516342,0.08366013071895428,NA,0.30306345733041573
MBUU,25,854.64525,0.5846751804553026,0.9737561509021323,0.9792833146696529,0.1592775041050903,0.7947598253275109,0.7866884888161484,0.09443231441048035,0.6670317634173056,0.17892976588628762,0.18171866447728516,0.13840262582056892,0.05864197530864197,0.6026143790849674,0.7562091503267974,0.8752515090543259,0.8966083150984683
RARE,35,4396.439520000001,0.038312048861743477,0.8266812465828322,0.2458006718924972,0.04324028461959496,0.1299126637554585,0.15657392253136934,0.04203056768558952,0.030668127053669222,0.021181716833890748,0.0180623973727422,0.02899343544857768,NA,0.28431372549019607,0.16928104575163394,0.09054325955734406,0.7658643326039387
TVTX,35,1468.1205,0.07606885063853415,0.17113176599234559,0.9658454647256439,0.022441160372194856,0.1304585152838428,0.27714129841789414,0.013646288209606987,0.0104052573932092,0.9871794871794872,0.012588943623426382,0.015317286652078774,NA,0.18169934640522878,0.11176470588235299,0.039570757880617036,0.8927789934354485
VRNS,45,5619.05116,0.15880066629650194,0.42974302897758343,0.5358342665173572,0.2796934865900383,0.11572052401746726,0.1854882705946536,0.17740174672489084,0.10624315443592552,0.9721293199554069,0.13738368910782703,0.11542669584245077,0.9984567901234568,0.3032679738562092,0.19346405228758168,0.051643192488262914,0.9179431072210066
IBP,25,6437.20136142,0.5252637423653526,0.2564242755604156,0.5727883538633818,0.5812807881773399,0.5469432314410481,0.2214948172394981,0.587882096069869,0.5219058050383352,0.40746934225195097,0.9107827038861521,0.8867614879649891,0.5902777777777778,0.2222222222222222,0.2895424836601307,0.7411133467471496,0.5574398249452954
KN,45,1713.82274,0.5980011104941699,0.117550574084199,0.8247480403135499,0.7044334975369458,0.5262008733624454,0.762138570649209,0.62882096069869,0.4123767798466594,0.5250836120401338,0.3820470717022441,0.6362144420131292,0.8233024691358025,0.2849673202614379,0.4934640522875817,0.6384976525821596,0.44365426695842447
ATEN,45,1258.27295,0.3714602998334259,0.4373974849644614,0.8600223964165734,0.42419266557197594,0.2631004366812227,0.32842334969994547,0.5283842794759825,0.3696604600219058,0.9442586399108138,0.7465790914066777,0.8369803063457331,0.22376543209876543,0.31633986928104574,0.23071895424836597,NA,0.24070021881838077
OUT,60,3188.59106,0.5058300943920044,0.8950246036085292,0.6108622620380739,0.6442255062944718,0.6457423580786026,0.3076923076923077,0.04312227074235808,0.44633077765607887,0.5696767001114827,0.0810071154898741,0.1351203501094092,0.4645061728395062,0.9366013071895425,0.9163398692810457,0.26492287055667335,0.8643326039387309
QTWO,45,6326.400739999999,0.16213214880621876,0.9360306178239475,0.4008958566629339,0.2835249042145594,0.12936681222707425,0.15821058374249863,0.20032751091703058,0.14731653888280394,0.68561872909699,0.15818281335522716,0.15426695842450766,0.8734567901234568,0.36535947712418304,0.19477124183006533,0.05700871898054997,0.8320568927789934
TNET,20,4631.88568,0.8445308162132149,0.3717878622197922,0.6634938409854423,0.8615216201423098,0.8182314410480349,0.07855973813420622,0.8760917030567685,0.8603504928806134,0.20345596432552954,0.9682539682539683,0.8364332603938731,0.4050925925925926,0.8,0.43790849673202614,NA,0.5289934354485777
APOG,20,1847.8200299999999,0.9855635757912271,0.8223072717331875,0.7234042553191489,0.8210180623973727,0.7330786026200873,0.45171849427168576,0.7319868995633187,0.7070098576122672,0.31438127090301005,0.7821565407772304,0.8473741794310722,0.8973765432098766,0.5986928104575163,0.7934640522875818,0.8484238765928906,0.8577680525164114
CVX,10,291002.92765908997,0.94058856191005,0.6331328594860579,0.9165733482642777,0.7416529830322933,0.6975982532751092,0.7725040916530278,0.8395196506550219,0.8784227820372399,0.24136008918617613,0.6004378762999453,0.763129102844639,0.19058641975308643,0.6816993464052288,0.6869281045751634,0.9349429912810194,0.5864332603938731
BLBD,20,1311.6942,0.49361465852304276,0.20776380535811922,0.08398656215005595,0.812807881773399,0.7641921397379913,0.09219858156028368,0.36899563318777295,0.4036144578313253,0.10033444816053512,0.9759168035030104,0.6723194748358862,NA,0.8150326797385621,0.611764705882353,0.37759892689470154,0.9748358862144421
PCTY,20,11569.731822529999,0.5158245419211549,0.19956260251503555,0.27883538633818594,0.4701696770662288,0.14847161572052403,0.19367157665030005,0.3662663755458515,0.20755750273822562,0.835005574136009,0.7651888341543513,0.6241794310722101,0.691358024691358,0.757516339869281,0.8313725490196078,0.9792085848423877,0.5087527352297593
ALLY,40,12182.5057,0.560799555802332,0.5866593767085839,0.12989921612541988,0.9474548440065681,0.8602620087336245,0.855973813420622,0.8870087336244541,0.8817086527929902,0.20457079152731328,0.4668856048166393,0.27461706783369805,0.2708333333333333,NA,NA,0.32528504359490273,0.28063457330415753
MC,40,5433.787260000001,0.249305941143809,0.8102788408966648,0.8908174692049272,0.4181718664477285,0.20360262008733623,0.14511729405346427,0.22652838427947597,0.12979189485213583,0.03121516164994426,0.20306513409961685,0.1963894967177243,0.9583333333333334,NA,NA,NA,0.9228665207877462
PAYC,20,13372.971039999999,0.6313159355913381,0.36249316566429746,0.19372900335946253,0.38368910782703886,0.1648471615720524,0.2225859247135843,0.4519650655021834,0.3373493975903614,0.9643255295429208,0.8248494800218938,0.7713347921225383,0.6219135802469136,0.7712418300653595,0.8477124183006536,0.9637826961770624,0.42450765864332607
MGNI,50,2362.1851,0.4031093836757357,0.7397484964461454,0.48096304591265393,0.7925561029009305,0.3460698689956332,0.49918166939443537,0.0927947598253275,0.2836801752464403,0.8004459308807135,0.13464696223316913,0.14387308533916848,0.5725308641975309,0.7797385620915033,0.7111111111111111,0.11066398390342053,0.9053610503282276
AAPL,45,3587438.27259,0.6557468073292615,0.533624931656643,0.6321388577827547,0.4603174603174603,0.1457423580786026,0.07528641571194762,0.46179039301310043,0.2897042716319825,0.5914158305462653,0.9797482211275315,0.987417943107221,0.5216049382716049,0.8790849673202614,0.5947712418300654,NA,0.6810722100656454
FIVN,45,3104.58624,0.11382565241532482,0.1443411700382723,0.27491601343785,0.4428024083196497,0.38700873362445415,0.34097108565193673,0.15229257641921398,0.12048192771084337,0.6861761426978819,0.1412151067323481,0.14332603938730853,0.8873456790123457,0.08366013071895428,0.07581699346405224,0.06908115358819585,0.9239606126914661
NAVI,40,1672.7155400000001,0.9111604664075513,0.9502460360852925,0.13437849944008962,0.993431855500821,0.9596069868995634,0.9879978177850518,0.9606986899563319,NA,0.939799331103679,0.4088669950738916,0.2636761487964989,0.8510802469135802,NA,NA,0.2152917505030181,0.20459518599562365
ARES,40,35061.4647,0.07884508606329817,0.23674138873701478,0.2569988801791714,0.1986863711001642,0.13646288209606988,0.1265684669939989,0.31768558951965065,0.21796276013143484,0.3294314381270903,0.8221127531472359,0.4217724288840263,NA,NA,NA,0.20321931589537223,0.054704595185995575
DNOW,20,1592.9823000000001,0.7745696835091616,0.18808091853471842,0.4473684210526315,0.8735632183908046,0.8837336244541485,0.8079650845608293,0.9737991266375546,0.8411829134720701,0.22630992196209587,0.8106185002736727,0.9436542669584245,NA,0.29281045751633983,0.41437908496732023,NA,0.04266958424507661
FMBH,40,1004.54312,0.5213770127706829,0.235101148168398,0.1220604703247481,0.7443897099069513,0.49672489082969434,0.872885979268958,0.8144104803493449,0.7064622124863089,0.8311036789297659,0.4794745484400657,0.3227571115973742,0.5470679012345679,NA,NA,NA,0.13621444201312916
SFBS,40,5224.99056,0.20044419766796223,0.27774740295243305,0.08230683090705482,0.5238095238095238,0.21069868995633187,0.4762684124386252,0.605349344978166,0.5695509309967142,0.6114827201783724,0.6382047071702244,0.36706783369803064,0.2770061728395062,NA,NA,NA,0.12527352297592997
AMPH,35,2185.97587,0.6168795113825652,0.015308911973756167,0.1500559910414334,0.7301587301587301,0.38973799126637554,0.49427168576104746,0.777292576419214,0.6900328587075575,0.7079152731326644,0.7931034482758621,0.8714442013129103,0.8526234567901234,0.37712418300653594,0.28366013071895424,0.6559356136820925,0.4682713347921226
ARDX,35,1343.1663,0,0.03991252050300709,0.013997760358342659,0.07662835249042145,0.12117903930131005,0.25259138025095473,0.11353711790393013,0.06626506024096386,0.02508361204013378,0.07717569786535304,0.05908096280087528,NA,0.09999999999999998,0.09542483660130718,0.09322602280348759,0.017505470459518557
AMAT,45,142912.78818,0.691282620766241,0.1968288682340077,0.6075027995520716,0.6496989600437876,0.2445414847161572,0.23458810692853246,0.6850436681222707,0.4529025191675794,0.5942028985507246,0.9261083743842364,0.9814004376367614,0.7646604938271605,0.28627450980392155,0.33986928104575165,0.9175050301810865,0.6553610503282276
VRDN,35,1707.04015,0.02109938922820655,0.23291416074357574,0.9944008958566629,0.046524356869184456,0.026200873362445413,0.07692307692307693,0.039301310043668124,0.01642935377875137,0.002229654403567447,0.03557744937055282,0.01586433260393873,NA,0.012418300653594727,0.011111111111111072,0.014755197853789403,0.8550328227571116
ANET,45,127808.9539494,0.16102165463631316,0.04920721705850195,0.11870100783874582,0.331143951833607,0.06277292576419213,0.1314784506273868,0.3487991266375546,0.20646221248630886,0.7491638795986622,0.8823207443897099,0.9846827133479212,0.9429012345679012,0.12679738562091503,0.14117647058823535,NA,0.09792122538293213
ASPN,15,1214.2956000000001,0.03886729594669628,0.31000546746856206,0.12877939529675253,0.025725232621784347,0.25709606986899564,0.6104746317512275,0.13482532751091703,0.09309967141292443,0.33444816053511706,0.18281335522714834,0.13785557986870897,NA,0.18823529411764706,0.18627450980392157,0.10865191146881288,0.18435448577680524
CCS,25,2831.61132,0.569683509161577,0.29633679606342267,0.925531914893617,0.2260536398467433,0.857532751091703,0.8985270049099836,0.9072052401746725,0.7152245345016429,0.19453734671125975,0.5374931581828134,0.7040481400437637,0.06867283950617284,NA,NA,0.6351441985244802,0.035010940919037226
WMS,20,10489.844664639999,0.6235424764019989,0.2345544013121924,0.8068309070548713,0.6349206349206349,0.3624454148471616,0.23567921440261866,0.6888646288209607,0.5920043811610076,0.5284280936454849,0.9365079365079365,0.9354485776805251,0.44367283950617287,0.23660130718954253,0.2901960784313725,0.6733735747820255,0.6766958424507659
CTLT,35,11092.19832,0.21821210438645197,0.9245489338436303,0.6103023516237402,0.20963327859879585,0.5065502183406113,0.5319148936170213,0.06441048034934498,0.2792990142387733,0.37235228539576365,0.12260536398467432,0.11214442013129103,NA,0.2993464052287582,0.669281045751634,0.1602951039570758,0.8829321663019694
PARR,10,975.2433599999999,0.9528039977790117,0.16621104428649536,0.3572228443449048,0.9961685823754789,0.993995633187773,0.9738134206219312,0.9994541484716157,0.9956188389923329,0.06856187290969899,0.9584017515051998,0.9704595185995624,0.6126543209876543,0.6686274509803922,0.7522875816993464,0.7230046948356808,0.04212253829321666
SYF,40,26288.506879999997,0.773459189339256,0.23838162930563145,0.23908174692049267,0.9901477832512315,0.7412663755458515,0.6715766503000545,0.8897379912663755,0.9233296823658269,0.16722408026755853,0.6945812807881774,0.4206783369803063,0.6381172839506173,NA,NA,0.5184439973172368,0.6066739606126914
TRUP,40,2257.35864,0.07995558023320377,0.1765992345544013,0.1998880179171333,0.22988505747126436,0.5949781659388647,0.27605019094380795,0.17085152838427947,0.1221248630887185,0.08193979933110368,0.1598248494800219,0.1422319474835886,NA,0.5333333333333333,0.3803921568627451,0.11334674714956405,0.7669584245076586
TKR,20,5430.561650000001,0.787340366463076,0.21869874248223076,0.5139977603583427,0.7274220032840722,0.7663755458515283,0.7048554282596836,0.8346069868995634,0.8198247535596933,0.39687848383500557,0.662287903667214,0.6985776805251641,0.6203703703703703,0.4745098039215686,0.6418300653594771,0.6009389671361502,0.33588621444201316
CDNA,35,1316.1783599999999,0.17046085508051081,0.953526517222526,0.8874580067189249,0.16967706622879036,0.28220524017467247,0.37479541734860883,0.03875545851528384,0.04874041621029573,0.7998885172798216,0.06732348111658457,0.03336980306345733,NA,0.14313725490196083,0.12222222222222223,NA,0.9901531728665208
HQY,35,8799.761020000002,0.19044975013881177,0.5855658829961727,0.29395296752519595,0.42966611932129173,0.15229257641921398,0.4266230223677032,0.27565502183406115,0.25629791894852133,0.8060200668896321,0.2961138478379858,0.40426695842450766,0.7608024691358025,0.10653594771241826,0.10261437908496729,0.3286384976525822,0.6258205689277899
FWONK,50,19641.27932,0.138811771238201,0.8955713504647348,0.17581187010078392,0.28078817733990147,0.21670305676855894,0.5324604473540644,0.2914847161572052,0.2667031763417306,0.33612040133779264,0.2939244663382594,0.39879649890590807,0.31558641975308643,0.3764705882352941,0.18758169934640523,0.23541247484909456,0.4688183807439825
MARA,45,8824.606020000001,0.06551915602443087,0.032258064516129004,0.005599104143337086,0.12370005473453749,0.060589519650655024,0.3557010365521004,0.5016375545851528,0.17086527929901424,0.5100334448160535,0.812807881773399,0.9332603938730853,NA,0.0039215686274509665,0.027450980392156876,0.07243460764587525,0.00273522975929974
TR,30,1361.9326,0.6213214880621877,0.40076544559868776,0.3656215005599104,0.6288998357963875,0.6430131004366813,0.7855973813420621,0.8067685589519651,0.7278203723986857,0.4180602006688963,0.5380405035577449,0.7795404814004376,0.6828703703703703,0.16993464052287577,0.1843137254901961,0.9839034205231388,0.15754923413566735
OCUL,35,1549.31795,0.031093836757357024,0.02952433023510115,0.3348264277715566,0.10454296661193213,0.05349344978165939,0.13747954173486088,0.10971615720524018,0.06407447973713033,0.9816053511705686,0.028461959496442254,0.02735229759299781,NA,0.06209150326797386,0.054248366013071925,0.09188464118041582,0.5667396061269147
LMB,20,1121.55077,0.674069961132704,0.5434663750683433,0.5761478163493841,0.6245210727969349,0.5720524017467249,0.220949263502455,0.37390829694323147,0.2864184008762322,0.23522853957636566,0.7235905856595511,0.7188183807439825,0.7530864197530864,0.5875816993464053,0.5666666666666667,0.8101945003353455,0.8719912472647702
CZR,25,8178.3552,0.9428095502498612,0.728813559322034,0.5050391937290033,0.7307060755336617,0.8766375545851528,0.740316421167485,0.9197598253275109,0.7979189485213581,0.6454849498327759,0.7203065134099617,0.4436542669584245,0.9953703703703703,0.9143790849673202,0.5627450980392157,0.21059691482226695,0.3867614879649891
VVX,20,1901.49,0.6302054414214325,0.8611262985237835,0.10134378499440089,0.8160919540229885,0.9328602620087336,0.7124931805782869,0.1937772925764192,0.7223439211391018,0.07469342251950947,0.22933771209633277,0.21827133479212255,0.8317901234567902,0.8058823529411765,0.8790849673202614,0.24681421864520456,0.6739606126914661
CFG,40,21215.34614,0.7606885063853415,0.7796610169491526,0.11366181410974241,0.9211822660098522,0.648471615720524,0.9268957992362248,0.8526200873362445,0.9457831325301205,0.7374581939799331,0.38697318007662834,0.2921225382932166,0.26851851851851855,NA,NA,NA,0.19474835886214437
KEYS,45,29648.08612,0.5991116046640755,0.3745215965008202,0.6612541993281076,0.5599343185550082,0.2423580786026201,0.3180578286961266,0.5616812227074236,0.43866374589266155,0.8082497212931996,0.79584017515052,0.8807439824945296,0.6280864197530864,0.3411764705882353,0.2712418300653595,0.8450704225352113,0.47921225382932164
AVNS,35,880.53612,0.5124930594114381,0.8726079825041007,0.9249720044792833,0.33607006020799124,0.732532751091703,0.977632296781233,0.19814410480349345,0.7343921139101862,0.738015607580825,0.24740010946907498,0.22264770240700218,0.09567901234567901,0.3973856209150327,0.5928104575163399,0.44466800804828976,0.3320568927789934
BOOT,25,4186.1984999999995,0.6501943364797335,0.2361946418808092,0.6679731243001119,0.4395183360700602,0.509825327510917,0.4206219312602291,0.5567685589519651,0.432092004381161,0.47435897435897434,0.6819923371647509,0.7926695842450766,NA,0.34444444444444444,0.7032679738562091,0.96579476861167,0.588074398249453
ENVA,40,2764.99506,0.7895613548028872,0.1306724986331329,0.4087346024636058,0.9939792008757526,0.5600436681222707,0.6868521549372614,0.7800218340611353,0.6692223439211391,0.4593088071348941,0.625615763546798,0.5689277899343544,0.6512345679012346,NA,NA,0.3152246814218645,0.9721006564551422
HUBS,45,37223.484683760005,0.10383120488617435,0.13504647348277743,0.17525195968645013,0.2742200328407225,0.07641921397379912,0.09710856519367157,0.2259825327510917,0.14348302300109528,0.9671125975473801,0.15763546798029557,0.14168490153172866,0.6612654320987654,0.4294117647058824,0.22745098039215683,0.04493628437290409,0.9485776805251641
W,25,4606.75248,0.33037201554691836,0.8059048660470203,0.7278835386338186,0.22714833059660647,0.9497816593886463,0.0032733224222585926,0.03220524017467249,0.07447973713033954,0.38684503901895206,0.8308702791461412,0.07385120350109409,NA,0.8869281045751634,0.45032679738562087,0.07042253521126761,0.9879649890590809
BSIG,40,1163.57524,0.4464186563020544,0.16457080371787858,0.6231802911534154,0.6108374384236454,0.47489082969432317,0.09492635024549918,0.7467248908296943,0.7163198247535597,0.34782608695652173,0.9939792008757526,0.8605032822757112,0.19675925925925927,NA,NA,0.5700871898054997,0.17997811816192555
LBRDK,50,10437.22746,0.28262076624097726,0.5462001093493712,0.6657334826427772,0.1718664477285167,0.1222707423580786,0.9476268412438625,0.7991266375545851,0.21631982475355968,0.8762541806020067,0.40558292282430214,0.5809628008752735,NA,0.32418300653594767,0.3274509803921568,0.16633132126089872,0.041028446389496764
PLAY,25,1513.82,0.8062187673514714,0.7140513942044833,0.36114221724524076,0.3886152162014231,0.8831877729257642,0.41134751773049644,0.8864628820960698,0.803395399780942,0.32441471571906355,0.9009304871373837,0.5109409190371991,0.09027777777777778,0.9967320261437909,0.8830065359477124,0.32796780684104626,0.6471553610503282
VBTX,40,1656.85844,0.5802332037756802,0.6079825041006014,0.0492721164613662,0.8171866447728516,0.5769650655021834,0.9181669394435352,0.7936681222707423,0.9490690032858707,0.6365663322185061,0.38478379857690204,0.31181619256017507,0.2970679012345679,NA,NA,NA,0.1613785557986871
ADMA,35,4753.581689999999,0.07773459189339256,0.8758884636413341,0.03695408734602468,0.23316912972085385,0.07041484716157205,0.0861974904528096,0.2205240174672489,0.16703176341730558,0.4559643255295429,0.1384783798576902,0.1263676148796499,NA,0.09215686274509804,0.31437908496732025,0.2012072434607646,0.8435448577680525
SLNO,35,2272.6970699999997,0.014436424208772903,0.002186987424822262,NA,0.1926655719759168,0,0.15602836879432624,0.1806768558951965,0.11391018619934283,NA,0.08210180623973727,0.03391684901531729,NA,0.016993464052287632,0.015686274509803977,NA,0.9009846827133479
FRPT,30,7428.587850000001,0.04775124930594114,0.08529250956807,0.15341545352743557,0.16529830322933772,0.13482532751091703,0.259683578832515,0.22707423580786026,0.1615553121577218,0.45484949832775917,0.2222222222222222,0.1887308533916849,NA,0.1052287581699346,0.1052287581699346,0.12810194500335345,0.7603938730853392
TFIN,40,2504.51383,0.2637423653525819,0.691088026243849,0.799552071668533,0.27148330596606457,0.24890829694323144,0.5128205128205128,0.35043668122270744,0.48630887185104055,0.9593088071348941,0.33825944170771755,0.2964989059080963,0.11882716049382716,NA,NA,NA,0.1345733041575492
LC,40,1870.3692800000001,0.22043309272626319,0.273920174958994,0.8650615901455767,0.0060207991242474,0.662117903930131,0.8096017457719585,0.40010917030567683,0.9271631982475356,0.0641025641025641,0.2999452654625068,0.2685995623632385,0.008487654320987654,NA,NA,0.7659289067739772,0.01094091903719907
WK,45,5012.75125,0.17379233759022766,0.04702022963367958,0.27043673012318026,0.3147235905856596,0.16320960698689957,0.049099836333878884,0.15502183406113537,0.11938663745892661,0.8885172798216276,0.9901477832512315,0.09956236323851203,0.9783950617283951,0.3947712418300654,0.19934640522875813,0.0818242790073776,0.950218818380744
VNOM,10,5572.08547,0.4336479733481399,0.0656096227446692,0.7771556550951848,0.10618500273672687,0.19323144104803494,0.3524277141298418,0.5660480349344978,0.7973713033953997,0.9910813823857302,0.7909140667761357,0.6575492341356673,0.046296296296296294,0.130718954248366,0.39084967320261443,0.7880617035546613,0.8818380743982495
BOX,45,5025.87052,0.558023320377568,0.5675232367413887,0.5526315789473684,0.7115489874110563,0.27237991266375544,0.016366612111292964,0.45524017467248906,0.21467688937568455,0.9202898550724637,0.11877394636015326,0.837527352297593,0.5077160493827161,0.7013071895424836,0.41699346405228754,0.7994634473507712,0.9261487964989059
SHAK,25,5352.81071,0.11660188784008883,0.3657736468015309,0.22172452407614784,0.21893814997263272,0.26746724890829693,0.176759410801964,0.2663755458515284,0.2009857612267251,0.20903010033444816,0.33607006020799124,0.36159737417943105,NA,0.40588235294117647,0.18823529411764706,0.6566063044936284,0.6991247264770241
VMC,15,38050.73593,0.3081621321488062,0.5986878075451066,0.5061590145576708,0.34099616858237547,0.2691048034934498,0.41025641025641024,0.4415938864628821,0.3833515881708653,0.3734671125975474,0.5927750410509032,0.7045951859956237,0.6111111111111112,0.21764705882352942,0.27450980392156865,0.6317907444668008,0.4710065645514223
RCKT,35,1311.74923,0.028317601332593003,0.5757244395844724,NA,0.027914614121510674,0,0.5842880523731587,0.023471615720524017,0.009857612267250822,NA,0.07662835249042145,0.02188183807439825,NA,0.0490196078431373,0.039215686274509776,0.01609657947686117,0.7800875273522976
IOVA,35,2839.0584,0.017212659633536923,0.1694915254237288,NA,0.03776683087027915,0.026746724890829694,0.3944353518821604,0.03275109170305677,0.017524644030668127,0.0039018952062430325,0.039956212370005476,0.010393873085339168,NA,0.257516339869281,0.14640522875816997,NA,0.850656455142232
SUM,15,8944.35084,0.23153803442531926,0.13285948605795517,0.4507278835386338,0.36836343732895455,0.3859170305676856,0.45553737043098746,0.5305676855895196,0.4178532311062432,0.30434782608695654,0.5977011494252874,0.6728665207877462,0.9845679012345679,0.08954248366013073,0.09607843137254901,0.3796109993293092,0.40207877461706787
SEDG,45,915.61,0.37034980566352027,0.36303991252050305,0.7754759238521837,0.012588943623426382,0.9667030567685589,0.9961811238406983,0.5824235807860262,0.9704271631982475,0.28595317725752506,0.27476737821565406,0.2975929978118162,NA,0.1660130718954248,0.3320261437908497,0.687458081824279,0.037746170678336965
BPMC,35,6115.7928999999995,0.02498611882287618,0.9803171131765992,0.20380739081746924,0.06896551724137931,0.056768558951965066,0.08019639934533551,0.07368995633187773,0.04928806133625411,0.017279821627647716,0.024630541871921183,0.02516411378555799,NA,0.16078431372549018,0.10718954248366008,0.07780013413816231,0.6148796498905909
ETSY,25,6171.31112,0.6612992781787895,0.6156369600874795,0.49048152295632697,0.8746579091406678,0.5611353711790393,0.028914348063284235,0.7008733624454149,0.4895947426067908,0.8606465997770345,0.06513409961685823,0.8599562363238512,0.466820987654321,0.36993464052287583,0.20653594771241834,0.9000670690811536,0.9184901531728665
NEXT,10,1884.50684,0.05052748473070516,5.467468562055933e-4,NA,0.0021893814997263274,0,0.3071467539552646,0.07096069868995633,0.08488499452354874,NA,0.0361247947454844,0.12035010940919037,NA,0.9660130718954248,0.48888888888888893,0.13212608987256874,0.5344638949671772
VIRT,40,3206.94374,0.4819544697390339,0.06342263531984693,0.7547592385218365,0.9184455391351943,0.7139737991266376,0.5831969448990726,0.6495633187772926,0.7250821467688937,0.5618729096989966,0.5281882868089764,0.34190371991247265,0.24305555555555555,NA,NA,0.2515090543259557,0.36378555798687084
VKTX,35,5899.42184,0.003331482509716824,0.013668671405139388,NA,0.1893814997263273,0,0.13802509547190397,0.18831877729257643,0.11062431544359255,NA,0.10125889436234264,0.047045951859956234,NA,0.010457516339869244,0.009150326797385588,0.0053655264922870555,0.5207877461706784
GDDY,45,27737.05127391,0.3392559689061632,0.3329688354291963,0.5750279955207167,0.5205254515599343,0.19978165938864628,0.062193126022913256,0.6970524017467249,0.23877327491785322,0.6744704570791528,0.003284072249589491,0.9595185995623632,0.5223765432098766,0.9843137254901961,0.7673202614379084,0.43930248155600266,0.040481400437636816
ASB,40,4357.27595,0.38645197112715157,0.5112083105522143,0.05823068309070545,0.8215654077723044,0.5966157205240175,0.9039825422804146,0.6282751091703057,0.7185104052573932,0.6499442586399108,0.33059660645867545,0.26805251641137856,0.16898148148148148,NA,NA,NA,0.20021881838074396
CWEN,55,2442.71568,0.3770127706829539,0.149808638600328,0.4014557670772676,0.9709906951286261,0.6228165938864629,0.9148936170212766,0.5349344978165939,0.6062431544359255,0.7190635451505016,0.30870279146141216,0.27844638949671774,0.2824074074074074,0.4947712418300654,0.2803921568627451,0.18041582830315225,0.5164113785557987
COLL,35,983.015,0.9550249861188229,0.7949699289229086,0.20548712206047037,0.986863711001642,0.6495633187772926,0.37534097108565195,0.6926855895196506,0.975355969331873,0.959866220735786,0.8035030103995622,0.5661925601750547,0.8541666666666666,0.7366013071895425,0.42875816993464055,0.31723675385647215,0.9513129102844639
CABO,50,2361.6364000000003,0.937812326485286,0.7845817386550027,0.7222844344904815,0.9107827038861521,0.7123362445414847,0.96126568466994,0.9164847161572053,0.9014238773274917,0.8645484949832776,0.5758073344280241,0.5049234135667396,0.38271604938271603,0.5058823529411764,0.33790849673202616,0.409121395036888,0.6548140043763676
BLD,25,11525.05221503,0.7384786229872293,0.2422088572990705,0.5834266517357223,0.7422003284072249,0.5627729257641921,0.4326241134751773,0.7259825327510917,0.640197152245345,0.37681159420289856,0.8226600985221675,0.8796498905908097,0.8140432098765432,0.2777777777777778,0.29542483660130714,0.7766599597585513,0.5328227571115973
CC,15,3248.19514,0.34869516935036093,0.34991798797156914,0.8745800671892497,0.675424192665572,0.9164847161572053,0.42935079105291873,0.08624454148471616,0.8773274917853231,0.27480490523968787,0.12151067323481117,0.1799781181619256,0.14814814814814814,0.5679738562091503,0.40980392156862744,0.32461435278336687,0.8096280087527352
ENR,30,2740.8330899999996,0.8606329816768462,0.7539639147074905,0.7530795072788354,0.9102353585112206,0.8215065502183406,0.1745771958537916,0.7106986899563319,0.7234392113910186,0.5022296544035675,0.9660645867542419,0.49015317286652077,NA,0.3849673202614379,0.6464052287581699,0.36686787391012743,0.5929978118161925
KHC,30,38657.32475,0.9222654081066074,0.7151448879168945,0.6674132138857782,0.7794198139025725,0.7041484716157205,0.983633387888707,0.8438864628820961,0.7650602409638554,0.4420289855072464,0.3530377668308703,0.49288840262582057,0.8186728395061729,0.8372549019607843,0.7790849673202614,0.5660630449362843,0.2445295404814004
ALRM,45,3219.80506,0.3920044419766796,0.33679606342263535,0.5548712206047033,0.5528188286808976,0.361353711790393,0.3982542280414621,0.4481441048034934,0.27217962760131437,0.7547380156075808,0.5752599890530925,0.6613785557986871,0.9444444444444444,0.08431372549019611,0.08562091503267977,0.857813547954393,0.45897155361050324
APPF,45,5856.55,0.13159355913381454,0.3723346090759978,0.13549832026875697,0.2753147235905857,0.13864628820960698,0.12384069830878341,0.25,0.17250821467688937,0.7396878483835005,0.2676518883415435,0.28774617067833697,0.8904320987654321,0.14836601307189545,0.1215686274509804,NA,0.9130196936542669
LNTH,35,6206.67529,0.3375902276513048,0.10934937124111532,0.09238521836506164,0.565407772304324,0.2767467248908297,0.2662302236770322,0.7188864628820961,0.6752464403066812,0.806577480490524,0.9370552818828681,0.975382932166302,0.4398148148148148,0.07908496732026149,0.09084967320261439,0.8879946344735077,0.08533916849015322
WING,25,9604.02894788,0.305941143808995,0.935483870967742,0.1550951847704367,0.27367268746579093,0.06495633187772926,0.036552100381887616,0.28002183406113534,0.18619934282584885,0.9526198439241917,0.150519978106185,0.9463894967177243,0.7299382716049383,0.4065359477124183,0.1986928104575163,0.6056338028169014,0.8840262582056893
EVH,35,1506.00688,0.2909494725152693,0.048113723346090764,0.07390817469204924,0.7739463601532567,0.8580786026200873,0.7555919258046918,0.08187772925764192,0.6024096385542169,0.21962095875139354,0.1724137931034483,0.1575492341356674,NA,0.8209150326797385,0.6424836601307189,0.17169684775318578,0.850109409190372
GKOS,35,7920.42949863,0.08995002776235425,0.8868234007654456,0.3840985442329228,0.19649698960043788,0.055676855895196505,0.13857064920894707,0.1812227074235808,0.12322015334063527,0.9565217391304348,0.11822660098522167,0.09245076586433261,NA,0.09019607843137256,0.08496732026143794,0.08048289738430583,0.7407002188183807
FL,25,2385.5278,0.5680177679067185,0.9475123018042646,0.814669652855543,0.0810071154898741,0.9694323144104804,0.9699945444626296,0.04039301310043668,0.5985761226725083,0.2931995540691193,0.17843459222769567,0.16301969365426697,NA,0.49411764705882355,0.7104575163398692,0.6666666666666666,0.6039387308533917
TRU,20,19782.35,0.29927817878956137,0.8633132859486058,0.5974244120940649,0.337712096332786,0.2527292576419214,0.41789416257501366,0.19978165938864628,0.3674698795180723,0.7207357859531772,0.21018062397372742,0.19912472647702406,NA,0.5967320261437908,0.5215686274509803,0.29912810194500333,0.712253829321663
PYPL,40,86990.30903,0.6435313714602998,0.49480590486604703,0.4630459126539753,0.6195949644225506,0.44868995633187775,0.43044189852700493,0.6910480349344978,0.5525739320920043,0.5964325529542921,0.746031746031746,0.6285557986870897,0.3317901234567901,0.6745098039215687,0.6588235294117647,0.8095238095238095,0.2106126914660832
LITE,45,5974.839,0.10660744031093837,0.9584472389283761,0.9468085106382979,0.17624521072796934,0.3067685589519651,0.3344244408074195,0.06713973799126638,0.13745892661555312,0.43255295429208473,0.08045977011494253,0.09792122538293217,0.018518518518518517,0.07581699346405224,0.10784313725490191,0.08450704225352113,0.8955142231947484
LOB,40,2141.9586,0.6985008328706275,0.20448332422088578,0.2693169092945129,0.9841269841269841,0.4836244541484716,0.6290234588106929,0.550764192139738,0.8477546549835706,0.6176142697881828,0.44061302681992337,0.2888402625820569,0.9675925925925926,NA,NA,NA,0.5612691466083151
IBRX,35,3512.02824,0.023320377568017768,0.0585019136139967,0.011198208286674172,0.04542966611932129,0.025109170305676855,0.018548827059465357,0.02947598253275109,0.045454545454545456,0.002787068004459309,0.9753694581280788,0.0010940919037199124,NA,0.0980392156862745,0.0725490196078431,0.11670020120724346,0.9950765864332604
NTRA,35,22150.483379999998,0.049416990560799554,0.5423728813559322,0.13045912653975367,0.18773946360153257,0.06713973799126638,0.09547190398254228,0.17139737991266377,0.10733844468784227,0.5808249721293199,0.05856595511767926,0.048687089715536105,NA,0.13986928104575158,0.12941176470588234,0.03688799463447351,0.8944201312910285
OLLI,25,6062.963350000001,0.300388672959467,0.24002186987424823,0.31187010078387456,0.3793103448275862,0.45524017467248906,0.45771958537915985,0.5049126637554585,0.3313253012048193,0.4754738015607581,0.5774493705528189,0.7680525164113785,0.8410493827160493,0.26078431372549016,0.28888888888888886,NA,0.41083150984682715
RPD,45,2692.6182000000003,0.3076068850638534,0.27009294696555497,0.3342665173572228,0.5243568691844553,0.38155021834061137,0.03709765411893071,0.10534934497816593,0.16593647316538881,0.8678929765886287,0.976464148877942,0.10995623632385121,0.7862654320987654,0.765359477124183,0.43071895424836604,0.12340710932260228,0.9458424507658644
Z,60,14656.270069999999,0.14214325374791784,0.6402405686167305,0.6987681970884658,0.3251231527093596,0.17248908296943233,0.5111838516093835,0.19868995633187772,0.13362541073384446,0.9715719063545151,0.22058018609742747,0.19146608315098468,0.07330246913580248,0.20588235294117652,0.12810457516339868,0.09389671361502347,0.7253829321663019
TXN,45,183382.98351,0.27651304830649637,0.15527610716238383,0.8846584546472565,0.27038861521620144,0.12390829694323144,0.19312602291325695,0.5594978165938864,0.36254107338444685,0.8193979933110368,0.9085933223864259,0.9748358862144421,0.09953703703703703,0.11633986928104578,0.142483660130719,0.8604963112005366,0.1110503282275711
TDOC,35,2062.56066,0.45474736257634646,0.6533624931656643,0.4641657334826428,0.9534756431308156,0.8487991266375546,0.9596290234588107,0.0584061135371179,0.4063526834611172,0.8316610925306578,0.1833607006020799,0.15700218818380743,0.8248456790123457,0.17647058823529416,0.13856209150326793,0.07712944332662643,0.8889496717724289
HLI,40,10132.57674,0.3231538034425319,0.38819026790595956,0.5207166853303471,0.41598248494800216,0.24945414847161573,0.3518821603927987,0.4781659388646288,0.3203723986856517,0.18283166109253066,0.6606458675424193,0.7937636761487965,0.9089506172839507,NA,NA,NA,0.262582056892779
PLNT,25,8380.21855,0.18711826762909495,0.5133952979770366,0.32250839865621506,0.39518336070060206,0.16648471615720525,0.05291871249318058,0.35262008733624456,0.32858707557502737,0.6304347826086957,0.037219485495347565,0.6022975929978118,0.6774691358024691,0.4483660130718954,0.2104575163398693,0.42186452045606976,0.6673960612691466
RUN,20,2586.62867,0.17490283176013327,0.4177145981410607,0.7452407614781635,0.0010946907498631637,0.7652838427947598,0.9912711402073104,0.004366812227074236,0.10131434830230011,0.3411371237458194,0.11932129173508484,0.1301969365426696,NA,0.6875816993464052,0.43529411764705883,0.13480885311871227,0.45568927789934355
MSGS,50,4475.97675,0.2243198223209328,0.5872061235647895,0.29899216125419936,0.3645320197044335,0.31004366812227074,0.03600654664484452,0.3155021834061135,0.2415115005476451,0.47714604236343366,0.14066776135741654,0.5787746170678337,0.22067901234567902,0.9875816993464053,0.7705882352941177,0.5432595573440644,0.34026258205689275
PJT,40,3966.76672,0.46751804553026094,0.06396938217605252,0.35666293393057114,0.8839627805145046,0.38427947598253276,0.1407528641571195,0.39792576419213976,0.39156626506024095,0.12764771460423635,0.8998357963875205,0.7062363238512035,0.8032407407407407,NA,NA,NA,0.9846827133479212
CSWI,20,7102.91040816,0.4858411993337035,0.7047566976489885,0.5559910414333706,0.3705528188286809,0.1490174672489083,0.19639934533551553,0.32860262008733626,0.24041621029572838,0.5903010033444817,0.6973180076628352,0.8189277899343544,0.6705246913580247,0.24836601307189543,0.7607843137254902,0.7860496311200537,0.6285557986870898
PEN,35,9369.08148,0.13048306496390893,0.21487151448879172,0.17917133258678608,0.27586206896551724,0.15120087336244542,0.2553191489361702,0.2931222707423581,0.1851040525739321,0.7837235228539576,0.42911877394636017,0.6849015317286652,NA,0.07385620915032676,0.17581699346405233,0.9476861167002012,0.1794310722100656
HPE,45,27557.75618,0.9466962798445309,0.7014762165117551,0.6243001119820828,0.6819923371647509,0.8160480349344978,0.8707037643207856,0.8400655021834061,0.8707557502738226,0.5222965440356745,0.48549534756431306,0.5235229759299781,0.5162037037037037,0.8797385620915033,0.742483660130719,0.647887323943662,0.4808533916849015
EIX,55,33972.4125,0.6085508051082732,0.4773100054674686,0.7844344904815229,0.08702791461412152,0.5867903930131004,0.6808510638297872,0.6222707423580786,0.6527929901423878,0.4269788182831661,0.49863163656267107,0.40153172866520787,NA,0.9052287581699346,0.9372549019607843,0.2863849765258216,0.3386214442013129
PFGC,30,13748.233199999999,0.7212659633536924,0.37670858392564244,0.6164613661814109,0.6650246305418719,0.976528384279476,0.5428259683578832,0.527292576419214,0.579408543263965,0.08862876254180602,0.5265462506841817,0.5092997811816192,0.6666666666666666,0.530718954248366,0.9908496732026144,0.44198524480214624,0.5940919037199125
PSTG,45,17364.399080000003,0.31315935591338145,0.5516675779114271,0.608622620380739,0.4362342638204707,0.21561135371179038,0.16366612111292964,0.263646288209607,0.19112814895947425,0.8862876254180602,0.3492063492063492,0.3955142231947484,0.3148148148148148,0.46339869281045754,0.28823529411764703,0.789403085177733,0.9425601750547046
WSC,20,7065.222400000001,0.9128262076624097,0.44669218151995627,0.4036954087346024,0.7673782156540777,0.4361353711790393,0.4533551554828151,0.6877729257641921,0.6927710843373494,0.7959866220735786,0.7980295566502463,0.6515317286652079,0.8279320987654321,0.8215686274509804,0.9725490196078431,0.41784037558685444,0.6859956236323852
SGRY,35,3030.39776,0.4836202109938923,0.5636960087479497,0.46528555431131025,0.7383689107827038,0.7740174672489083,0.7981451172940535,0.23089519650655022,0.6725082146768894,0.2229654403567447,0.25068418171866447,0.24179431072210067,0.8819444444444444,0.49869281045751634,0.5908496732026144,0.2964453386988598,0.5103938730853392
SQ,40,49165.9707,0.08939478067740145,0.32968835429196286,0.17805151175811873,0.22441160372194854,0.5616812227074236,0.5897435897435898,0.24836244541484717,0.17360350492880613,0.3963210702341137,0.2588943623426382,0.24890590809628008,0.0038580246913580245,0.4392156862745098,0.42418300653594776,0.16163648558014757,0.15864332603938736
AXSM,35,4757.38392,0.039422543031649084,0.024056861673045327,0.003919372900335949,0.1417624521072797,0.07368995633187773,0.10638297872340426,0.11189956331877729,0.0783132530120482,0.9788182831661093,0.02353585112205802,0.014223194748358862,NA,0.16797385620915029,0.13398692810457513,0.07981220657276995,0.9595185995623632
KURA,35,858.3489599999999,0.032759578012215435,0.7605248769819574,NA,0.03229337712096333,0,0.6590289143480633,0.026200873362445413,0.006024096385542169,NA,0.09688013136288999,0.04157549234135667,NA,0.02614379084967322,0.022875816993464082,0.018108651911468814,0.638402625820569
MTCH,50,8220.719340000001,0.5796779566907274,0.35702569710224163,0.5291153415453527,0.8587848932676518,0.5223799126637555,0.060556464811783964,0.8706331877729258,0.6774370208105148,0.8416945373467113,0.010399562123700055,0.9173960612691466,0.7885802469135802,0.33071895424836606,0.20457516339869286,0.5613682092555332,0.5968271334792122
AGR,55,13967.4871,0.5086063298167685,0.38326954620010933,0.5503919372900337,0.031746031746031744,0.6582969432314411,0.9852700490998363,0.7456331877729258,0.624315443592552,0.2552954292084727,0.31527093596059114,0.4064551422319475,NA,0.9450980392156862,0.9751633986928104,0.27297116029510393,0.16466083150984678
TEAM,45,42556.57086544,0.15769017212659633,0.09732094040459272,0.19148936170212771,0.488232074438971,0.13373362445414846,0.08346972176759411,0.21451965065502182,0.14403066812705367,0.947603121516165,0.10016420361247948,0.14113785557986872,0.7754629629629629,0.7339869281045752,0.3503267973856209,0.11133467471495641,0.9917943107221007
NIC,40,1694.6168,0.42198778456413105,0.8173865500273374,0.1685330347144457,0.6469622331691297,0.3307860262008734,0.7686852154937261,0.5715065502183406,0.7283680175246441,0.7770345596432553,0.3623426382047072,0.2910284463894967,0.35108024691358025,NA,NA,NA,0.188183807439825
SNDX,35,1425.9651999999999,0.012770682953914493,0.11973756150902137,NA,0.04597701149425287,0,0.5995635570103656,0.03711790393013101,0.009309967141292442,NA,0.09195402298850575,0.03282275711159737,NA,0.03529411764705881,0.02941176470588236,0.00670690811535882,0.7707877461706784
SYRE,35,1462.18333,0.02220988339811216,0.0032804811372334486,0.990481522956327,0.07389162561576355,0.027292576419213975,0.01691216584833606,0.014737991266375546,0.033406352683461114,0.005574136008918618,0.0016420361247947454,0,NA,0.030718954248366015,0.02679738562091505,NA,0.9989059080962801
RRR,25,2987.01697,0.7401443642420877,0.16019682886823405,0.5879059350503919,0.07334428024083196,0.6506550218340611,0.1320240043644299,0.7587336244541485,0.7984665936473165,0.7597547380156076,0.9808429118773946,0.6055798687089715,NA,0.9019607843137255,0.5797385620915032,0.3722334004024145,0.7675054704595186
PR,10,11008.275300000001,0.7801221543586896,0.0262438490978677,0.0699888017917133,0.5369458128078818,0.37554585152838427,0.7703218767048554,0.6408296943231441,0.9008762322015335,0.8968784838350056,0.5002736726874658,0.5607221006564551,0.27469135802469136,0.9738562091503268,0.9176470588235294,0.613682092555332,0.9163019693654267
NGVT,15,1765.47093,0.5424764019988895,0.847457627118644,0.64501679731243,0.6535303776683087,0.790938864628821,0.6061102018548827,0.23799126637554585,0.8296823658269441,0.3835005574136009,0.24685276409414342,0.23960612691466082,0.2013888888888889,0.4666666666666667,0.6823529411764706,0.3997317236753856,0.7341356673960613
NTLA,35,1590.05352,0.07662409772348695,0.9551667577911427,0.8673012318029115,0.015873015873015872,0.05021834061135371,0.8041462084015275,0.009825327510917031,0.0016429353778751369,0.011705685618729096,0.09085933223864258,0.04048140043763676,NA,0.0444444444444444,0.03856209150326795,NA,0.6416849015317287
PLSE,35,1316.4637999999998,0.07329261521377013,0.9841443411700382,1,0.15216201423097975,0,0.09438079650845609,0.1413755458515284,0.08817086527929902,NA,0.01751505199781062,0.009846827133479213,NA,0.060130718954248374,0.0444444444444444,0.03286384976525822,0.8960612691466083
GMS,20,3942.24975,0.8167684619655747,0.1957353745215965,0.5991041433370661,0.842911877394636,0.8739082969432315,0.5962902345881069,0.8231441048034934,0.7743702081051479,0.36399108138238573,0.7394636015325671,0.7527352297592997,0.43132716049382713,0.3784313725490196,0.7261437908496732,0.5747820254862508,0.5076586433260394
SITE,20,6914.79325,0.5208217656857301,0.24986331328594857,0.48880179171332583,0.5396825396825397,0.6686681222707423,0.39989088925259136,0.44596069868995636,0.3795180722891566,0.3979933110367893,0.5692391899288451,0.7007658643326039,0.6859567901234568,0.3196078431372549,0.8156862745098039,0.7008718980549966,0.5180525164113785
TPB,30,1095.4443,0.7257079400333148,0.7293603061782394,0.7284434490481523,0.6655719759168035,0.4579694323144105,0.27823240589198034,0.5562227074235808,0.4835706462212486,0.6605351170568562,0.8456486042692939,0.712800875273523,0.8888888888888888,0.2758169934640523,0.27712418300653596,0.5459423205902079,0.5454048140043763
USFD,30,16252.15403,0.7484730705163798,0.5500273373428103,0.5621500559910415,0.6360153256704981,0.9383187772925764,0.513911620294599,0.517467248908297,0.5416210295728368,0.13712374581939799,0.5446086480569239,0.549781181619256,0.7716049382716049,0.6725490196078432,0.8797385620915033,0.4198524480214621,0.5355579868708972
FTV,20,27523.46417,0.4436424208772904,0.40185893931109895,0.5694288913773796,0.6015325670498084,0.2953056768558952,0.5826513911620295,0.523471615720524,0.4424972617743702,0.7915273132664437,0.44389709906951286,0.6291028446389497,0.4807098765432099,0.403921568627451,0.30980392156862746,0.7323943661971831,0.3769146608315098
ATKR,20,3291.70193,0.9572459744586341,0.22689994532531443,0.8577827547592385,0.9616858237547893,0.8204148471615721,0.6513911620294599,0.9868995633187773,0.97973713033954,0.47157190635451507,0.9348659003831418,0.9841356673960613,0.38503086419753085,0.26732026143790855,0.4248366013071896,0.8926894701542589,0.4863238512035011
AZZ,20,2782.74378,0.7345918933925597,0.7490431930016402,0.2905935050391937,0.6518883415435139,0.6375545851528385,0.3082378614293508,0.5736899563318777,0.6478641840087623,0.28037904124860646,0.5911330049261084,0.5919037199124726,0.9868827160493827,0.4444444444444444,0.969281045751634,0.3051643192488263,0.6586433260393874
TWLO,45,16034.76336,0.18378678511937813,0.9048660470202297,0.45184770436730126,0.39080459770114945,0.3411572052401747,0.7648663393344245,0.09770742358078603,0.1303395399780942,0.6560758082497213,0.180623973727422,0.12582056892778992,NA,0.06274509803921569,0.05816993464052289,NA,0.8648796498905909
KNSL,40,11840.550720000001,0.45530260966129926,0.06178239475123015,0.06326987681970886,0.7646414887794198,0.1359170305676856,0.19203491543917076,0.45906113537117904,0.2787513691128149,0.36677814938684505,0.8773946360153256,0.8068927789934355,0.7322530864197531,NA,NA,0.9295774647887324,0.9409190371991247
PI,45,5437.42897289,0.025541365907828985,0.5708037178786223,0.2513997760358343,0.18883415435139572,0.07314410480349345,0.06601200218221495,0.2096069868995633,0.13198247535596933,0.633221850613155,0.020251778872468526,0.1012035010940919,NA,0.04313725490196074,0.09411764705882353,0.085177733065057007,0.07494529540481398
FHB,40,3530.93246,0.5830094392004442,0.6380535811919081,0.11982082866741317,0.7394636015325671,0.4148471615720524,0.8308783415166394,0.800764192139738,0.9627601314348302,0.8461538461538461,0.48659003831417624,0.32166301969365424,0.20910493827160495,NA,NA,NA,0.1400437636761488
MEDP,35,10587.46166,0.5719044975013882,0.12629852378348827,0.14949608062709963,0.5276409414340448,0.23307860262008734,0.1254773595199127,0.4683406113537118,0.2809419496166484,0.29208472686733555,0.9474548440065681,0.9567833698030634,0.5462962962962963,0.9477124183006536,0.6843137254901961,0.9919517102615694,0.8101750547045952
PTGX,35,2607.0635999999995,0.00277623542476402,0.05139420448332421,0.01511758118701012,0.14668856048166393,0.04639737991266375,0.2602291325695581,0.14519650655021835,0.07667031763417305,0.020624303232998884,0.11494252873563218,0.06236323851203501,NA,0.015032679738562038,0.01437908496732021,NA,0.37035010940919033
ASIX,15,867.95557,0.82176568573015,0.7020229633679607,0.938969764837626,0.2999452654625068,0.9088427947598253,0.939443535188216,0.7778384279475983,0.8346111719605696,0.11482720178372352,0.38970990695128627,0.5328227571115973,0.07407407407407407,0.738562091503268,0.8875816993464052,0.602280348759222,0.4819474835886215
DFIN,40,1738.6945,0.9139367018323153,0.7938764352104976,0.7765957446808511,0.5112205801860974,0.5693231441048034,0.41734860883797054,0.6801310043668122,0.7261774370208105,0.7012263099219621,0.7717569786535303,0.8276805251641138,0.24382716049382716,0.8117647058823529,0.8503267973856209,0.6371562709590879,0.5557986870897156
SMPL,30,4019.86433,0.3609106052193226,0.1826134499726627,0.4899216125419933,0.6420361247947455,0.43013100436681223,0.6704855428259684,0.5534934497816594,0.4534501642935378,0.4620958751393534,0.4351395730706076,0.6816192560175055,0.6489197530864198,0.14183006535947718,0.2686274509803922,0.6928236083165661,0.412472647702407
NTNX,45,17484.9216,0.38534147695724597,0.9589939857845817,0.3090705487122061,0.4975369458128079,0.15993449781659388,0.03873431533006001,0.21397379912663755,0.16319824753559695,0.9732441471571907,0.6885604816639299,0.15153172866520787,0.9020061728395061,0.7274509803921569,0.38235294117647056,0.15828303152246814,0.9907002188183808
TTD,50,57803.150250000006,0.2670738478622987,0.25259704756697654,0.18980963045912658,0.2791461412151067,0.05240174672489083,0.10092744135297327,0.26200873362445415,0.16374589266155531,0.9548494983277592,0.4302134646962233,0.5470459518599562,0.5833333333333334,0.4954248366013072,0.47973856209150323,0.971830985915493,0.7789934354485777
ELF,30,7295.99112,0.20988339811215992,0.018042646254784023,0.03135498320268759,0.27476737821565406,0.18176855895196506,0.18712493180578288,0.361353711790393,0.22727272727272727,0.8634336677814939,0.7991242474001095,0.9113785557986871,0.2322530864197531,0.5470588235294118,0.60392156862745106,0.7934272300469484,0.028993435448577687
FBK,40,2634.0699,0.4458634092171016,0.7720065609622745,0.17245240761478164,0.7662835249042146,0.37663755458515286,0.7315875613747954,0.662117903930131,0.7590361445783133,0.7569676700111483,0.4433497536945813,0.31947483588621445,0.10570987654320987,NA,NA,NA,0.2073304157549234
VVV,25,5097.69183,0.22709605774569683,0.9595407326407873,0.2777155655095185,0.1143951833607006,0.375,0.10474631751227496,0.6009825327510917,0.45016429353778753,0.5379041248606466,0.9638752052545156,0.6920131291028446,0.022376543209876542,0.28888888888888886,0.16732026143790846,0.6505700871898055,0.024070021881838044
YUMC,25,17678.014199999998,0.578012215435869,0.6232914160743576,0.31746920492721165,0.5801860974274767,0.6681222707423581,0.5930169121658483,0.6752183406113537,0.6615553121577218,0.17112597547380157,0.5834701696770662,0.7193654266958425,0.4861111111111111,0.6189542483660131,0.3032679738562092,NA,0.5793216630196937
AA,15,11995.42265,0.20099944475291504,0.8452706396938218,0.9070548712206047,0.13026819923371646,0.7669213973799127,0.5755591925804692,0.10698689956331878,0.29901423877327493,0.052954292084726864,0.16365626710454298,0.16192560175054704,0.024691358024691357,0.6052287581699347,0.6294117647058823,0.1341381623071764,0.5579868708971554
BL,45,3874.75686,0.23098278734036645,0.3455440131219245,0.3477043673012318,0.46579091406677614,0.19868995633187772,0.15493726132024005,0.31986899563318777,0.18072289156626506,0.9409141583054627,0.8341543513957307,0.4611597374179431,0.8865740740740741,0.3738562091503268,0.1797385620915033,0.14553990610328638,0.43216630196936545
IRTC,35,2721.83057,0.10327595780122155,0.8168398031711318,0.23684210526315785,0.13355227148330598,0.23744541484716158,0.1685761047463175,0.12117903930131005,0.09036144578313253,0.8283166109253066,0.06896551724137931,0.05798687089715536,NA,0.38235294117647056,0.26274509803921564,0.046948356807511735,0.9392778993435449
LW,30,11014.26952,0.4841754580788451,0.22471295790049206,0.22060470324748038,0.19047619047619047,0.6561135371179039,0.35842880523731585,0.7980349344978166,0.7092004381161008,0.3656633221850613,0.9189928845101258,0.8342450765864332,0.03009259259259259,0.6764705882352942,0.9379084967320261,0.5875251509054326,0.2308533916849015
GT,25,3060.0408,0.6551915602443087,0.8348824494259158,0.761478163493841,0.20525451559934318,0.9918122270742358,0.9841789416257501,0.017467248908296942,0.9200438116100766,0.2068004459308807,0.16420361247947454,0.17778993435448578,NA,0.788235294117647,0.822875816993464,0.22401073105298458,0.7319474835886215
GOLF,25,4445.30733,0.8717379233759023,0.697648988518316,0.5492721164613662,0.7312534209085934,0.62117903930131,0.37261320240043644,0.6544759825327511,0.5049288061336255,0.6555183946488294,0.7646414887794198,0.7904814004376368,NA,0.37058823529411766,0.8019607843137255,0.6150234741784038,0.7385120350109409
ARCH,15,3113.12736,0.9611327040533038,0.6019682886823401,0.9087346024636058,0.9381499726327313,0.8073144104803494,0.6737588652482269,0.9705240174672489,0.9709748083242059,0.2564102564102564,0.8713738368910783,0.9584245076586433,0.1574074074074074,0.30522875816993467,0.3581699346405228,0.9255533199195171,0.6849015317286652
CWH,25,1469.47944,0.7695724597445863,0.6599234554401312,0.8667413213885778,0.7783251231527094,0.9792576419213974,0.18003273322422259,0.40229257641921395,0.5136911281489595,0.3338907469342252,0.7783251231527094,0.2844638949671772,NA,0.7176470588235294,0.9718954248366013,0.22937625754527163,0.6121444201312911
HGV,25,4174.94871,0.6141032759578012,0.3324220885729907,0.5828667413213886,0.7339901477832512,0.7893013100436681,0.7986906710310966,0.847707423580786,0.8050383351588171,0.3439241917502787,0.6294471811713191,0.5410284463894968,0.14506172839506173,NA,NA,0.4688128772635815,0.1312910284463895
PK,60,3209.59775,0.5469183786785119,0.8119190814652816,0.4479283314669653,0.9485495347564313,0.7609170305676856,0.9639934533551555,0.509825327510917,NA,0.059085841694537344,0.28790366721401206,0.3287746170678337,0.6064814814814815,NA,NA,0.17370892018779344,0.4852297592997812
BPOP,40,7084.96416,0.6496390893947807,0.4827774740295243,0.1707726763717805,0.7372742200328407,0.6337336244541485,0.8412438625204582,0.8569868995633187,0.9994523548740416,0.7831661092530657,0.5511767925561029,0.300328227571116,0.18981481481481483,NA,NA,NA,0.15043763676148791
BOH,40,3139.29704,0.39866740699611325,0.6785128485511208,0.15397536394176936,0.5977011494252874,0.40611353711790393,0.5417348608837971,0.7347161572052402,0.7913472070098576,0.7887402452619844,0.6261631089217297,0.29321663019693656,0.16049382716049382,NA,NA,NA,0.12199124726477029
JELD,20,921.5118,0.8878400888395336,0.9568069983597595,0.9115341545352743,0.9852216748768473,0.9819868995633187,0.9192580469176214,0.47543668122270744,0.9041621029572837,0.1878483835005574,0.29939792008757526,0.29923413566739604,NA,0.3712418300653595,0.5594771241830065,0.3393695506371563,0.8074398249452954
UVV,30,1410.46416,0.4647418101054969,0.25861126298523784,0.49384098544232924,0.05473453749315818,0.9230349344978166,0.944899072558647,0.888646288209607,0.8099671412924425,0.19007803790412486,0.43349753694581283,0.5722100656455142,NA,0.23725490196078436,0.8934640522875817,0.42991281019450034,0.026805251641137895
REVG,20,1613.00898,0.6229872293170461,0.4712957900492072,0.341545352743561,0.6825396825396826,0.9001091703056768,0.5188216039279869,0.48417030567685587,0.5843373493975904,0.09420289855072464,0.47509578544061304,0.5054704595185996,0.6898148148148148,0.5117647058823529,0.9450980392156862,0.4533869885982562,0.6170678336980306
LAUR,25,2863.015,0.8711826762909495,0.35647895024603604,0.24748040313549835,0.7400109469074986,0.6097161572052402,0.5559192580469177,0.61735807860262,0.8242059145673604,0.3500557413600892,0.6059113300492611,0.6531728665207878,0.7307098765432098,0.9803921568627451,0.7320261437908497,0.8363514419852448,0.6602844638949672
SNAP,50,16806.29136,0.10438645197112716,0.736468015308912,0.6797312430011198,0.23918992884510126,0.36299126637554585,0.29023458810692854,0.07860262008733625,0.05312157721796276,0.6599777034559643,0.07060755336617405,0.08479212253829321,0.2353395061728395,0.12810457516339868,0.11699346405228761,0.02414486921529175,0.9524070021881839
HSY,30,26021.62233,0.892282065519156,0.3269546200109349,0.4876819708846585,0.6912972085385879,0.5447598253275109,0.337152209492635,0.8280567685589519,0.7179627601314348,0.5858416945373467,0.9343185550082101,0.9327133479212254,0.35185185185185186,0.8444444444444444,0.8254901960784313,0.8169014084507042,0.4638949671772429
PUMP,10,864.612,0.9317046085508051,0.2673592126845271,0.15957446808510634,0.25177887246852765,0.9186681222707423,0.9689034369885434,0.9246724890829694,0.9945235487404163,0.33835005574136007,0.4482758620689655,0.6739606126914661,NA,0.7516339869281046,0.8045751633986928,0.9309188464118041,0.9606126914660832
VRRM,20,3899.26264,0.36479733481399224,0.6150902132312739,0.406494960806271,0.5385878489326765,0.27838427947598254,0.22913256955810146,0.33133187772925765,0.5427163198247535,0.7369007803790413,0.6891078270388615,0.49781181619256015,0.36651234567901236,0.40522875816993464,0.44052287581699345,0.35479543930248153,0.7571115973741794
HLNE,40,8036.5475823,0.2220988339811216,0.2542372881355932,0.5520716685330347,0.31417624521072796,0.08951965065502183,0.14839061647572285,0.3618995633187773,0.2617743702081051,0.5557413600891862,0.849480021893815,0.862691466083151,0.1743827160493827,NA,NA,0.8718980549966465,0.07658643326039383
SNDR,20,3097.3631600000003,0.8178789561354803,0.44013121924548937,0.9182530795072789,0.11822660098522167,0.9104803493449781,0.9590834697217676,0.8591703056768559,0.9594742606790799,0.11315496098104794,0.42090859332238645,0.6340262582056893,0.035493827160493825,0.4627450980392157,0.6875816993464052,0.8658618376928237,0.8085339168490153
OKTA,45,12688.97112,0.27096057745696833,0.8212137780207764,0.20828667413213886,0.5517241379310345,0.2336244541484716,0.6639388979814512,0.1490174672489083,0.08981380065717415,0.9069119286510591,0.2025177887246853,0.1673960612691466,0.9660493827160493,0.5137254901960784,0.2647058823529411,0.025486250838363516,0.7943107221006565
YEXT,45,1056.62746,0.4125485841199334,0.8004373974849645,0.6578947368421053,0.5610290093048714,0.49399563318777295,0.28314238952536824,0.23962882096069868,0.17634173055859803,0.9403567447045708,0.2315270935960591,0.22428884026258206,0.9305555555555556,0.6516339869281046,0.388235294117647,0.06438631790744467,0.7926695842450766
HCC,15,3678.57984,0.8001110494169905,0.18097320940404593,0.7620380739081747,0.6163108921729611,0.5665938864628821,0.7141298417894163,0.9568777292576419,0.9644030668127054,0.5345596432552955,0.8401751505199782,0.973741794310722,0.11805555555555555,0.05620915032679741,0.06405228758169934,0.9134808853118712,0.8178336980306345
CVNA,25,33466.575485099995,0.19877845641310382,0.9671951886276654,0.9367301231802911,0.37821565407772306,0.4181222707423581,0.06655755591925805,0.3171397379912664,0.17031763417305587,0.1415830546265329,0.010946907498631636,0.6504376367614879,NA,0.3790849673202614,0.4483660130718954,0.15090543259557343,0.5082056892778993
FND,25,12032.39051,0.7290394225430317,0.37616183706943684,0.5901455767077268,0.3771209633278599,0.47543668122270744,0.32896890343698854,0.3951965065502183,0.3017524644030668,0.5652173913043478,0.608648056923919,0.6345733041575492,NA,0.75359477124183,0.9549019607843138,0.8531187122736419,0.8758205689277899
WTTR,10,1522.62453,0.9183786785119378,0.7255330781848004,0.3258678611422172,0.8522167487684729,0.8127729257641921,0.7021276595744681,0.6915938864628821,0.9058050383351588,0.21794871794871795,0.48002189381499727,0.675054704595186,NA,0.3830065359477124,0.6803921568627451,0.8672032193158954,0.9431072210065645
ZYME,35,974.50667,0.05385896724042199,0.9305631492618918,0.9938409854423292,0.039956212370005476,0.10207423580786026,0.6781232951445717,0.05185589519650655,0.014238773274917854,0.020066889632107024,0.12424740010946908,0.07822757111597374,0.033179012345679014,0.05555555555555558,0.04379084967320257,NA,0.137855579868709
KNTK,10,3526.6810800000003,0.393670183231538,0.2946965554948059,0.5890257558790594,0.7821565407772304,0.4623362445414847,0.020185488270594652,0.881004366812227,0.47809419496166483,0.4057971014492754,0.090311986863711,0.5957330415754923,0.25771604938271603,0.8143790849673203,0.9745098039215686,0.18108651911468812,0.5268052516411379
KR,30,44190.52488,0.9705719044975014,0.6216511755057408,0.6506159014557671,0.7246852764094144,0.9688864628820961,0.5013638843426077,0.6921397379912664,0.8526834611171961,0.19899665551839466,0.7367268746579091,0.5738512035010941,0.8333333333333334,0.9032679738562092,0.7594771241830065,0.7598926894701542,0.7866520787746171
QXO,20,6812.9152,0.1660188784008884,0.8556588299617277,0.21668533034714443,0.22824302134646962,0.03766375545851528,0.06110201854882706,0.2472707423580786,0.15005476451259583,0.4765886287625418,0.1685823754789272,0.1548140043763676,0.10262345679012345,0.8176470588235294,0.4882352941176471,0.8732394366197183,0.736870897155361
BTU,10,2897.775,0.9578012215435869,0.40732640787315477,0.6993281075027995,0.9786535303776683,0.9055676855895196,0.966721222040371,0.9918122270742358,0.9972617743702081,0.3528428093645485,0.7701149425287356,0.888402625820569,0.2785493827160494,0.4,0.3248366013071895,0.8490945674044266,0.5284463894967177
IR,20,41981.76004,0.29539144919489174,0.4434117003827228,0.28891377379619265,0.45922276956759717,0.21615720524017468,0.4391707583196945,0.37609170305676853,0.30613362541073386,0.5256410256410257,0.41981390257252327,0.6203501094091903,0.7708333333333334,0.3686274509803922,0.35882352941176465,0.6633132126089872,0.4562363238512035
CARS,50,1286.3639300000002,0.83564686285397,0.20393657736468018,0.5341545352743561,0.8286808976464148,0.6206331877729258,0.6012002182214948,0.9082969432314411,0.6894852135815991,0.7993311036789298,0.819376026272578,0.8424507658643327,0.503858024691358,0.7098039215686274,0.681045751633987,0.2857142857142857,0.2669584245076586
APPN,45,1615.8922,0.0838423098278734,0.437944231820667,0.2855543113101904,0.06841817186644773,0.439410480349345,0.09165302782324058,0.08897379912663755,0.0651697699890471,0.8818283166109253,0.031746031746031744,0.08150984682713348,NA,0.7627450980392156,0.5549019607843138,0.09859154929577464,0.14770240700218817
VST,55,54381.723840000006,0.6296501943364797,0.6774193548387097,0.4742441209406495,0.7520525451559934,0.3569868995633188,0.06492089470812876,0.4759825327510917,0.4868565169769989,0.29431438127090304,0.9376026272577996,0.5864332603938731,NA,0.7307189542483661,0.6065359477124184,0.43259557344064387,0.8687089715536105
AM,10,7686.74428,0.8889505830094392,0.7419354838709677,0.3398656215005599,0.7854406130268199,0.17631004366812228,0.5215493726132024,0.6872270742358079,0.536144578313253,0.8517279821627648,0.6836343732895457,0.700218818380744,0.7114197530864198,0.8522875816993464,0.9980392156862745,0.3782696177062374,0.687636761487965
BY,40,1394.5767,0.5280399777901166,0.1372334609075998,0.06382978723404253,0.8949096880131363,0.49617903930131,0.8368794326241135,0.8602620087336245,0.8203723986856517,0.7853957636566332,0.565407772304324,0.36323851203501095,0.2932098765432099,NA,NA,NA,0.20787746170678334
MGY,10,5299.33864,0.9250416435313714,0.3783488244942591,0.9574468085106383,0.7980295566502463,0.31277292576419213,0.5264593562465902,0.8384279475982532,0.9194961664841182,0.8940914158305463,0.7947454844006568,0.9091903719912473,0.18595679012345678,0.44771241830065356,0.2568627450980392,0.8430583501006036,0.9442013129102844
BHF,40,3102.43358,0.23209328151027206,0.476763258611263,0.9860022396416573,0.11330049261083744,0.8504366812227074,0.9399890889252591,0.008733624454148471,0.9989047097480832,0.027313266443701228,0.13683634373289547,0.22592997811816193,NA,NA,NA,0.07645875251509054,0.17778993435448576
RDFN,60,1176.5701999999999,0.3026096612992782,0.9885183160196829,0.9893617021276596,0.5342090859332239,0.7543668122270742,0.0430987452264048,0.05786026200873363,0.05093099671412924,0.4816053511705686,0.009304871373836891,0.11706783369803063,0.8611111111111112,0.5202614379084967,0.4111111111111111,0.052313883299798795,0.8982494529540481
DD,20,34936.85845,0.45086063298167683,0.8939311098961181,0.822508398656215,0.5254515599343186,0.45414847161572053,0.8461538461538461,0.3247816593886463,0.5509309967141293,0.47045707915273133,0.2824302134646962,0.35393873085339167,NA,0.32156862745098036,0.34705882352941175,0.48558014755197854,0.425054704595186
ACEL,25,951.8850800000001,0.5235980011104941,0.42810278840896665,0.22340425531914898,0.6507936507936508,0.8466157205240175,0.44953627932351337,0.6844978165938864,0.872946330777656,0.33277591973244147,0.7985769020251778,0.6208971553610503,0.3410493827160494,0.25098039215686274,0.1568627450980392,0.42924211938296447,0.8057986870897156
STR,10,1877.9406,0.5824541921154914,0.9086932750136687,0.04255319148936165,0.9562123700054734,0.4126637554585153,0.9328968903436988,0.20796943231441048,0.9397590361445783,0.9866220735785953,0.2441160372194855,0.23194748358862144,NA,0.10326797385620912,0.5209150326797385,0.2870556673373575,0.8172866520787746
KRYS,35,5677.206939999999,0.010549694614103275,0.049753963914707544,NA,0.17733990147783252,0.03875545851528384,0.27768685215493727,0.25927947598253276,0.11171960569550932,0.01950947603121516,0.27805145046524354,0.38840262582056895,NA,0.013725490196078383,0.013725490196078383,NA,0.009846827133479175
ROKU,50,8828.453790000001,0.14436424208772905,0.8217605248769819,0.3807390817469205,0.3590585659551177,0.506004366812227,0.46208401527550463,0.0769650655021834,0.06790799561883899,0.5836120401337793,0.11658456486042693,0.08533916849015317,NA,0.32614379084967315,0.20588235294117652,0.008048289738430584,0.9699124726477024
ECVT,15,926.2545,0.7867851193781232,0.7905959540732641,0.910414333706607,0.7876299945265463,0.7248908296943232,0.9094380796508456,0.857532751091703,0.778751369112815,0.4682274247491639,0.4904214559386973,0.5459518599562363,0.2044753086419753,0.39869281045751637,0.40065359477124185,0.3226022803487592,0.42669584245076586
FOR,60,1512.4995,0.4280955024986119,0.19846910880262436,0.5431131019036954,0.04871373836891078,0.8024017467248908,0.9525368248772504,0.959061135371179,0.8702081051478642,0.225752508361204,0.6091954022988506,0.7489059080962801,0.04552469135802469,NA,NA,NA,0.012035010940919078
CARG,50,3326.30682,0.3064963908939478,0.7408419901585566,0.9815229563269877,0.41160372194854955,0.3640829694323144,0.35733769776322966,0.29093886462882096,0.23329682365826945,0.8729096989966555,0.32676518883415434,0.5098468271334792,0.12731481481481483,0.19019607843137254,0.13594771241830061,NA,0.8161925601750547
MDB,45,23991.32031606,0.06107717934480844,0.2668124658283215,0.1399776035834267,0.2556102900930487,0.09170305676855896,0.11456628477905073,0.212882096069869,0.1254107338444688,0.8823857302118172,0.13957307060755336,0.14059080962800874,NA,0.12549019607843137,0.0980392156862745,0.04963112005365526,0.8429978118161926
EYE,25,952.875,0.8317601332593004,0.8687807545106616,0.5145576707726764,0.7016967706622879,0.9399563318777293,0.928532460447354,0.08842794759825327,0.6133625410733844,0.6421404682274248,0.1921182266009852,0.18052516411378555,0.9830246913580247,0.8320261437908496,0.5895424836601307,0.3702213279678068,0.8353391684901532
MBIN,40,1889.1379200000001,0.24652970571904498,0.07162383816293061,0.021836506159014557,0.021893814997263273,0.6741266375545851,0.5777414075286416,0.9699781659388647,0.9331872946330778,0.5362318840579711,0.8100711548987412,0.40919037199124725,0.0470679012345679,NA,NA,NA,0.04157549234135671
RYTM,35,3811.48944,0.06329816768461966,0.9464188080918534,0.006159014557670761,0.13136288998357964,0.04421397379912664,0.11347517730496454,0.11408296943231441,0.06845564074479737,0.9771460423634337,0.038314176245210725,0.01477024070021882,NA,0.08235294117647063,0.06601307189542482,0.06639839034205232,0.9015317286652079
CVS,35,75315.7188,0.8545252637423654,0.30508474576271183,0.3908174692049272,0.9282977558839628,0.982532751091703,0.9498090561920349,0.9405021834061136,0.8608981380065718,0.120958751393534,0.5320197044334976,0.5196936542669585,0.30709876543209874,0.8836601307189542,0.8098039215686275,0.5580147551978538,0.3085339168490153
CTOS,20,1395.92336,0.3337034980566352,0.2022963367960634,0.2597984322508399,0.013683634373289545,0.8640829694323144,0.8156028368794326,0.5720524017467249,0.7721796276013143,0.37848383500557414,0.35139573070607555,0.3900437636761488,NA,0.6222222222222222,0.9830065359477124,0.2421193829644534,0.060175054704595166
ALTR,45,6324.87729,0.18323153803442532,0.22088572990705302,0.47816349384098544,0.3552271483305966,0.1277292576419214,0.23513366066557556,0.24290393013100436,0.1692223439211391,0.9319955406911928,0.23754789272030652,0.2188183807439825,0.9359567901234568,0.37973856209150325,0.2287581699346405,0.2005365526492287,0.8315098468271335
CNNE,40,1361.458,0.18878400888395336,0.9540732640787315,0.8958566629339306,0.07060755336617405,0.5327510917030568,0.9885433715220949,0.015829694323144104,0.05421686746987952,0.030100334448160536,0.17022441160372195,0.10776805251641138,NA,0.5235294117647059,0.2856209150326797,0.09523809523809523,0.7264770240700219
CEIX,10,3841.7958,0.9938922820655192,0.7463094587206124,0.3992161254199328,0.963327859879584,0.6855895196506551,0.5641025641025641,0.9787117903930131,0.9808324205914567,0.5423634336677815,0.9386973180076629,0.9830415754923414,0.7006172839506173,0.6444444444444444,0.4071895424836601,0.8759221998658618,0.7160831509846828
ACMR,45,990.2471400000002,0.42365352581898946,0.13559322033898302,0.08118701007838747,0.03503010399562124,0.642467248908297,0.8696126568466994,0.8640829694323144,0.8400876232201533,0.6192865105908584,0.5155993431855501,0.6477024070021882,NA,0.33986928104575165,0.47516339869281043,0.9242119382964453,0.014770240700218817
APLS,35,4141.80117,0.021654636313159357,0.525970475669765,0.004479283314669624,0.03284072249589491,0.12445414847161572,0.11729405346426623,0.0453056768558952,0.027382256297918947,0.9576365663322185,0.014778325123152709,0.006564551422319475,NA,0.22156862745098038,0.23202614379084963,0.056338028169014086,0.020240700218818408
STEL,40,1656.02703,0.8389783453636869,0.7867687260798251,0.03023516237402013,0.849480021893815,0.4798034934497817,0.9165302782324058,0.8695414847161572,0.9507119386637459,0.8617614269788183,0.4570333880678708,0.35120350109409193,0.7245370370370371,NA,NA,NA,0.16849015317286653
DNLI,35,3596,0.01776790671848973,0.9770366320393657,0.006718924972004436,0.052545155993431854,0.1195414847161572,0.4855428259683579,0.1299126637554585,0.05257393209200438,0.023968784838350056,0.1631089217296114,0.1050328227571116,NA,0.022222222222222254,0.01764705882352946,NA,0.00820568927789933
NMRK,60,2318.7492,0.23431426985008327,0.21651175505740838,0.8426651735722285,0.034482758620689655,0.8193231441048034,0.7223131478450627,0.37063318777292575,0.5799561883899234,0.07971014492753623,0.3054187192118227,0.3282275711159737,0.05169753086419753,0.822875816993464,0.7797385620915033,0.3165660630449363,0.02516411378555794
ASTH,35,2066.52825,0.2543031649083842,0.8201202843083653,0.21556550951847708,0.35741652983032296,0.6932314410480349,0.5019094380796508,0.49945414847161573,0.38663745892661555,0.11594202898550725,0.5084838533114395,0.6969365426695843,0.25925925925925924,0.3921568627450981,0.24183006535947715,0.5392354124748491,0.21334792122538293
GIS,30,36784.835340000005,0.9472515269294837,0.7009294696555495,0.711646136618141,0.7471264367816092,0.6255458515283843,0.5226404800872886,0.8100436681222707,0.6434830230010953,0.44648829431438125,0.80623973727422,0.7538293216630197,0.5979938271604939,0.9437908496732026,0.9183006535947712,0.6344735077129443,0.34354485776805255
LBRT,10,3006.8543999999997,0.997223764575236,0.16675779114270095,0.3213885778275476,0.9277504105090312,0.8957423580786026,0.7910529187124932,0.9798034934497817,0.9923329682365827,0.3188405797101449,0.8746579091406678,0.9677242888402626,0.9575617283950617,0.5888888888888889,0.9215686274509804,0.8940308517773307,0.9359956236323851
ADT,25,6494.28978,0.9394780677401444,0.9300164024056862,0.9428891377379619,0.9200875752599891,0.7336244541484717,0.8537915984724496,0.20141921397379914,0.9266155531215772,0.9169453734671126,0.23371647509578544,0.23085339168490154,0.3618827160493827,0.9333333333333333,0.8771241830065359,0.2763246143527834,0.8194748358862145
WHD,10,4576.60096,0.6002220988339811,0.06615636960087479,0.04535274356103025,0.7192118226600985,0.3247816593886463,0.36552100381887614,0.5796943231441049,0.6106243154435925,0.4955406911928651,0.7925561029009305,0.8845733041575492,0.9228395061728395,0.2169934640522876,0.3947712418300654,0.903420523138833,0.887855579868709
EOLS,35,865.9061899999999,0.12159911160466408,0.4122471295790049,0.1063829787234043,0.12151067323481117,0.31495633187772926,0.04582651391162029,0.08733624454148471,0.08762322015334063,0.81493868450390194,0.9994526546250684,0.04212253829321663,NA,0.34509803921568627,0.24901960784313726,0.12072434607645875,0.9201312910284464
VCTR,40,4518.56232,0.8012215435868961,0.7003827227993439,0.7693169092945129,0.7635467980295566,0.23799126637554585,0.45881069285324605,0.6790393013100436,0.5668127053669222,0.6655518394648829,0.7378215654077723,0.7696936542669585,0.44135802469135804,NA,NA,0.5667337357478203,0.5158643326039387
ZS,45,31694.00485,0.15546918378678512,0.08419901585565881,0.11814109742441214,0.3541324575807334,0.08842794759825327,0.10692853246044735,0.24126637554585154,0.1429353778751369,0.9325529542920847,0.20525451559934318,0.20733041575492342,0.7901234567901234,0.7784313725490196,0.39150326797385626,0.07847082494969819,0.9551422319474836
DBX,45,6284.352,0.8461965574680733,0.8447238928376162,0.4764837625979843,0.9069512862616311,0.5092794759825328,0.044189852700491,0.8313318777292577,0.6659364731653888,0.9665551839464883,0.018609742747673783,0.9135667396061269,0.44830246913580246,0.6895424836601307,0.2875816993464052,0.9087860496311201,0.8408096280087527
COGT,35,1050.45558,0.01943364797334814,0.5030071077091307,NA,0.03065134099616858,0,0.2645935624659029,0.025109170305676855,0.01095290251916758,NA,0.03503010399562124,0.0087527352297593,NA,0.056862745098039236,0.04313725490196074,NA,0.8796498905908097
RCUS,35,1412.9452800000001,0.0277623542476402,0.9666484417714598,0.5643896976483762,0.01751505199781062,0.10753275109170306,0.5330060010911075,0.01910480349344978,0.004381161007667032,0.015050167224080268,0.06841817186644773,0.0650984682713348,0.036265432098765434,0.11830065359477127,0.08235294117647063,0.015425888665325285,0.14059080962800874
ZUO,45,1440.55503,0.07551360355358135,0.12028430836522686,0.4400895856662934,0.17077175697865354,0.3968340611353712,0.19803600654664485,0.11735807860262008,0.08707557502738225,0.8132664437012264,0.05966064586754242,0.11816192560175055,NA,0.3202614379084967,0.18366013071895426,0.12005365526492287,0.6690371991247265
SPGI,40,162134.856103,0.498611882287618,0.7736468015308912,0.3706606942889138,0.3842364532019704,0.1009825327510917,0.4195308237861429,0.3471615720524017,0.27491785323110624,0.7892976588628763,0.39080459770114945,0.5727571115973742,0.6959876543209876,0.8901960784313725,0.7300653594771243,0.7907444668008048,0.2724288840262582
CLBK,40,1909.10029,0.1404775124930594,0.5915800984144342,0.18253079507278835,0.3404488232074439,0.29748908296943233,0.7261320240043644,0.37827510917030566,0.24644030668127054,0.6549609810479375,0.3032293377120963,0.263129102844639,0.10648148148148148,NA,NA,NA,0.13512035010940915
AHCO,35,1349.58665,0.779011660188784,0.9524330235101148,0.47312430011198203,0.8713738368910783,0.9443231441048034,0.950354609929078,0.0054585152838427945,0.9381161007667032,0.25027870680044595,0.09578544061302682,0.09190371991247265,NA,0.7169934640522876,0.8130718954248366,0.29242119382964454,0.9726477024070022
DOCU,45,16097.38,0.6352026651860078,0.7545106615636961,0.4193729003359462,0.6617405582922824,0.22434497816593887,0.15930169121658483,0.26965065502183405,0.1774370208105148,0.9414715719063546,0.4362342638204707,0.4524070021881838,0.8395061728395061,0.8529411764705882,0.4457516339869281,0.7022132796780685,0.9863238512035011
GSHD,40,3076.44516,0.24208772903942255,0.2804811372334609,0.18029115341545354,0.32567049808429116,0.11026200873362445,0.07746863066012002,0.2701965065502183,0.18729463307776562,0.5066889632107023,0.9124247400109469,0.5678336980306345,0.8009259259259259,0.46405228758169936,0.30196078431372553,0.528504359490275,0.8397155361050328
SMAR,45,7793.89095,0.19322598556357579,0.14106068890103884,0.1786114221724524,0.35577449370552816,0.16048034934497818,0.1691216584833606,0.19159388646288208,0.11993428258488499,0.9453734671125975,0.1423097974822113,0.12308533916849015,0.9899691358024691,0.6549019607843137,0.3477124183006536,NA,0.9649890590809628
CCK,15,11016.910880000001,0.7995558023320377,0.4576271186440678,0.8202687569988802,0.692391899288451,0.8253275109170306,0.4413529732678669,0.6168122270742358,0.7683461117196057,0.1750278706800446,0.7564313081554461,0.4890590809628009,NA,0.7483660130718954,0.6189542483660131,0.3822937625754527,0.6816192560175054
WRB,40,24598.00395,0.665741254858412,0.29032258064516125,0.4098544232922733,0.8976464148877942,0.5960698689956332,0.5095471903982542,0.7429039301310044,0.5903614457831325,0.12318840579710146,0.729064039408867,0.5481400437636762,0.5601851851851852,NA,NA,0.8155600268276325,0.49288840262582057
KMB,30,46471.13808485,0.9450305385896725,0.8239475123018043,0.6494960806270997,0.6918445539135194,0.5545851528384279,0.0856519367157665,0.5889737991266376,0.559145673603505,0.4520624303232999,0.9879584017515052,0.8254923413566739,0.7160493827160493,0.8967320261437909,0.7986928104575164,0.7505030181086519,0.8140043763676149
CHX,10,5895.975,0.9311493614658523,0.8518316019682887,0.7127659574468085,0.7361795292829776,0.6768558951965066,0.4980905619203492,0.7254366812227074,0.8061336254107339,0.43032329988851725,0.7148330596606459,0.8101750547045952,0.6350308641975309,0.4647058823529412,0.596078431372549,0.7176391683433937,0.6799781181619255
EQH,40,15112.24351,0.3925596890616324,0.3127392017495899,0.9529675251959686,0.16694033935413247,0.7074235807860262,0.041462084015275506,0.892467248908297,0.8515881708652793,0.07915273132664437,0.9863163656267104,0.27078774617067836,NA,NA,NA,0.5144198524480215,0.10229759299781183
WH,25,7637.324020000001,0.7795669072737368,0.7823947512301804,0.8141097424412094,0.5944170771756979,0.24017467248908297,0.28532460447354063,0.5873362445414847,0.4759036144578313,0.637123745819398,0.8790366721401204,0.725382932166302,0.4104938271604938,0.8993464052287582,0.8124183006535948,0.5164319248826291,0.3096280087527352
INSP,35,5776.438620329999,0.05719044975013881,0.14652815746309455,0.052631578947368474,0.23043240284619596,0.1435589519650655,0.20512820512820512,0.23253275109170304,0.12814895947426067,0.9542920847268673,0.21729611384783798,0.17177242888402625,0.14583333333333334,0.05294117647058827,0.050980392156862786,NA,0.7067833698030634
ROAD,20,4771.91043,0.21876735147140478,0.25697102241662106,0.23180291153415455,0.3032293377120963,0.4268558951965066,0.23895253682487724,0.2980349344978166,0.25191675794085433,0.1426978818283166,0.4909688013136289,0.5711159737417943,NA,0.5026143790849673,0.7777777777777778,0.4674714956405097,0.787746170678337
EXPI,60,2129.20205,0.3325930038867296,0.655002733734281,0.8163493840985443,0.8434592227695676,0.9274017467248908,0.23295144571740317,0.22980349344978165,0.156078860898138,0.057971014492753624,0.21893814997263272,0.19201312910284463,0.4737654320987654,0.4464052287581699,0.2705882352941177,NA,0.9983588621444202
OBK,40,1070.96684,0.6973903387007219,0.6856205576817933,0.06103023516237405,0.8451012588943624,0.6277292576419214,0.9323513366066557,0.865174672489083,0.9096385542168675,0.7006688963210702,0.4274767378215654,0.3096280087527352,0.29398148148148145,NA,NA,NA,0.1849015317286652
SRRK,35,3625.1145,0.059966685174902834,0.9480590486604702,1,0.120415982484948,0,0.14184397163120568,0.12063318777292577,0.06736035049288061,NA,0.05090311986863711,0.018052516411378557,NA,0.042483660130718914,0.03594771241830064,0.047619047619047616,0.6389496717724289
RTX,20,162157.67928,0.40866185452526377,0.6167304537998907,0.3941769316909295,0.49261083743842365,0.5682314410480349,0.5728314238952537,0.3875545851528384,0.395947426067908,0.2480490523968785,0.3355227148330597,0.4179431072210066,0.5378086419753086,0.8098039215686275,0.8183006535947712,0.44802146210596916,0.3730853391684902
BJ,30,12720.652199999999,0.75791227096057745,0.45544013121924554,0.593505039193729,0.36015325670498083,0.894650655021834,0.24440807419530824,0.6179039301310044,0.5186199342825849,0.16109253065774806,0.909688013136289,0.7576586433260394,0.24151234567901234,0.9235294117647059,0.9790849673202614,0.7914151576123407,0.3791028446389497
BV,20,1624.5000000000002,0.46585230427540253,0.6386003280481137,0.6422172452407615,0.5172413793103449,0.9061135371179039,0.685215493726132,0.22543668122270744,0.7168674698795181,0.2948717948717949,0.2501368363437329,0.237417943107221,NA,0.5483660130718955,0.8137254901960784,0.20925553319919518,0.47374179431072205
UGI,55,6520.3782599999995,0.44031093836757357,0.9414980863860033,0.8784994400895857,0.3667214012041598,0.8722707423580786,0.8603382433169667,0.015283842794759825,0.12650602409638553,0.03288740245261984,0.1116584564860427,0.1187089715536105,NA,0.8699346405228758,0.8065359477124183,0.12944332662642521,0.9316192560175055
KDP,30,44288.2231,0.6829539144919489,0.676872607982504,0.5369540873460246,0.3672687465790914,0.4344978165938865,0.8363338788870703,0.6954148471615721,0.4939759036144578,0.6789297658862876,0.4395183360700602,0.5694748358862144,0.13425925925925927,0.9915032679738562,0.954248366013072,0.6063044936284373,0.07822757111597378
TENB,45,5043.2672999999995,0.17157134925041642,0.25095680699835976,0.2743561030235162,0.43842364532019706,0.2046943231441048,0.15384615384615385,0.1861353711790393,0.13855421686746988,0.9253065774804905,0.12370005473453749,0.1537199124726477,0.6226851851851852,0.7254901960784313,0.4209150326797385,0.13547954393024816,0.9195842450765864
BE,20,6274.4112000000005,0.01665741254858412,0.11372334609075996,0.3857782754759238,0.07006020799124248,0.28056768558951967,0.1740316421167485,0.11572052401746726,0.140197152245345,0.30824972129319955,0.047619047619047616,0.09299781181619256,NA,0.16928104575163394,0.21764705882352942,0.13279678068410464,0.05087527352297594
CCB,40,1036.7931999999998,0.7184897279289284,0.1503553854565336,0.034714445688689755,0.9655172413793104,0.6102620087336245,0.4839061647572286,0.6375545851528385,0.9874041621029573,0.5947603121516165,0.6710454296661194,0.35940919037199126,0.9066358024691358,NA,NA,NA,0.5010940919037199
CRNX,35,4624.1052,0.03164908384230983,0.023510114816839844,0.9076147816349385,0.12643678160919541,0.027838427947598252,0.24004364429896344,0.11844978165938864,0.06462212486308871,0.007803790412486065,0.0755336617405583,0.022428884026258207,NA,0.02352941176470591,0.021568627450980427,NA,0.8036105032822757
LQDA,35,977.55735,0.08051082731815658,0.9141607435757244,0.41993281075028,0.11384783798576902,0.04203056768558952,0.12111292962356793,0.07751091703056769,0.054764512595837894,0.9860646599777034,0.031198686371100164,0.007658643326039387,NA,0.10261437908496729,0.07385620915032676,0.07511737089201878,0.9857768052516411
REPL,35,963.31136,0.03720155469183787,0.9863313285948606,NA,0.02079912424740011,0,0.6001091107474086,0.018013100436681223,0.00547645125958379,NA,0.08264915161466886,0.032275711159737416,NA,0.030065359477124187,0.028104575163398704,0.03755868544600939,0.574945295404814
VRT,20,47892.8736,0.2215435868961688,0.23236741388737014,0.22452407614781633,0.3344280240831965,0.1861353711790393,0.11565739225313694,0.2925764192139738,0.22453450164293537,0.4280936454849498,0.8160919540229885,0.675601750547046,NA,0.4928104575163399,0.6130718954248366,0.5305164319248826,0.6143326039387309
SONO,25,1657.20804,0.38589672404219877,0.9606342263531985,0.7894736842105263,0.45867542419266555,0.8034934497816594,0.5259138025095472,0.2177947598253275,0.2552026286966046,0.5613154960981048,0.2320744389709907,0.21444201312910285,NA,0.4509803921568627,0.44967320261437904,0.09456740442655935,0.8156455142231948
ARLO,45,1125.82602,0.20377568017767908,0.4707490431930016,0.6746920492721165,0.4690749863163656,0.550764192139738,0.19148936170212766,0.17194323144104803,0.10898138006571742,0.39018952062430323,0.12862616310892172,0.13129102844638948,NA,0.5640522875816993,0.3712418300653595,NA,0.9666301969365426
AMAL,40,1092.73647,0.694058856191005,0.6271186440677966,0.10078387458006721,0.8708264915161467,0.4606986899563319,0.7184942716857611,0.8739082969432315,0.8647316538882804,0.8338907469342252,0.6584564860426929,0.3386214442013129,0.31635802469135804,NA,NA,NA,0.16958424507658643
ELAN,35,6530.403130000001,0.38089950027762354,0.900492072170585,0.6758118701007838,0.3634373289545703,0.6970524017467249,0.9432624113475178,0.02292576419213974,0.6128148959474261,0.6967670011148273,0.14559386973180077,0.12691466083150985,0.14660493827160495,0.2640522875816993,0.6647058823529413,0.22065727699530516,0.813457330415755
FTDR,25,4443.2864,0.7523598001110494,0.6719518862766539,0.49104143337066064,0.5391351943076081,0.5125545851528385,0.09819967266775777,0.5949781659388647,0.5016429353778752,0.6070234113712375,0.9819376026272578,0.9228665207877462,0.7770061728395061,0.7764705882352941,0.32614379084967315,0.6203890006706908,0.3687089715536105
GTX,25,1811.00576,0.883953359244864,0.8485511208310552,0.4708846584546472,0.9737274220032841,0.9355895196506551,0.0070921985815602835,0.9683406113537117,0.9441401971522454,0.19119286510590858,0.055281882868089764,0.8287746170678337,0.6604938271604939,0.8183006535947712,0.7627450980392156,0.41582830315224684,0.7390590809628008
CW,20,14178.51124,0.38145474736257634,0.5226899945325314,0.383538633818589,0.4444444444444444,0.2663755458515284,0.3415166393889798,0.44486899563318777,0.3148959474260679,0.5061315496098104,0.6683087027914614,0.7521881838074398,0.7384259259259259,0.38431372549019605,0.5091503267973856,0.721663313212609,0.29868708971553615
ARVN,35,1835.664,0.043309272626318715,0.5669764898851832,0.9787234042553191,0.022988505747126436,0.0584061135371179,0.5646481178396072,0.02074235807860262,0.001095290251916758,0.014492753623188406,0.05692391899288451,0.05415754923413567,NA,0.09869281045751632,0.06797385620915031,NA,0.2592997811816192
UPWK,20,2268.32899,0.18822876179900055,0.8392564242755605,0.38017917133258683,0.2627257799671593,0.4028384279475983,0.3311511183851609,0.39847161572052403,0.14457831325301204,0.8901895206243032,0.6343732895457034,0.5804157549234136,NA,0.2287581699346405,0.1777777777777778,0.107981220657277,0.07111597374179435
GH,35,4385.656379999999,0.03053858967240422,0.26517222525970474,0.17469204927211646,0.06513409961685823,0.1675764192139738,0.09874522640480088,0.05731441048034935,0.03614457831325301,0.7920847268673356,0.008210180623973728,0.056345733041575495,NA,0.06470588235294117,0.05294117647058827,0.014084507042253521,0.7822757111597374
REZI,20,3994.69896,0.8906163242642976,0.512848551120831,0.732922732362822,0.8084291187739464,0.8941048034934498,0.8210583742498636,0.7183406113537117,0.8674698795180723,0.2987736900780379,0.4094143404488232,0.49835886214442016,0.9529320987654321,0.47124183006535947,0.5647058823529412,0.7028839704896043,0.4228665207877462
ACA,20,5299.13328,0.4258745141588007,0.3810825587752871,0.6063829787234043,0.2917350848385331,0.5491266375545851,0.6732133115111838,0.5070960698689956,0.4578313253012048,0.26198439241917504,0.3760262725779967,0.5924507658643327,0.7453703703703703,0.38888888888888884,0.7019607843137254,0.6016096579476862,0.37472647702407
YETI,25,3424.38525,0.8872848417545808,0.14051394204483325,0.606942889137738,0.7465790914066777,0.5944323144104804,0.3955264593562466,0.6981441048034934,0.6588170865279299,0.6928651059085842,0.8210180623973727,0.9053610503282276,0.9405864197530864,0.3522875816993464,0.29346405228758166,0.9812206572769953,0.8047045951859957
PG,30,422164.80536958,0.8212104386451972,0.644614543466375,0.6170212765957447,0.5457033388067871,0.26200873362445415,0.26786688488816146,0.5584061135371179,0.4112814895947426,0.6677814938684504,0.8565955117679256,0.8736323851203501,0.5895061728395061,0.9215686274509804,0.6666666666666667,0.8705566733735748,0.46936542669584247
SWI,45,2277.1362,0.6052193225985564,0.6293056314926189,0.5307950727883539,0.789272030651341,0.4334061135371179,0.7834151663938898,0.23034934497816595,0.5700985761226726,0.9855072463768116,0.24958949096880131,0.23522975929978118,0.6026234567901234,0.8705882352941177,0.4516339869281045,0.24480214621059693,0.6236323851203501
BFC,40,1069.98244,0.390893947806774,0.19300164024056865,0.0879059350503919,0.5227148330596606,0.23471615720524017,0.7484997272231315,0.8198689956331878,0.712486308871851,0.8439241917502787,0.6124794745484401,0.4102844638949672,0.5841049382716049,NA,NA,NA,0.10448577680525162
GDYN,45,1526.6409,0.1543586896168795,0.42646254784034987,0.6618141097424413,0.3825944170771757,0.27074235807860264,0.44680851063829785,0.24344978165938866,0.16757940854326397,0.46265328874024525,0.25287356321839083,0.2286652078774617,0.6419753086419753,0.051633986928104614,0.04771241830065365,NA,0.8167396061269147
TWST,35,2895.57086,0.06218767351471405,0.9699289229086933,0.22676371780515114,0.09140667761357417,0.10971615720524018,0.4004364429896345,0.08788209606986899,0.05366922234392114,0.5406911928651059,0.11330049261083744,0.06728665207877461,NA,0.07973856209150332,0.07189542483660127,0,0.6947483588621444
AMR,15,3196.3392501599997,0.963353692393115,0.5123018042646255,0.9081746920492721,0.9688013136288999,0.824235807860262,0.6983087834151664,0.9885371179039302,0.9928806133625411,0.36064659977703456,0.9272030651340997,0.9945295404814004,0.1597222222222222,0.1915032679738562,0.36274509803921573,0.9731723675385647,0.5847921225382933
UTZ,30,1436.98658,0.359800111049417,0.8146528157463094,0.6287793952967525,0.32074438970990693,0.8045851528384279,0.7277686852154938,0.17903930131004367,0.4184008762322015,0.3862876254180602,0.2194854953475643,0.21553610503282275,NA,0.6176470588235294,0.7202614379084967,0.19114688128772636,0.42997811816192555
DELL,45,42598.983660000005,0.9367018323153803,0.9136139967195188,0.8924972004479284,0.9299397920087575,0.9312227074235808,0.03546099290780142,0.8509825327510917,0.8970427163198248,0.2770345596432553,0.03065134099616858,0.5404814004376368,0.9837962962962963,0.9196078431372549,0.8006535947712419,0.46210596914822266,0.6504376367614879
MRNA,35,16570.26308,0.1538034425319267,0.9901585565882997,0.9910414333706606,0.0180623973727422,0.527292576419214,0.8952536824877251,0.01037117903930131,0.013691128148959474,0.7586399108138239,0.11548987411056376,0.07221006564551423,0.034722222222222224,0.1869281045751634,0.13006535947712417,0.021462105969148222,0.6985776805251641
NFE,10,2682.64073,0.8084397556912826,0.0650628758884636,0.6343784994400896,0.0038314176245210726,0.7729257641921398,0.779050736497545,0.9852620087336245,0.7897042716319824,0.5568561872909699,0.8949096880131363,0.6684901531728665,NA,0.9647058823529412,0.7699346405228759,0.2595573440643863,0.3845733041575492
SO,55,97658.31492,0.6363131593559134,0.5467468562055768,0.8947368421052632,0.180623973727422,0.3406113537117904,0.6546644844517185,0.6157205240174672,0.49726177437020813,0.4927536231884058,0.5845648604269293,0.4775711159737418,NA,0.9091503267973856,0.9241830065359478,0.31120053655264923,0.34792122538293213
FOXA,50,10420.8236,0.8989450305385897,0.6801530891197376,0.803471444568869,0.9359605911330049,0.8657205240174672,0.9405346426623022,0.9677947598253275,0.9556407447973713,0.4018952062430323,0.6195949644225506,0.7149890590809628,0.4837962962962963,0.2941176470588235,0.2241830065359477,0.5848423876592891,0.26094091903719907
LEVI,25,1828.4985,0.9894503053858967,0.6905412793876435,0.6741321388577828,0.7263273125342091,0.9683406113537117,0.955810147299509,0.9612445414847162,0.9496166484118291,0.7107023411371237,0.5769020251778872,0.563457330415755,NA,0.5947712418300654,0.7241830065359477,0.7739771965124078,0.387855579868709
DOW,15,30951.067320000002,0.6923931149361466,0.8534718425369054,0.9412094064949608,0.8325123152709359,0.88264192139738,0.7708674304418985,0.3804585152838428,0.7924424972617744,0.12430323299888517,0.2977558839627805,0.325492341356674,0.17978395061728394,0.48235294117647054,0.5477124183006536,0.4024144869215292,0.7270240700218819
LYFT,20,7053.12496,0.13714602998334258,0.693821760524877,0.47760358342665177,0.1319102353585112,0.6703056768558951,0.16803055100927441,0.11517467248908297,0.07502738225629792,0.41638795986622074,0.04542966611932129,0.13457330415754923,NA,0.8784313725490196,0.4745098039215686,0.059691482226693494,0.5738512035010941
TW,40,15749.0295,0.41865630205441423,0.23182066703116455,0.35330347144456886,0.6059113300492611,0.11080786026200873,0.5460992907801419,0.42194323144104806,0.39266155531215774,0.6321070234113713,0.3765736179529283,0.6367614879649891,0.5864197530864198,NA,NA,0.9818913480885312,0.6072210065645514
PD,45,1914.8922,0.14491948917268185,0.2219792236194642,0.29115341545352746,0.49206349206349204,0.3034934497816594,0.18876159301691217,0.125,0.07995618838992333,0.9604236343366778,0.09250136836343732,0.11597374179431072,0.9722222222222222,0.303921568627451,0.17124183006535942,0.06371562709590879,0.9452954048140044
ZM,45,21673.049,0.42143253747917825,0.12848551120831053,0.6047032474804032,0.7405582922824302,0.27729257641921395,0.5761047463175123,0.5005458515283843,0.4293537787513691,0.9091415830546266,0.45539135194307606,0.723741794310722,0.6118827160493827,0.1215686274509804,0.0862745098039216,NA,0.8326039387308534
PINS,50,17987.15808,0.22765130483064963,0.8983050847457628,0.4384098544232923,0.4915161466885605,0.22270742358078602,0.3382433169667212,0.24072052401746724,0.15443592552026286,0.9002229654403567,0.24028461959496442,0.21389496717724288,0.6697530864197531,0.03137254901960784,0.03790849673202612,NA,0.9436542669584245
CAT,20,196070.71539198,0.7706829539144919,0.3909240021869874,0.3471444568868981,0.6305418719211823,0.44759825327510916,0.20894708128750683,0.7210698689956332,0.5892661555312158,0.45707915273132665,0.9452654625068418,0.8719912472647703,0.816358024691358,0.6464052287581699,0.7169934640522876,0.7350771294433266,0.3801969365426696
PLMR,40,2866.2677999999996,0.22820655191560243,0.08310552214324762,0.31243001119820824,0.5561029009304871,0.17139737991266377,0.32569558101472995,0.47707423580786024,0.31106243154435925,0.3277591973244147,0.7120963327859879,0.6269146608315098,0.2646604938271605,NA,NA,0.9047619047619048,0.33479212253829327
PSN,20,10184.6829,0.36535258189894504,0.2033898305084746,0.14613661814109746,0.5161466885604816,0.618995633187773,0.41189307146753956,0.3433406113537118,0.32749178532311063,0.2346711259754738,0.391351943076081,0.5268052516411379,0.7947530864197531,0.5784313725490196,0.757516339869281,0.7572099262240107,0.5853391684901532
UBER,20,151526.81963999997,0.2620766240977235,0.13942044833242206,0.28331466965285557,0.38587848932676516,0.3296943231441048,0.16693944353518822,0.3116812227074236,0.18674698795180722,0.36845039018952064,0.7416529830322933,0.6312910284463895,0.9760802469135802,0.7235294117647059,0.43856209150326797,0.2823608316566063,0.5300875273522976
KTB,25,5060.840980000001,0.8473070516379789,0.5161290322580645,0.7066069428891377,0.722495894909688,0.6064410480349345,0.16639388979814512,0.6626637554585153,0.48083242059145676,0.5156075808249722,0.9589490968801314,0.9059080962800875,0.9552469135802469,0.27712418300653596,0.4810457516339869,0.6753856472166331,0.7281181619256017
AVTR,35,14333.73084,0.6285397001665741,0.8305084745762712,0.8213885778275476,0.6332785987958401,0.5906113537117904,0.6159301691216584,0.4143013100436681,0.49835706462212487,0.47101449275362317,0.3656267104542967,0.4485776805251641,0.4652777777777778,0.5405228758169935,0.7751633986928105,0.3454057679409792,0.47483588621444206
FSLY,45,1189.744,0.15657967795669073,0.9721159103335156,0.27379619260918253,0.1477832512315271,0.5403930131004366,0.8876159301691217,0.055676855895196505,0.03943044906900329,0.774247491638796,0.16475095785440613,0.13293216630196936,NA,0.21895424836601307,0.16470588235294115,0.029510395707578806,0.7292122538293216
CTVA,15,42777.11632,0.7051637978900611,0.6621104428649536,0.7250839865621501,0.4307608100711549,0.513646288209607,0.7643207855973814,0.40556768558951967,0.6051478641840088,0.5540691192865106,0.3114395183360701,0.43435448577680524,0.941358024691358,0.5601307189542484,0.6640522875816993,0.7109322602280349,0.28993435448577676
BCO,20,4220.714529999999,0.6907273736812882,0.527063969382176,0.4787234042553191,0.9009304871373837,0.8335152838427947,0.2193126022913257,0.3930131004366812,0.7738225629791895,0.3210702341137124,0.7427476737821566,0.362691466083151,0.7762345679012346,0.611764705882353,0.4549019607843138,0.3380281690140845,0.7970459518599562
IDYA,35,2362.75488,0.016102165463631316,0.03171131765992341,0.9876819708846585,0.10290093048713739,0.039301310043668124,0.46153846153846156,0.11626637554585152,0.052026286966046005,0.013377926421404682,0.12753147235905857,0.0700218818380744,NA,0.007843137254901933,0.007189542483660105,NA,0.10667396061269152
TMDX,35,2910.16102,0.020544142143253747,0.009841443411700346,0.011758118701007847,0.09359605911330049,0.10862445414847162,0.11783960720130933,0.2052401746724891,0.15772179627601315,0.7926421404682275,0.15654077723043242,0.15536105032822758,NA,0.03856209150326795,0.042483660130718914,0.15425888665325285,0.33369803063457326
RVLV,25,1381.43104,0.3897834536368684,0.4581738655002734,0.7536394176931691,0.4422550629447181,0.7347161572052402,0.4773595199127114,0.39246724890829693,0.2683461117196057,0.6287625418060201,0.3891625615763547,0.6012035010940919,0.8472222222222222,0.2588235294117647,0.2503267973856209,NA,0.3429978118161926
CRWD,45,80905.43047,0.13214880621876735,0.07709130672498632,0.10414333706606937,0.2988505747126437,0.05403930131004367,0.0867430441898527,0.25600436681222705,0.1566265060240964,0.9180602006688964,0.33278598795840175,0.38402625820568925,0.6782407407407407,0.48496732026143796,0.25163398692810457,0.16700201207243462,0.9469365426695843
CHWY,25,4452.116369999999,0.40810660744031096,0.09841443411700379,0.40257558790593506,0.782703886152162,0.9481441048034934,0.23622476813966176,0.287117903930131,0.21960569550930997,0.30267558528428096,0.5227148330596606,0.37199124726477023,0.9004629629629629,0.8333333333333334,0.484313725490196,0.09590878604963111,0.9294310722100656
CL,30,78947.77292999999,0.8284286507495836,0.5024603608529251,0.458006718924972,0.5407772304324029,0.33024017467248906,0.07092198581560284,0.49617903930131,0.4222343921139102,0.7246376811594203,0.9912424740010947,0.9064551422319475,0.7600308641975309,0.7647058823529411,0.7052287581699346,0.8028169014084507,0.7784463894967177
GO,30,2039.856,0.7684619655746807,0.3805358119190815,0.3919372900335947,0.7279693486590039,0.9224890829694323,0.7719585379159847,0.5982532751091703,0.49616648411829134,0.3539576365663322,0.3727422003284072,0.4699124726477024,0.8665123456790124,0.6503267973856209,0.6490196078431373,0.5110663983903421,0.7297592997811816
ADPT,35,876.51828,0.11937812326485286,0.981957353745216,0.8325867861142218,0.02353585112205802,0.25327510917030566,0.5564648117839607,0.013100436681222707,0.011500547645125958,0.7965440356744704,0.060755336617405585,0.05196936542669584,NA,0.11176470588235299,0.08692810457516342,0.060362173038229376,0.7817286652078774
BBIO,35,5119.65783,0.10827318156579678,0.9404045926735921,0.9949608062709966,0.05199781061850027,0.03111353711790393,0.009819967266775777,0.04694323144104803,0.038335158817086525,0.006688963210702341,0.9315818281335523,0.0032822757111597373,NA,0.1986928104575163,0.11633986928104578,0.09121395036887994,0.9535010940919038
AKRO,35,2234.6415,0.001110494169905608,0.03553854565336245,NA,0.07827038861521621,0,0.4277141298417894,0.0906113537117904,0.03450164293537788,NA,0.10071154898741105,0.04540481400437637,NA,0.004575163398692794,0.0032679738562091387,0.02682763246143528,0.25
IMVT,35,4133.133,0.009994447529150472,0.03335155822854019,NA,0.10016420361247948,0,0.2995090016366612,0.0982532751091703,0.049835706462212484,NA,0.07170224411603722,0.019693654266958426,NA,0.021568627450980427,0.018954248366013116,NA,0.7576586433260394
PHR,35,1214.96619,0.11993337034980567,0.6998359759431383,0.16461366181410975,0.13957307060755336,0.3864628820960699,0.3884342607746863,0.055131004366812224,0.03723986856516977,0.778149386845039,0.07443897099069513,0.03555798687089715,NA,0.47973856209150323,0.3849673202614379,0.02012072434607646,0.9841356673960613
CSTL,35,847.11328,0.09272626318711827,0.6413340623291416,0.04311310190369544,0.1625615763546798,0.34170305676855894,0.6584833606110202,0.09115720524017468,0.039978094194961664,0.9230769230769231,0.16146688560481665,0.09846827133479212,NA,0.06797385620915031,0.06274509803921569,0.0013413816230717639,0.8517505470459519
DKNG,25,21284.962199999998,0.09439200444197668,0.7884089666484417,0.04031354983202684,0.22386425834701698,0.2259825327510917,0.10583742498636116,0.13537117903930132,0.09364731653888281,0.5195094760312151,0.04488232074438971,0.07603938730853392,NA,0.6562091503267974,0.31241830065359477,0.011401743796109993,0.9545951859956237
MIRM,35,2217.08096,0.042754025541365905,0.02132312739201747,0.013437849944008984,0.13738368910782703,0.1091703056768559,0.22749590834697217,0.08569868995633188,0.0728368017524644,0.9258639910813824,0.03940886699507389,0.04431072210065645,NA,0.12352941176470589,0.10849673202614374,0.0925553319919517,0.9474835886214442
XPEL,25,1202.688,0.46862853970016655,0.0847457627118644,0.20268756998880177,0.41488779419813904,0.42740174672489084,0.3055100927441353,0.6462882096069869,0.4813800657174151,0.5301003344481605,0.8828680897646415,0.9808533916849015,0.970679012345679,0.14379084967320266,0.6326797385620915,0.9483568075117371,0.02789934354485779
DT,45,16771.81596,0.3042754025541366,0.11864406779661019,0.1892497200447928,0.37219485495347565,0.11135371179039301,0.24386252045826515,0.2893013100436681,0.1823658269441402,0.9498327759197325,0.4389709906951286,0.6148796498905909,0.49691358024691357,0.681045751633987,0.4339869281045752,0.9671361502347418,0.701312910284464
CFB,40,853.6426499999999,0.6340921710161022,0.24494259158009846,0.03415453527435608,0.8702791461412152,0.6195414847161572,0.8908892525913803,0.8635371179039302,0.9375684556407448,0.6198439241917503,0.4931581828133552,0.32221006564551424,0.5733024691358025,NA,NA,NA,0.1838074398249453
KRUS,25,1182.6421200000002,0.061632426429761245,0.04373974849644613,0.12541993281075026,0.17679255610290093,0.2052401746724891,0.2825968357883252,0.25709606986899564,0.1664841182913472,0.1605351170568562,0.270935960591133,0.2789934354485777,NA,0.22483660130718952,0.1379084967320261,0.5097250167672703,0.6646608315098468
TXG,35,1701.2682,0.12048861743475847,0.8879168944778567,0.23964165733482645,0.12479474548440066,0.47270742358078605,0.6366612111292962,0.03329694323144105,0.030120481927710843,0.8394648829431438,0.10454296661193213,0.06455142231947483,NA,0.11045751633986933,0.11960784313725492,0.002012072434607646,0.974288840262582
NET,45,30519.428620000002,0.07107162687395892,0.3931109896118097,0.12374020156774912,0.24958949096880131,0.05786026200873363,0.08401527550463721,0.21997816593886463,0.14074479737130338,0.9632107023411371,0.120415982484948,0.13676148796498905,NA,0.18039215686274512,0.12483660130718954,0.04024144869215292,0.9370897155361051
NVST,35,3836.04213,0.645752359800111,0.6899945325314379,0.683090705487122,0.6715927750410509,0.6915938864628821,0.9519912711402073,0.15283842794759825,0.7382256297918949,0.7363433667781494,0.22769567597153803,0.20459518599562362,0.8341049382716049,0.36601307189542487,0.27189542483660134,0.5358819584171697,0.6044857768052516
DDOG,45,47843.4385,0.11715713492504164,0.08037178786221977,0.16237402015677493,0.3043240284619595,0.0611353711790393,0.11074740861974905,0.2554585152838428,0.14895947426067907,0.9448160535117057,0.2950191570881226,0.37472647702407,0.7800925925925926,0.21633986928104576,0.14313725490196083,0.1006036217303823,0.9447483588621444
PNTG,35,1070.97064,0.2848417545807885,0.4439584472389284,0.3107502799552072,0.3973727422003284,0.6031659388646288,0.2711402073104201,0.31222707423580787,0.22508214676889376,0.0875139353400223,0.49808429118773945,0.45678336980306344,NA,0.761437908496732,0.8849673202614379,0.5070422535211268,0.43873085339168494
EQX,15,2572.9874000000004,0.22376457523598,0.23072717331875336,0.32530795072788354,0.07936507936507936,0.5376637554585153,0.9443535188216039,0.3029475982532751,0.6226725082146769,0.3249721293199554,0.27257799671592775,0.2899343544857768,NA,0.4908496732026144,0.45947712418300657,0.16834339369550638,0.7472647702407003
HIMS,35,6769.45422,0.0832870627429206,0.14160743575724444,0.038633818589025704,0.26655719759168034,0.16812227074235808,0.12329514457174032,0.23471615720524017,0.1380065717415115,0.9375696767001115,0.19540229885057472,0.1449671772428884,NA,0.2313725490196078,0.15098039215686276,NA,0.973741794310722
PTON,25,3756.7081200000002,0.28428650749583567,0.9775833788955713,0.7737961926091825,0.16146688560481665,0.7150655021834061,0.02127659574468085,0.036026200873362446,0.06681270536692223,0.5596432552954292,0.9775588396278051,0.06838074398249452,NA,0.45686274509803926,0.3183006535947712,0.11267605633802817,0.9518599562363238
SWTX,35,3083.4157999999998,0.014991671293725709,0.1951886276653909,NA,0.06732348111658457,0.03056768558951965,0.38352427714129844,0.05949781659388646,0.024644030668127054,0.007246376811594203,0.06787082649151614,0.02024070021881838,NA,0.06666666666666665,0.04705882352941182,NA,0.9206783369803063
PGNY,35,1325.83221,0.5402554136590783,0.05795516675779111,0.09518477043673013,0.9326765188834154,0.75,0.6257501363884342,0.675764192139738,0.5147864184008762,0.1967670011148272,0.5998905309250137,0.812363238512035,0.8634259259259259,0.18496732026143792,0.1725490196078432,NA,0.9507658643326039
BRC,20,3311.93536,0.7645752359800111,0.3149261891744123,0.664053751399776,0.6464148877941981,0.5152838427947598,0.530278232405892,0.7625545851528385,0.651697699890471,0.6482720178372352,0.7230432402846196,0.8977024070021882,0.4020061728395062,0.35882352941176465,0.33529411764705885,0.9617706237424547,0.4595185995623632
BWIN,40,3308.17824,0.15491393670183232,0.6506287588846364,0.18477043673012317,0.2676518883415435,0.47652838427947597,0.33387888707037644,0.15010917030567686,0.23493975903614459,0.25139353400222963,0.15599343185550082,0.18927789934354486,NA,0.8712418300653595,0.7313725490196079,0.158953722334004,0.44912472647702406
MCBS,40,869.9008800000001,0.44086618545252637,0.5965008201202844,0.16517357222844342,0.8237547892720306,0.3269650655021834,0.6388434260774686,0.7609170305676856,0.6221248630887185,0.68506131549609806,0.6174055829228243,0.38183807439824946,0.2152777777777778,NA,NA,NA,0.21991247264770242
VIR,35,1088.17976,0.10605219322598557,0.9923455440131219,0.996080627099664,0.004378762999452655,0.1037117903930131,0.9803600654664485,0.0049126637554585155,1,0.01282051282051282,0.1023535851122058,0.06291028446389496,0.043209876543209874,0.0398692810457516,0.03529411764705881,NA,0.027352297592997843
AVPT,45,3309.56915,0.12326485285952249,0.3974849644614543,0.27323628219484886,0.2813355227148331,0.1064410480349345,0.14457174031642117,0.21670305676855894,0.13581599123767799,0.8556298773690078,0.1811713191023536,0.15645514223194748,NA,0.45882352941176474,0.2529411764705882,NA,0.8916849015317286
ETNB,35,954.07274,0.006107717934480844,0.006560962274466897,NA,0.037219485495347565,0,0.7375886524822695,0.034934497816593885,0.004928806133625411,NA,0.09140667761357417,0.037199124726477024,NA,0.007189542483660105,0.0065359477124182774,0.031522468142186455,0.4048140043763676
ASTS,50,4770.21445,0.05441421432537479,0.9650082012028431,1,0.09414340448823208,0,0.07965084560829241,0.17521834061135372,0.08214676889375684,NA,0.04324028461959496,0.06947483588621445,NA,0.3483660130718954,0.17712418300653598,0.028839704896042925,0.009299781181619227
SITM,45,4961.62156,0.08106607440310938,0.0978676872607982,0.9826427771556551,0.22769567597153803,0.04912663755458515,0.28914348063284234,0.18340611353711792,0.10843373493975904,0.7408026755852842,0.1746031746031746,0.11433260393873085,0.0625,0.09477124183006536,0.07647058823529407,NA,0.8271334792122538
BILL,45,9337.49934,0.2631871182676291,0.8622197922361946,0.2071668533034714,0.43240284619594965,0.1806768558951965,0.6426623022367703,0.23635371179039302,0.13088718510405256,0.9609810479375697,0.24904214559386972,0.23304157549234136,0.7654320987654321,0.5627450980392157,0.5516339869281046,0.0892018779342723,0.40317286652078776
HESM,10,3944.2909,0.9072737368128817,0.4368507381082559,0.5223964165733483,0.952928297755884,0.4470524017467249,0.18439716312056736,0.50764192139738,0.8789704271631983,0.8918617614269788,NA,0.4972647702407002,0.48148148148148145,0.9444444444444444,0.9620915032679739,0.49899396378269617,0.9573304157549234
SPT,45,1629.7539600000002,0.10049972237645752,0.06998359759431383,0.13661814109742443,0.24247400109469075,0.26965065502183405,0.18657937806873978,0.12882096069868995,0.08050383351588171,0.9113712374581939,0.08319649698960044,0.0787746170678337,0.17515432098765432,0.7823529411764706,0.48300653594771237,0.05030181086519115,0.962800875273523
FMC,15,7376.5592400000005,0.7312604108828429,0.3903772553307818,0.944568868980963,0.07115489874110564,0.6632096069868996,0.773595199127114,0.9814410480349345,0.6369112814895947,0.544593088071349,0.8916256157635468,0.8741794310722101,0.031635802469135804,0.5777777777777777,0.8751633986928105,0.4124748490945674,0.008752735229759279
REYN,30,5818.94274,0.9106052193225985,0.8080918534718425,0.7200447928331467,0.8352490421455939,0.6801310043668122,0.6110201854882706,0.7101528384279476,0.6391018619934282,0.2826086956521739,0.6458675424192666,0.6805251641137856,0.9637345679012346,0.3758169934640523,0.7058823529411764,0.4842387659289068,0.6936542669584245
ARQT,35,1525.66696,0.041088284286507494,0.9835975943138326,0.0016797312430011369,0.02736726874657909,0.055131004366812224,0.1352973267866885,0.028384279475982533,0.018619934282584884,0.9938684503901896,0.019704433497536946,0.007111597374179431,NA,0.057516339869281063,0.051633986928104614,0.08651911468812877,0.4452954048140044
CLSK,45,3887.3862999999997,0.06885063853414769,0.030617823947512335,0.15677491601343785,0.15873015873015872,0.05949781659388646,0.3431533006001091,0.1381004366812227,0.15279299014238773,0.5440356744704571,0.12534209085933223,0.07056892778993436,0.020061728395061727,0.6352941176470588,0.5705882352941176,0.0335345405767941,0.9398249452954048
SDGR,35,1437.5961499999999,0.09050527484730705,0.1760524876981957,0.24244120940649494,0.051450465243568694,0.1970524017467249,0.5902891434806329,0.48580786026200873,0.020262869660460023,0.7798216276477146,0.41707717569786534,0.6351203501094091,NA,0.1333333333333333,0.10130718954248363,NA,0.005470459518599591
RVMD,35,9731.46915,0.03387007218212104,0.010388190267905939,0.9916013437849944,0.12807881773399016,0.028384279475982533,0.3617021276595745,0.12281659388646288,0.060240963855421686,0.008918617614269788,0.10180623973727422,0.04923413566739606,NA,0.024183006535947738,0.02026143790849677,NA,0.62472647702407
BEAM,35,2259.63983,0.012215435868961688,0.32422088572990704,0.0033594624860022737,0.06349206349206349,0.21943231441048036,0.6350245499181669,0.10207423580786026,0.02792990142387733,0.026755852842809364,0.15544608648056923,0.11487964989059081,NA,0.07777777777777772,0.05228758169934644,NA,0.08807439824945296
CARR,20,69418.45299,0.2537479178234314,0.10333515582285402,0.45968645016797316,0.4641488779419814,0.41375545851528384,0.26895799236224766,0.38427947598253276,0.3559693318729463,0.35451505016722407,0.6694033935413246,0.5913566739606126,0.7260802469135802,0.2666666666666667,0.22549019607843135,0.6680080482897385,0.4879649890590809
OTIS,20,41136.493780000004,0.4586340921710161,0.5565882996172772,0.5806270996640537,0.5188834154351396,0.45360262008733626,0.024549918166939442,0.5474890829694323,0.4085432639649507,0.34448160535117056,0.1143951833607006,0.9020787746170679,0.4783950617283951,0.8366013071895425,0.7549019607843137,0.8034875922199866,0.31564551422319476
UWMC,40,1028.02014,0.252082176568573,0.9447785675232367,0.9809630459126539,0.9261083743842364,0.8531659388646288,0.28096017457719585,0.19268558951965065,0.26506024096385544,0.1939799331103679,0.17952928297755885,0.2439824945295405,0.07253086419753087,NA,NA,0.1851106639839034,0.25273522975929974
ELVN,35,1152.05252,0.007773459189339256,0.0071077091306724904,NA,0.09852216748768473,0,0.3966175668303328,0.09879912663755458,0.03888280394304491,NA,0.08812260536398467,0.030634573304157548,NA,0.033986928104575154,0.030065359477124187,NA,0.5995623632385121
SPHR,50,1190.34605,0.2348695169350361,0.8326954620010935,0.030795072788353917,0.016967706622879036,0.763646288209607,0.9934533551554828,0.02237991266375546,0.19605695509309967,0.5668896321070234,0.18664477285166942,0.16083150984682712,NA,0.9490196078431372,0.5640522875816993,0.11737089201877934,0.48030634573304154
APG,20,10381.03728,0.5385896724042198,0.8873701476216511,0.5251959686450167,0.5621237000547346,0.6910480349344978,0.287506819421713,0.3335152838427948,0.47535596933187296,0.3232998885172798,0.3864258347016968,0.41575492341356673,0.8549382716049383,0.6143790849673203,0.6830065359477124,0.397719651240778,0.5153172866520788
RSI,25,1277.71294,0.09938922820655191,0.9240021869874249,0.28051511758118697,0.20689655172413793,0.6260917030567685,0.11020185488270595,0.189410480349345,0.10514786418400876,0.3695652173913043,0.10344827586206896,0.14770240700218817,NA,0.518954248366013,0.2588235294117647,0.02749832327297116,0.43435448577680524
KROS,35,2266.75692,0.009439200444197668,0.138326954620011,NA,0.09469074986316366,0.02237991266375546,0.29405346426623025,0.09224890829694324,0.04216867469879518,0.0011148272017837235,0.0749863163656267,0.021334792122538294,NA,0.018300653594771288,0.016993464052287632,NA,0.7582056892778993
DE,20,127470.237264,0.6590782898389783,0.19136139967195187,0.26763717805151177,0.4783798576902025,0.5862445414847162,0.3436988543371522,0.87117903930131,0.6971522453450164,0.46488294314381273,0.9282977558839628,0.8347921225382933,0.9436728395061729,NA,NA,0.596244131455399,0.07932166301969368
NARI,35,3039.60448,0.08606329816768463,0.07381082558775287,0.15453527435610304,0.2857142857142857,0.2134279475982533,0.32787779596290234,0.24617903930131005,0.15169769989047097,0.9726867335562988,0.25396825396825395,0.23577680525164113,NA,0.22287581699346404,0.2150326797385621,0.05432595573440644,0.6526258205689278
BMY,35,120108.64194,0.9539144919489173,0.7665390924002187,0.7430011198208286,0.8697318007662835,0.4868995633187773,0.4397163120567376,0.8018558951965066,0.823658269441402,0.903010033444816,0.8155446086480569,0.7669584245076586,0.5,0.6150326797385621,0.4790849673202614,0.6411804158283032,0.6334792122538293
WMG,50,4636.018680000001,0.920599666851749,0.3143794423182067,0.6326987681970885,0.9064039408866995,0.8564410480349345,0.22967812329514456,0.9110262008733624,0.8833515881708652,0.5769230769230769,0.983032293377121,0.6263676148796499,0.4027777777777778,0.9339869281045752,0.7718954248366013,0.5466130114017438,0.39277899343544853
FOUR,40,7833.3032,0.2504164353137146,0.07599781301257513,0.1556550951847704,0.5325670498084292,0.42631004366812225,0.18494271685761046,0.3002183406113537,0.31599123767798465,0.3032329988851728,0.6863711001642037,0.47811816192560175,0.6790123456790124,0.5313725490196078,0.3941176470588236,0.5412474849094567,0.8183807439824945
ZI,50,3756.45686,0.7146029983342588,0.8337889557135046,0.3465845464725644,0.8773946360153256,0.4284934497816594,0.7381342062193126,0.48799126637554585,0.5909090909090909,0.9782608695652174,0.3371647509578544,0.3851203501094092,0.49459876543209874,0.6450980392156862,0.37450980392156863,0.574111334674715,0.5229759299781181
AZEK,20,7597.0099199999995,0.2654081066074403,0.7627118644067796,0.654535274356103,0.5166940339354132,0.2368995633187773,0.3709765411893072,0.28329694323144106,0.2738225629791895,0.496098104793757,0.3223864258347017,0.46334792122538293,NA,0.2359477124183007,0.2222222222222222,0.3641851106639839,0.8812910284463895
ACI,30,11500.0578,0.9655746807329262,0.6927282668124659,0.631578947368421,0.6584564860426929,0.99235807860262,0.5122749590834698,0.9437772925764192,0.9123767798466593,0.2976588628762542,0.9469074986316366,0.6094091903719913,0.3773148148148148,0.8888888888888888,0.9562091503267974,0.5036887994634474,0.5640043763676148
MP,15,3438.77149,0.0982787340366463,0.4920721705850192,0.986562150055991,0.09250136836343732,0.09552401746724891,0.6361156573922532,0.27838427947598254,0.192223439211391,0.7552954292084727,0.2813355227148331,0.3336980306345733,0.0030864197530864196,0.033333333333333326,0.03137254901960784,0.12608987256874582,0.2680525164113785
PCVX,35,11758.25458,0.013325930038867296,0.05631492618917444,NA,0.14066776135741654,0,0.2165848336061102,0.13755458515283842,0.07338444687842278,NA,0.09906951286261631,0.04321663019693654,NA,0.05490196078431375,0.0398692810457516,NA,0.7691466083150984
RNA,35,5116.267,0.054969461410327596,0.7599781301257518,0.5862262038073909,0.15763546798029557,0.03165938864628821,0.20185488270594654,0.12718340611353712,0.06571741511500548,0.00947603121516165,0.09359605911330049,0.04266958424507659,NA,0.054248366013071925,0.04052287581699343,NA,0.9141137855579868
PCT,15,2306.57614,0.01110494169905608,0.13613996719518862,NA,0.04707170224411604,0,0.3529732678668849,0.12390829694323144,0.08159912376779847,NA,0.1319102353585112,0.10831509846827134,NA,0.2379084967320262,0.13986928104575158,0.11401743796109994,0.2084245076586433
DNB,20,5607.3675,0.6774014436424208,0.8277747402952433,0.5739081746920492,0.7931034482758621,0.5256550218340611,0.8630660120021822,0.20687772925764192,0.6325301204819277,0.7670011148272018,0.23809523809523808,0.224835886214442,0.34953703703703703,0.949673202614379,0.7725490196078432,0.1784037558685446,0.5760393873085339
LMND,40,3699.4930500000005,0.04997223764575236,0.8190267905959541,0.03751399776035835,0.1330049261083744,0.15338427947598254,0.36879432624113473,0.09661572052401747,0.055312157721796276,0.1806020066889632,0.11001642036124795,0.09026258205689278,NA,NA,NA,0.008718980549966466,0.6898249452954048
WBA,30,7798.84534,0.43697945585785675,0.9611809732094041,0.5100783874580067,0.10892172961138478,0.9989082969432315,0.9825422804146209,0.0016375545851528383,0.6889375684556407,0.15607580824972128,0.06403940886699508,0.11323851203501094,0.016975308641975308,0.9326797385620915,0.8483660130718954,0.3266264252179745,0.8424507658643325
JAMF,45,1875.297,0.18656302054414214,0.5177692728266812,0.2721164613661814,0.34428024083196496,0.3962882096069869,0.5951991271140207,0.10152838427947598,0.09474260679079956,0.9208472686733556,0.15489874110563764,0.1362144420131291,0.1419753086419753,0.8483660130718954,0.4647058823529412,0.04426559356136821,0.7893873085339168
VERX,45,3578.81825,0.24764019988895059,0.43411700382722795,0.28667413213885773,0.26710454296661196,0.2074235807860262,0.15711947626841244,0.23307860262008734,0.1976998904709748,0.8260869565217391,0.20853858784893267,0.20021881838074398,0.6674382716049383,0.9594771241830066,0.7764705882352941,0.11871227364185111,0.863785557986871
VITL,30,1453.8280000000002,0.25985563575791226,0.09240021869874249,0.14445688689809633,0.428024083196497,0.42085152838427947,0.27168576104746317,0.36299126637554585,0.26944140197152244,0.42920847268673357,0.6283524904214559,0.8336980306345733,NA,0.23071895424836597,0.1869281045751634,0.9356136820925554,0.824398249452954
BA,20,116203.21343999999,0.2898389783453637,0.7085839256424276,0.276595744680851,0.5374931581828134,0.6921397379912664,0.020731042007637753,0.17358078602620086,0.19386637458926614,0.10144927536231885,0.6015325670498084,0.20350109409190373,0.8202160493827161,0.7542483660130719,0.7888888888888889,0.16297786720321933,0.6230853391684901
NCNO,45,4862.190060000001,0.17268184342032206,0.6577364680153089,0.2799552071668533,0.2950191570881226,0.12827510917030568,0.40207310420076375,0.2046943231441048,0.15553121577217963,0.7614269788182831,0.21620142309797483,0.17560175054704596,NA,0.7418300653594772,0.49934640522875817,0.07914151576123407,0.711159737417943
NRIX,35,1483.22724,0.04441976679622432,0.9557135046473483,0.02015677491601342,0.086480569239189925,0.06877729257641921,0.27386797599563556,0.06277292576419213,0.028477546549835708,0.017837235228539576,0.06349206349206349,0.0350109409190372,NA,0.1895424836601307,0.10653594771241826,NA,0.9354485776805251
PSTX,35,907.3991500000001,0.06774014436424208,0.9797703663203936,0.9843225083986562,0.05035577449370553,0.0927947598253275,0.23349699945444627,0.0425764192139738,0.019715224534501644,0.01839464882943144,0.03886152162014231,0.030087527352297593,NA,0.21568627450980393,0.12418300653594772,0.05902079141515761,0.8090809628008753
RKT,40,2118.9825499999997,0.1776790671848973,0.8501913613996719,0.9708846584546472,0.4006568144499179,0.9192139737991266,0.5057283142389526,0.2134279475982533,0.16976998904709747,0.0451505016722408,0.22660098522167488,0.24507658643326038,0.06944444444444445,NA,NA,0.14956405097250167,0.19912472647702406
KYMR,35,3033.4438000000005,0.03553581343697946,0.85784581738655,0.035834266517357216,0.1116584564860427,0.047489082969432314,0.2624113475177305,0.1146288209606987,0.059693318729463304,0.016722408026755852,0.10399562123700054,0.06564551422319474,NA,0.10784313725490191,0.07516339869281041,NA,0.7133479212253829
ML,40,1017.9617000000001,0.1965574680732926,0.9513395297977036,0.1842105263157895,0.8768472906403941,0.5300218340611353,0.4462629569012548,0.12336244541484716,0.19879518072289157,0.04403567447045708,0.12315270935960591,0.12855579868708972,NA,NA,NA,0.1482226693494299,0.9852297592997812
MIR,45,3804.185,0.2626318711826763,0.7353745215965009,0.3762597984322509,0.3262178434592228,0.2794759825327511,0.618657937806874,0.1544759825327511,0.2847754654983571,0.612597547380156,0.19978106185002736,0.1701312910284464,0.9861111111111112,0.41045751633986927,0.5058823529411764,0.15023474178403756,0.6865426695842451
QS,25,2394.32538,0.0421987784564131,0.6200109349371241,NA,0.03667214012041598,0,0.7354064375340971,0.024017467248908297,0.0076670317634173054,NA,0.10290093048713739,0.05142231947483589,NA,0.0117647058823529,0.009803921568627416,0.01341381623071764,0.9042669584245077
IRON,35,1887.5106,0.002220988339811216,0.020776380535811878,NA,0.12315270935960591,0,0.3546099290780142,0.12936681222707425,0.05914567360350493,NA,0.11220580186097427,0.05962800875273523,NA,0.01437908496732021,0.012418300653594727,NA,0.23030634573304154
HPK,10,1908.23875,0.8067740144364242,0.06889010388190264,0.06886898096304594,0.03393541324575807,0.6539301310043668,0.9159847244953628,0.9448689956331878,0.9846659364731654,0.9147157190635451,0.6551724137931034,0.7592997811816192,NA,0.7522875816993464,0.4294117647058824,0.3856472166331321,0.9562363238512035
HRMY,35,1977.26477,0.7828983897834536,0.14215418261344992,0.1243001119820829,0.886152162014231,0.38919213973799127,0.4217130387343153,0.7920305676855895,0.8274917853231106,0.9141583054626533,0.8478379857690203,0.9447483588621444,0.7214506172839507,0.2620915032679738,0.16535947712418297,0.6841046277665996,0.8714442013129102
SNOW,45,57701.48000000001,0.13325930038867295,0.3985784581738655,0.10694288913773797,0.3136288998357964,0.0665938864628821,0.18985270049099837,0.1888646288209607,0.11226725082146768,0.8288740245261984,0.1538040503557745,0.10886214442013128,0.7368827160493827,0.4581699346405229,0.2339869281045751,NA,0.9638949671772429
STEP,40,4788.95109,0.22876179900055524,0.33624931656642976,NA,0.4537493158182813,0.1937772925764192,0.15166393889798144,0.31004366812227074,0.3948521358159912,0.5819397993311036,0.5112205801860974,0.3889496717724289,0.4367283950617284,NA,NA,0.8651911468812877,0.3676148796498906
PTVE,15,2432.97887,0.7729039422543031,0.94313832695462,0.8756998880179171,0.8637110016420362,0.9421397379912664,0.7948717948717948,0.06550218340611354,0.8570646221248631,0.21181716833890746,0.15435139573070608,0.17231947483588622,0.7515432098765432,0.4183006535947712,0.7431372549019608,0.28437290409121396,0.8462800875273523
VVI,25,948.1534399999999,0.6024430871737924,0.4975396391470749,0.4165733482642777,0.458128078817734,0.8586244541484717,0.03055100927441353,0.3646288209606987,0.7097480832420592,0.0903010033444816,0.9441707717569786,0.38293216630196936,0.9452160493827161,0.8156862745098039,0.692156862745098,0.2790073775989269,0.7363238512035011
ASAN,45,2184.40018,0.12270960577456969,0.669218151995626,0.25307950727883544,0.18500273672687464,0.39465065502183405,0.298417894162575,0.05403930131004367,0.024096385542168676,0.987736900780379,0.043787629994526546,0.06072210065645514,NA,0.47320261437908495,0.23267973856209145,0.022132796780684104,0.975929978118162
PLTR,45,143707.02684,0.20322043309272628,0.08365226899945322,0.27827547592385216,0.2561576354679803,0.04093886462882096,0.08237861429350792,0.25818777292576417,0.1511500547645126,0.9392419175027871,0.3749315818281336,0.6274617067833698,0.9328703703703703,0.08300653594771246,0.06862745098039214,0.9208584842387659,0.8791028446389497
U,45,9712.4724,0.13492504164353136,0.9043193001640241,0.04703247480403139,0.3519430760810071,0.30403930131004364,0.5351882160392799,0.07314410480349345,0.11007667031763417,0.9063545150501672,0.12479474548440066,0.10722100656455143,NA,0.2856209150326797,0.19019607843137254,0.0409121395036888,0.9075492341356673
VNT,45,5896.852,0.8917268184342032,0.7474029524330235,0.7508398656215005,0.7328954570333881,0.6135371179039302,0.3033278777959629,0.7816593886462883,0.6506024096385542,0.5763656633221851,0.9359605911330049,0.7789934354485777,0.7199074074074074,0.630718954248366,0.6071895424836602,0.5808182427900738,0.2778993435448578
BSY,45,14390.244,0.6468628539700166,0.4718425369054128,0.37122060470324747,0.42857142857142855,0.11189956331877729,0.1412984178941626,0.4175764192139738,0.21029572836801752,0.9241917502787068,0.9173508483853311,0.8282275711159738,0.7237654320987654,0.9686274509803922,0.8738562091503268,0.6143527833668678,0.36159737417943105
DYN,35,3114.65933,0.05941143808995003,0.9967195188627666,NA,0.08593322386425835,0,0.0872885979268958,0.08078602620087336,0.04600219058050383,NA,0.026272577996715927,0.0038293216630196935,NA,0.2967320261437908,0.1542483660130719,NA,0.9567833698030634
WEN,25,3742.5941999999995,0.6579677956690727,0.8797156916347731,0.5705487122060471,0.752599890530925,0.6544759825327511,0.3120567375886525,0.7358078602620087,0.5394304490690033,0.40245261984392416,0.9403393541324576,0.5464989059080962,0.7152777777777778,0.373202614379085,0.22810457516339866,0.39570757880617036,0.3522975929978118
SMMT,35,13613.29008,0.0694058856191005,1,0.9972004479283315,0.20744389709906952,0.02074235807860262,0.06437534097108565,0.12172489082969433,0.12869660460021906,5.574136008918618e-4,0.006568144499178982,5.470459518599562e-4,NA,0.03790849673202612,0.03202614379084967,0.0999329309188464,0.99945295404814
ARRY,20,1019.5375300000001,0.9094947251526929,0.7025697102241661,0.7648376259798433,0.9731800766283525,0.8919213973799127,0.019094380796508457,0.9596069868995634,0.9403066812705367,0.28372352285395763,0.956759715380405,0.7582056892778993,0.7638888888888888,0.3084967320261438,0.4013071895424837,0.5177733065057009,0.5891684901531729
EBC,40,3707.70104,0.4047751249305941,0.8917441224712958,0.9596864501679732,0.7432950191570882,0.1965065502183406,0.8788870703764321,0.18176855895196506,0.15224534501642936,0.6348940914158305,0.2287903667214012,0.23468271334792123,0.5632716049382716,NA,NA,NA,0.25601750547045954
ROOT,40,1067.967,0.04719600222098834,0.5751776927282668,0.07054871220604708,0.13902572523262177,0.5420305676855895,0.09929078014184398,0.04093886462882096,0.029025191675794086,0.12987736900780378,0.052545155993431854,0.10557986870897156,NA,NA,NA,0.1267605633802817,0.7636761487964989
MTZ,20,11414.5941,0.36368684064408663,0.6642974302897758,0.19820828667413215,0.5823754789272031,0.8138646288209607,0.4719039825422804,0.2287117903930131,0.41511500547645125,0.07859531772575251,0.23316912972085385,0.2237417943107221,0.9614197530864198,0.6281045751633987,0.7666666666666666,0.17639168343393696,0.7379649890590809
GATO,15,1072.56842,0.195446973903387,0.4849644614543467,NA,0.5938697318007663,0,0.546644844517185,0.3084061135371179,0.09748083242059145,NA,0.30815544608648054,0.5043763676148797,0.9205246913580247,0.3366013071895425,0.20196078431372544,0.035546613011401745,0.774070021881838
CCCS,45,7881.3252,0.24042198778456414,0.9223619464188081,0.3958566629339306,0.4099616858237548,0.1462882096069869,0.4429896344789962,0.19541484716157206,0.22289156626506024,0.9280936454849499,0.21237000547345375,0.18271334792122537,0.6373456790123457,0.3549019607843137,0.25620915032679736,0.20254862508383636,0.8347921225382933
ALGM,45,3997.9723200000003,0.3009439200444198,0.08693275013668667,0.4720044792833147,0.3191023535851122,0.34770742358078605,0.4817239498090562,0.5922489082969432,0.5930996714129244,0.7324414715719063,0.6288998357963875,0.8522975929978118,0.18055555555555555,0.10130718954248363,0.17843137254901964,0.8772635814889336,0.3107221006564551
ASO,25,3444.151,0.9455857856746253,0.6221979223619465,0.7642777155655095,0.8423645320197044,0.9115720524017468,0.7877795962902346,0.9721615720524017,0.9216867469879518,0.391304347826087,0.842911877394636,0.850656455142232,0.28858024691358025,0.44967320261437904,0.5777777777777777,0.806841046277666,0.16903719912472648
AVO,30,943.1695,0.21543586896168795,0.5150355385456533,0.8443449048152296,0.16639299397920088,0.8084061135371179,0.734860883797054,0.23853711790393012,0.29956188389923327,0.08528428093645485,0.2512315270935961,0.2324945295404814,NA,0.3614379084967321,0.5437908496732027,0.19919517102615694,0.42560175054704596
WGS,35,2153.45169,0.07162687395891172,0.9562602515035539,0.8941769316909295,0.060755336617405585,0.12281659388646288,0.2171303873431533,0.07532751091703056,0.056955093099671415,0.5663322185061316,0.04597701149425287,0.031181619256017507,NA,0.22091503267973855,0.16274509803921566,NA,0.09245076586433265
PRAX,35,1494.20846,0.03498056635202665,0.9830508474576272,NA,0.06787082649151614,0.02947598253275109,0.11674849972722313,0.07423580786026202,0.04107338444687842,0.008361204013377926,0.02079912424740011,0.002735229759299781,NA,0.08758169934640525,0.06143790849673203,NA,0.8670678336980306
TARS,35,2003.3802000000003,0.06274292059966685,0.17878622197922367,0.9680851063829787,0.08976464148877943,0.03820960698689956,0.20294599018003273,0.09170305676855896,0.04819277108433735,0.9960981047937569,0.04871373836891078,0.012582056892778994,NA,0.05947712418300655,0.04640522875816988,0.03085177733065057,0.7106126914660831
SNV,40,8084.82155,0.747917823431427,0.6971022416621104,0.09294512877939531,0.946360153256705,0.5431222707423581,0.6933987997817785,0.8051310043668122,0.8882803943044907,0.7023411371237458,0.5818281335522715,0.3150984682713348,0.5061728395061729,NA,NA,NA,0.24398249452954046
VTRS,35,15624.13237,0.8795113825652415,0.8600328048113723,0.7855543113101904,0.9469074986316366,0.800764192139738,0.9765411893071467,0.2631004366812227,0.8904709748083242,0.7251950947603122,0.2616310892172961,0.25218818380743985,0.4228395061728395,0.5163398692810457,0.8222222222222222,0.45606975184439974,0.5946389496717724
SHC,35,3730.25763,0.15713492504164353,0.6845270639693821,0.5593505039193729,0.05637657361795293,0.37336244541484714,0.2765957446808511,0.32041484716157204,0.5947426067907996,0.7692307692307693,0.5873015873015873,0.3927789934354486,0.009259259259259259,0.32352941176470584,0.2477124183006536,0.2743125419181757,0.029540481400437635
CNXC,20,2913.61405,0.8228761799000556,0.019682886823400803,0.35498320268757,0.9578544061302682,0.9470524017467249,0.9847244953627933,0.9383187772925764,0.8636363636363636,0.42642140468227424,0.46360153256704983,0.5038293216630197,0.5092592592592593,0.6359477124183006,0.6980392156862745,0.47753185781354796,0.4442013129102844
SOFI,40,17807.26227,0.04608550805108273,0.03827227993439042,0.039753639417693165,0.010946907498631636,0.21506550218340612,0.4768139661756683,0.18231441048034935,0.21741511500547644,0.8879598662207357,0.20580186097427478,0.20842450765864332,NA,NA,NA,0.18443997317236754,0.003829321663019747
GBTG,25,4418.01378,0.21654636313159356,0.673045379989065,0.1864501679731243,0.2961138478379858,0.6091703056768559,0.4735406437534097,0.18995633187772926,0.40251916757940853,0.6945373467112598,0.18445539135194308,0.2024070021881838,NA,0.5326797385620915,0.4718954248366013,0.17236753856472167,0.6301969365426696
RAMP,45,1981.41504,0.4480843975569128,0.4636413340623291,0.39809630459126544,0.6409414340448824,0.4328602620087336,0.6770321876704856,0.2712882096069869,0.22015334063526834,0.8701226309921962,0.2687465790914067,0.3052516411378556,0.904320987654321,0.26013071895424833,0.1895424836601307,0.9510395707578806,0.7489059080962801
JOBY,20,6847.519699999999,0.028872848417545807,0.7698195735374522,NA,0.1023535851122058,0.024563318777292575,0.303873431533006,0.0824235807860262,0.050383351588170866,0.0033444816053511705,0.0815544608648057,0.028446389496717725,NA,0.00588235294117645,0.005228758169934622,0.004024144869215292,0.9283369803063457
CMPO,45,1533.83175,0.31260410882842865,0.1180973209404046,0.6007838745800672,0.7000547345374931,0.3373362445414847,0.004909983633387889,0.3133187772925764,0.5355969331872946,0.6727982162764772,0.22988505747126436,0.838074398249453,0.5339506172839507,0.18888888888888888,0.3202614379084967,0.4721663313212609,0.9934354485776805
PWP,40,1462.6509300000002,0.13825652415324818,0.4166211044286495,0.6114221724524076,0.6967706622879036,0.5584061135371179,0.215493726132024,0.1943231441048035,0.13526834611171962,0.033444816053511704,0.1718664477285167,0.1925601750547046,NA,NA,NA,0.02079141515761234,0.9693654266958425
HLMN,20,2241.1374,0.7084952803997779,0.8775287042099508,0.6982082866741322,0.7816091954022989,0.6844978165938864,0.7441352973267867,0.2292576419213974,0.5,0.5373467112597548,0.24630541871921183,0.22975929978118162,0.9274691358024691,0.31437908496732025,0.7803921568627451,0.2112676056338028,0.8233041575492341
CHRD,10,7795.2976,0.9872293170460855,0.4898851831601968,0.4949608062709966,0.8987411056376574,0.5987991266375546,0.8063284233496999,0.9579694323144105,0.9715224534501643,0.6298773690078038,0.7531472359058566,0.9190371991247265,0.25,0.7124183006535948,0.677124183006536,0.9336016096579477,0.8599562363238512
RKLB,20,13637.57208,0.07384786229872294,0.8638600328048114,0.2950727883538634,0.19157088122605365,0.0425764192139738,0.10856519367157665,0.19213973799126638,0.12267250821467689,0.2709030100334448,0.1111111111111111,0.07932166301969365,NA,0.3836601307189542,0.29738562091503273,0.07310529845741114,0.7653172866520788
CRC,10,5425.2678,0.9544697390338701,0.6664844177145981,0.5912653975363942,0.8177339901477833,0.607532751091703,0.6153846153846154,0.9334061135371179,0.947973713033954,0.5791527313266444,0.8281335522714833,0.9026258205689278,0.7183641975308642,0.5816993464052287,0.37973856209150325,0.8075117370892019,0.31673960612691465
DASH,25,70203.29088,0.15991116046640755,0.27118644067796616,0.13941769316909292,0.3579638752052545,0.16102620087336245,0.20130932896890344,0.2101528384279476,0.1538882803943045,0.5702341137123745,0.18883415435139572,0.14934354485776805,0.9969135802469136,0.5254901960784314,0.26732026143790855,NA,0.9660831509846827
ABNB,25,58918.888470000005,0.49194891726818435,0.090759978130125707,0.2642777155655095,0.7285166940339354,0.22161572052401746,0.27986906710310966,0.8777292576419214,0.2573932092004381,0.8344481605351171,0.9551176792556103,0.9879649890590809,0.5563271604938271,0.5196078431372548,0.3196078431372549,0.846411804158283,0.03719912472647702
AI,45,4592.95694,0.09383675735702388,0.882449425915801,0.2877939529675252,0.17350848385331144,0.08733624454148471,0.36661211129296234,0.10043668122270742,0.04764512595837897,0.7335562987736901,0.10618500273672687,0.06181619256017506,NA,0.04183006535947709,0.04117647058823526,NA,0.9578774617067833
CERT,35,1804.5297500000001,0.2531926707384786,0.7331875341716785,0.5279955207166853,0.5982484948002189,0.25600436681222705,0.7654118930714675,0.14410480349344978,0.4014238773274918,0.7530657748049052,0.20963327859879585,0.17067833698030635,0.3726851851851852,0.28169934640522876,0.18562091503267975,0.2655935613682093,0.7729759299781181
UPST,40,7187.85412,0.05774569683509161,0.5035538545653362,0.9742441209406495,0.15818281335522716,0.09989082969432314,0.18603382433169668,0.13919213973799127,0.10021905805038335,0.027870680044593088,0.09852216748768473,0.10175054704595186,NA,NA,NA,0.10127431254191818,0.46334792122538293
CXT,45,3583.91704,0.7690172126596335,0.7042099507927829,0.58006718924972,0.7438423645320197,0.5,0.5008183306055647,0.7172489082969432,0.6976998904709748,0.6360089186176142,0.7624521072796935,0.7844638949671773,0.3541666666666667,0.43529411764705883,0.4281045751633987,0.5821596244131455,0.47264770240700216
ACHR,20,3724.2803400000003,0.044975013881177126,0.8195735374521597,NA,0.06130268199233716,0,0.20403709765411893,0.05076419213973799,0.0312157721796276,NA,0.03393541324575807,0.005470459518599562,NA,0.1352941176470588,0.0816993464052288,NA,0.9896061269146609
OWL,40,13488.86763,0.27540255413659076,0.7392017495899399,0.15733482642777152,0.7252326217843459,0.16921397379912664,0.23840698308783415,0.2680131004366812,0.3515881708652793,0.467670011148272,0.3043240284619595,0.2811816192560175,0.654320987654321,NA,NA,0.5278336686787392,0.8150984682713348
CIFR,45,2276.8945,0.018878400888395337,0.06779661016949157,0.0011198208286674616,0.10180623973727422,0.07150655021834061,0.40480087288597927,0.19759825327510916,0.13472070098576122,0.71850613154960985,0.20361247947454844,0.1526258205689278,NA,0.11372549019607847,0.1444444444444445,0.038900067069081154,0.01148796498905913
SPRY,35,1410.15435,0.046640755136035536,0.9633679606342264,0.9966405375139977,0.11767925561029009,0.0212882096069869,0.3251500272776868,0.1331877729257642,0.061883899233296825,0,0.1330049261083744,0.07275711159737418,NA,0,0,NA,0.06947483588621439
SMR,20,2997.52605,0.029983342587451417,0.9945325314379442,0.02295632698768202,0.08483853311439518,0.03657205240174673,0.0894708128750682,0.17248908296943233,0.03669222343921139,0.14325529542920848,0.06568144499178982,0.07494529540481401,NA,0.484313725490196,0.2313725490196078,NA,0.002188183807439792
AFRM,40,19036.97918,0.04553026096612993,0.17495899398578463,0.07166853303471443,0.32731253420908596,0.15829694323144106,0.2896890343698854,0.15065502183406113,0.10788608981380066,0.029542920847268672,0.13902572523262177,0.14442013129102846,NA,NA,NA,NA,0.8446389496717724
DRVN,25,2765.3209,0.23264852859522486,0.9234554401312193,0.3393057110862262,0.03886152162014231,0.7554585152838428,0.5919258046917621,0.012008733624454149,0.40744797371303393,0.5473801560758083,0.06130268199233716,0.10229759299781181,NA,0.43594771241830066,0.5084967320261438,0.2119382964453387,0.9310722100656456
DFH,25,1139.4975,0.9627984453081622,0.3460907599781301,0.36338185890257557,0.9896004378762999,0.9672489082969432,0.8145117294053464,0.9912663755458515,0.9863088718510405,0.16666666666666666,0.8992884510125889,0.8676148796498906,NA,NA,NA,0.5533199195171026,0.39606126914660833
SHLS,20,870.1687799999999,0.7529150471960022,0.05467468562055766,0.06270996640537518,0.8379857690202518,0.6408296943231441,0.7779596290234588,0.6675764192139738,0.9019715224534501,0.5780379041248607,0.47619047619047616,0.6427789934354485,0.8557098765432098,0.3156862745098039,0.7013071895424836,0.5801475519785378,0.699671772428884
IONQ,45,7898.308,0.0699611327040533,0.9032258064516129,0.021276595744680882,0.19102353585112206,0.03275109170305677,0.14020731042007636,0.16921397379912664,0.10679079956188389,0.754180602006689,0.11056376573617953,0.058533916849015315,NA,0.03202614379084967,0.030718954248366015,NA,0.9037199124726477
TPL,10,36762.06706075,0.17323709050527486,0.0781848004373975,0.8124300111982083,0.29337712096332785,0.04148471615720524,0.0878341516639389,0.3018558951965066,0.18893756845564075,0.9119286510590858,0.916256157635468,0.9972647702407003,0.41203703703703703,0.009150326797385588,0.013071895424836555,NA,0.24507658643326036
CVBF,40,3271.25876,0.6929483620210994,0.7982504100601422,0.26539753639417696,0.8243021346469622,0.2685589519650655,0.7839607201309329,0.8078602620087336,0.5602409638554217,0.9358974358974359,0.5243568691844553,0.36925601750547044,0.5123456790123457,NA,NA,NA,0.18216630196936545
RDW,20,928.9123600000001,0.16546363131593558,0.4505194095133953,0.05655095184770442,0.21182266009852216,0.3471615720524017,0.019639934533551555,0.1462882096069869,0.13143483023001096,0.2993311036789298,0.9742747673782156,0.11159737417943107,NA,0.8431372549019608,0.6790849673202615,0.13145539906103287,0.837527352297593
GRND,50,2665.07508,0.24541921154913937,0.6424275560415528,0.12262038073908177,0.3125342090859332,0.12554585152838427,0.05837424986361157,0.1653930131004367,0.2606790799561884,0.8656633221850614,0.9950738916256158,0.09901531728665208,0.27391975308641975,0.7320261437908497,0.5339869281045752,0.23742454728370221,0.9617067833698031
JEF,40,16263.190859999999,0.12937257079400333,0.21705850191361398,0.421612541993281,0.0421455938697318,0.5731441048034934,0.7310420076377523,0.3586244541484716,0.7135815991237678,0.5328874024526199,0.29447181171319103,0.2735229759299781,0.02854938271604938,NA,NA,0.21663313212608987,0.043763676148796504
PLTK,50,3138.24346,0.6479733481399222,0.16730453799890654,0.7301231802911534,0.9441707717569786,0.7494541484716157,0.03382433169667212,0.8471615720524017,0.907447973713034,0.9018952062430323,0.058018609742747675,0.7560175054704595,0.5509259259259259,0.30261437908496736,0.17647058823529416,0.4426559356136821,0.798687089715536
ENVX,20,1742.6445,0.011660188784008884,0.09294696555494808,0.19260918253079506,0.05856595511767926,0.034934497816593885,0.31042007637752317,0.05131004366812227,0.035596933187294635,0.01560758082497213,0.04926108374384237,0.024070021881838075,NA,0.09150326797385622,0.065359477124183,0.03420523138832998,0.9677242888402626
BMBL,50,940.10158,0.5657967795669073,0.7703663203936577,0.2872340425531915,0.9611384783798577,0.8280567685589519,0.989088925259138,0.22762008733624453,0.5936473165388828,0.8299888517279822,0.25506294471811713,0.2434354485776805,0.6990740740740741,0.4137254901960784,0.226797385620915,0.18242790073775988,0.5536105032822758
ABT,35,206001.22035,0.524153248195447,0.7621651175505741,0.8331466965285554,0.40831964969896006,0.25436681222707425,0.36606655755591927,0.47925764192139736,0.3729463307776561,0.7001114827201784,0.638752052545156,0.75054704595186,0.24459876543209877,0.5294117647058824,0.49673202614379086,0.7538564721663313,0.30196936542669583
CACI,20,10304.991039999999,0.6851749028317601,0.5609622744669218,0.32474804031354987,0.5675971538040504,0.7232532751091703,0.563011456628478,0.6162663755458515,0.5109529025191676,0.3712374581939799,0.5703338806787083,0.688183807439825,0.658179012345679,0.6830065359477124,0.8372549019607843,0.5915492957746479,0.23851203501094087
EXE,10,22863.223599999998,0.8573014991671294,0.8988518316019682,0.9669652855543113,0.40448823207443896,0.44486899563318777,0.668848881614839,0.9350436681222707,0.9101861993428259,0.6120401337792643,0.7996715927750411,0.9305251641137856,0.10493827160493827,0.4202614379084967,0.35620915032679734,0.8376928236083165,0.11269146608315095
CALM,30,4317.97357,0.7406996113270405,0.24603608529250953,0.9540873460246361,0.7564313081554461,0.6244541484716157,0.6497545008183306,0.7865720524017468,0.7836801752464403,0.2731326644370123,0.6650246305418719,0.8944201312910285,0.14969135802469136,0.08496732026143794,0.09869281045751632,0.9899396378269618,0.7554704595185996
CRS,20,9671.92330155,0.23820099944475293,0.35538545653362497,0.46024636058230683,0.3530377668308703,0.37936681222707425,0.35951991271140205,0.38318777292576417,0.3778751369112815,0.2636566332218506,0.5675971538040504,0.662472647702407,NA,0.18758169934640523,0.5581699346405229,0.6217303822937625,0.36269146608315095
OSCR,40,3669.7141499999993,0.072182121043864525,0.9748496446145435,0.06606942889137735,0.06294471811713191,0.8962882096069869,0.4064375340971086,0.0851528384279476,0.03176341730558598,0.03177257525083612,0.10509031198686371,0.1389496717724289,0.033950617283950615,0.6915032679738562,0.3104575163398693,0.08853118712273642,0.12910284463894972
RBLX,50,30456.331110000003,0.06496390893947807,0.20065609622744673,0.17133258678611418,0.25287356321839083,0.11899563318777293,0.06164757228587016,0.13373362445414846,0.0832420591456736,0.2686733556298774,0.0060207991242474,0.07658643326039387,NA,0.7849673202614379,0.41241830065359475,0.042924211938296444,0.9819474835886215
HAYW,20,3481.268,0.44752915047196,0.5844723892837616,0.9512877939529675,0.5916803503010399,0.37827510917030566,0.6475722858701582,0.42248908296943233,0.4299014238773275,0.6131549609810479,0.36617405582922824,0.47045951859956237,0.7962962962962963,0.22614379084967318,0.36993464052287583,0.32595573440643866,0.4261487964989059
NAPA,30,1619.211,0.2853970016657413,0.07107709130672502,0.6651735722284434,0.1833607006020799,0.3335152838427948,0.9067103109656302,0.5518558951965066,0.488499452354874,0.6739130434782609,0.3404488232074439,0.5224288840262582,NA,0.04771241830065365,0.7954248366013073,0.5694164989939637,0.05032822757111599
DOCN,45,3514.09856,0.27706829539144917,0.97156916347731,0.22900335946248596,0.4674329501915709,0.25927947598253276,0.027823240589198037,0.27292576419213976,0.30394304490690033,0.8868450390189521,0.16037219485495346,0.3479212253829322,0.6720679012345679,0.28366013071895424,0.1660130718954248,0.6445338698859826,0.8922319474835886
ACVA,20,3580.20312,0.06718489727928928,0.6637506834335702,0.3269876819708847,0.20799124247400108,0.17467248908296942,0.2575013638843426,0.1648471615720524,0.10295728368017525,0.16610925306577481,0.15161466885604816,0.12800875273522977,NA,0.38692810457516336,0.26535947712418295,0.026156941649899398,0.6455142231947484
VZIO,25,1449.13831,0.2087729039422543,0.4691088026243849,0.8538633818589025,0.2200328407224959,0.8346069868995634,0.5133660665575559,0.3853711790393013,0.25136911281489593,0.18617614269788182,0.3738368910782704,0.48468271334792123,0.05478395061728395,0.5392156862745099,0.41503267973856206,NA,0.05361050328227568
ALHC,35,2417.28656,0.09161576901721266,0.8911973756150902,0.1606942889137738,0.12260536398467432,0.726528384279476,0.14566284779050737,0.09934497816593886,0.07064622124863089,0.07302118171683389,0.04433497536945813,0.0661925601750547,NA,0.4607843137254902,0.26993464052287586,0.096579476861167,0.9108315098468271
COUR,25,1259.28,0.17212659633536925,0.80098414434117,0.21164613661814113,0.2889983579638752,0.6004366812227074,0.6863066012002182,0.06495633187772926,0.013143483023001095,0.6705685618729097,0.14668856048166393,0.10010940919037199,NA,0.2568627450980392,0.15359477124183007,NA,0.9288840262582057
CPNG,25,41186.08551999999,0.495835646862854,0.05576817933296885,0.2620380739081747,0.5763546798029556,0.6577510917030568,0.20567375886524822,0.5420305676855895,0.2086527929901424,0.27034559643255296,0.9102353585112206,0.8659737417943107,NA,0.7562091503267974,0.3784313725490196,0.7344064386317908,0.8490153172866521
SEMR,45,1681.368,0.07940033314825097,0.2635319846910881,0.21948488241881303,0.24630541871921183,0.24126637554585154,0.2635024549918167,0.2527292576419214,0.15060240963855423,0.955406911928651,0.26217843459222767,0.2614879649890591,NA,0.2549019607843137,0.1470588235294118,0.06170355466130114,0.3161925601750547
FERG,20,43345.57026261,0.6674069961132704,0.5303444505194095,0.6886898096304591,0.5019157088122606,0.7025109170305677,0.2613202400436443,0.6097161572052402,0.484118291347207,0.3372352285395764,0.8708264915161467,0.8397155361050328,0.2515432098765432,0.469281045751634,0.8575163398692811,0.8175720992622401,0.21772428884026263
CWT,55,3044.4228699999994,0.2648528595224875,0.1509021323127392,0.8006718924972005,0.09688013136288999,0.34443231441048033,0.7528641571194763,0.35753275109170307,0.3417305585980285,0.2140468227424749,0.31198686371100165,0.3522975929978118,NA,0.9313725490196079,0.75359477124183,0.2199865861837693,0.45459518599562365
EWTX,35,3115.497,0.02387562465297057,0.9021323127392018,NA,0.14012041598248495,0,0.21058374249863612,0.1408296943231441,0.07721796276013143,NA,0.10946907498631636,0.05525164113785558,NA,0.00849673202614376,0.00849673202614376,NA,0.3227571115973742
LBPH,35,2064.5116,0.04053303720155469,0.9890650628758885,NA,0.15489874110563764,0,0.07910529187124932,0.1517467248908297,0.09255202628696604,NA,0.034482758620689655,0.004923413566739606,NA,0.09411764705882353,0.06666666666666665,NA,0.6159737417943107
SYM,20,2816.1340999999998,0.12104386451971128,0.0328048113723346,0.020716685330347095,0.7717569786535303,0.5322052401746725,0.06001091107474086,0.20633187772925765,0.04326396495071194,0.1516164994425864,0.005473453749315818,0.18326039387308535,NA,0.8450980392156863,0.4901960784313726,NA,0.986870897155361
ULCC,20,1313.91876,0.13270405330372015,0.26407873154729355,0.46808510638297873,0.01532567049808429,0.9546943231441049,0.6033824331696672,0.2074235807860262,0.0991237677984666,0.06633221850613155,0.23043240284619596,0.23687089715536105,NA,0.9725490196078431,0.5986928104575163,0.10194500335345406,0.03665207877461707
COIN,40,60694.34404910001,0.18489727928928373,0.013121924548933794,0.8180291153415453,0.3169129720853859,0.06550218340611354,0.2138570649208947,0.2587336244541485,0.14622124863088717,0.979933110367893,0.2769567597153804,0.25054704595185995,NA,0.8137254901960784,0.9555555555555556,0.12474849094567404,0.19037199124726478
APP,50,100576.449,0.4708495280399778,0.9125205030071077,0.45240761478163494,0.2884510125889436,0.05185589519650655,0.07146753955264594,0.26473799126637554,0.17853231106243153,0.9214046822742475,0.7744937055281883,0.6947483588621444,0.878858024691358,0.4980392156862745,0.4908496732026144,0.33400402414486924,0.8785557986870898
RXRX,35,1976.7861400000002,0.048306496390893947,0.8944778567523237,0.3678611422172452,0.030103995621237,0.04475982532751092,0.42007637752318605,0.030021834061135372,0.014786418400876232,0.479933110367893,0.04980842911877394,0.019146608315098467,NA,0.10915032679738557,0.07973856209150332,0.00335345405767941,0.6214442013129102
COMP,60,3618.07663,0.23709050527484732,0.9846910880262438,0.9300111982082867,0.19540229885057472,0.8684497816593887,0.24113475177304963,0.06932314410480349,0.06900328587075576,0.0758082497212932,0.051450465243568694,0.06673960612691467,NA,0.8470588235294118,0.4738562091503268,0.0482897384305835,0.9688183807439825
DV,50,3439.12445,0.2865074958356469,0.14543466375068348,0.16741321388577823,0.45429666119321294,0.21888646288209607,0.5220949263502455,0.3990174672489083,0.31051478641840086,0.9308807134894092,0.38752052545155996,0.687636761487965,0.8132716049382716,0.06732026143790848,0.0934640522875817,0.9624413145539906,0.48468271334792123
EDR,50,9359.30512,0.2781787895613548,0.028430836522689962,0.3421052631578947,0.3399014778325123,0.6763100436681223,0.7386797599563557,0.5911572052401747,0.4819277108433735,0.7045707915273133,0.5145046524356869,0.42778993435448576,0.15046296296296297,0.7026143790849673,0.5013071895424837,0.23809523809523808,0.1559080962800875
PATH,45,6643.246050000001,0.1521377012770683,0.3482777474029525,0.18868980963045912,0.5894909688013136,0.2576419213973799,0.5068194217130387,0.19050218340611352,0.08926615553121577,0.9581939799331104,0.2134646962233169,0.1761487964989059,NA,0.1686274509803921,0.1405228758169934,NA,0.9031728665207878
DAVE,40,1104.52524,0.07717934480843976,0.9163477310005468,0.16797312430011202,0.45539135194307606,0.3171397379912664,0.1707583196944899,0.12445414847161572,0.0887185104052574,0.2787068004459309,0.07608100711548987,0.08588621444201312,NA,0.02941176470588236,0.048366013071895475,0.10932260228034876,0.9808533916849015
BOWL,25,1088.1301400000002,0.2692948362021099,0.3018042646254784,0.4372900335946248,0.13081554460864805,0.8165938864628821,0.009274413529732678,0.08024017467248909,0.5914567360350493,0.4738015607580825,0.9945265462506842,0.18544857768052517,0.03935185185185185,0.9509803921568627,0.6006535947712418,0.1938296445338699,0.7456236323851204
ALKT,45,3966.6165899999996,0.08217656857301499,0.9661016949152542,0.1472564389697648,0.2047071702244116,0.0851528384279476,0.1762138570649209,0.18504366812227074,0.11774370208105148,0.6923076923076923,0.14340448823207444,0.09080962800875274,NA,0.15947712418300652,0.1588235294117647,0.08249496981891348,0.8200218818380745
AAL,20,9541.54212,0.7295946696279845,0.793329688354292,0.471444568868981,0.9135194307608101,0.9879912663755459,0.00436442989634479,0.8919213973799127,0.9003285870755751,0.2725752508361204,0.15873015873015872,0.3583150984682713,NA,0.9549019607843138,0.5856209150326797,0.27699530516431925,0.5213347921225383
AVAH,35,1122.63725,0.47473625763464744,0.8808091853471842,0.5167973124300111,0.3223864258347017,0.9039301310043668,0.025095471903982543,0.05349344978165939,0.343921139101862,0.34894091415830547,0.9846743295019157,0.12910284463894967,NA,0.8745098039215686,0.8379084967320262,0.17706237424547283,0.7932166301969366
PRVA,35,2577.62148,0.1815657967795669,0.10278840896664843,0.2043673012318029,0.4668856048166393,0.6779475982532751,0.40425531914893614,0.2876637554585153,0.18346111719605696,0.06577480490523968,0.32129173508483855,0.45842450765864334,0.7839506172839507,0.4673202614379085,0.32156862745098036,NA,0.6570021881838075
RCAT,20,918.35425,0.03997779011660189,0.9710224166211044,0.029675251959686455,0.16912972085385877,0.043668122270742356,0.11947626841243862,0.15993449781659388,0.11336254107338445,0.3060200668896321,0.086480569239189925,0.02954048140043764,NA,0.07124183006535945,0.20261437908496727,0.012072434607645875,0.5842450765864333
VMEO,50,1021.63156,0.5319267073847862,0.5647895024603609,0.7637178051511758,0.5221674876847291,0.5212882096069869,0.5821058374249863,0.4044759825327511,0.2579408543263965,0.9007803790412486,0.3579638752052545,0.5278993435448578,NA,0.5647058823529412,0.24379084967320264,0.8437290409121395,0.34463894967177244
FLYW,40,2782.97424,0.08661854525263743,0.03663203936577364,0.09126539753639418,0.4258347016967707,0.18995633187772926,0.48717948717948717,0.2368995633187773,0.14184008762322015,0.7675585284280937,0.23864258347016967,0.21280087527352298,NA,0.23333333333333328,0.15555555555555556,0.028169014084507043,0.8189277899343544
PAY,40,927.17682,0.3892282065519156,0.3056314926189174,0.18701007838745798,0.7701149425287356,0.6883187772925764,0.6623022367703219,0.4344978165938865,0.5005476451259584,0.36510590858416947,0.3464696223316913,0.5929978118161926,0.9297839506172839,0.13137254901960782,0.1261437908496732,NA,0.8014223194748359
OGN,35,4087.1439299999997,0.6440866185452526,0.2875888463641334,0.6444568868980963,0.9250136836343733,0.8902838427947598,0.057283142389525366,0.990174672489083,0.904709748083242,0.770345596432553,0.016967706622879036,0.787199124726477,0.3325617283950617,0.5673202614379085,0.7065359477124182,0.40778001341381626,0.06892778993435444
LMT,20,125488.69223895001,0.7917823431426985,0.7370147621651175,0.6198208286674132,0.6267104542966612,0.6239082969432315,0.1282051282051282,0.7379912663755459,0.5410733844468785,0.1109253065774805,0.9671592775041051,0.8889496717724289,0.46219135802469136,0.7163398692810458,0.884313725490196,0.716297786720322,0.2844638949671773
NEM,15,47746.593,0.21710161021654636,0.051940951339529806,0.7038073908174691,0.23864258347016967,0.33133187772925765,0.8106928532460448,0.10807860262008734,0.6144578313253012,0.5217391304347826,0.17898193760262726,0.15098468271334792,0.07716049382716049,0.6954248366013072,0.5071895424836601,0.2930918846411804,0.8479212253829321
GPOR,10,3116.5824000000002,0.9278178789561354,0.08966648441771463,0.11254199328107506,0.6907498631636563,0.6490174672489083,0.8134206219312602,0.9978165938864629,0.9912376779846659,0.8734671125975474,0.9709906951286261,0.9983588621444202,0.25848765432098764,0.7477124183006536,0.9901960784313726,0.8343393695506371,0.004376367614879695
PCOR,45,12071.516800000001,0.10549694614103276,0.32367413887370144,0.1321388577827548,0.2660098522167488,0.10316593886462883,0.19912711402073105,0.185589519650655,0.12157721796276014,0.967670011148272,0.14942528735632185,0.10940919037199125,NA,0.5915032679738562,0.307843137254902,0.018779342723004695,0.9266958424507659
DAWN,35,1404.2833,0.022765130483064965,0.359212684527064,NA,0.05090311986863711,0,0.43753409710856517,0.043668122270742356,0.015334063526834611,NA,0.06677613574165299,0.013676148796498906,NA,0.024836601307189565,0.022222222222222254,NA,0.8566739606126914
FYBR,50,8668.212150000001,0.3614658523042754,0.2624384909786769,0.6976483762597985,0.018609742747673783,0.6888646288209607,0.8161483906164757,0.2625545851528384,0.7705366922234392,0.7508361204013378,0.26327312534209085,0.25437636761487964,NA,0.711764705882353,0.33006535947712423,0.18712273641851107,0.6745076586433261
AUR,45,8744.56085,0.05219322598556358,0.2482230727173319,1,0.07170224411603722,0,0.41516639388979815,0.06768558951965066,0.03231106243154436,NA,0.08976464148877943,0.03446389496717724,NA,0.028104575163398704,0.025490196078431393,NA,0.7882932166301969
VERA,35,3095.1465,5.55247084952804e-4,0.07435757244395846,NA,0.14340448823207444,0,0.09383524277141299,0.1435589519650655,0.08543263964950712,NA,0.03284072249589491,0.009299781181619256,NA,0.050980392156862786,0.04183006535947709,0.04627766599597585,0.337527352297593
LFST,35,2877.4528,0.17712382009994448,0.8048113723346091,0.1970884658454647,0.1713191023535851,0.4759825327510917,0.696126568466994,0.09606986899563319,0.11829134720700986,0.30657748049052397,0.16748768472906403,0.12199124726477024,NA,0.7673202614379084,0.5830065359477123,0.09792085848423876,0.7396061269146608
ZETA,45,4527.4854000000005,0.0977234869516935,0.16238381629305632,0.19092945128779393,0.32950191570881227,0.20906113537117904,0.10529187124931806,0.1277292576419214,0.09857612267250822,0.7435897435897436,0.029556650246305417,0.036105032822757115,0.6149691358024691,0.4882352941176471,0.39869281045751637,0.05835010060362173,0.9978118161925602
FA,20,2799.09957,0.33148250971682397,0.950792782941498,0.7922732362821948,0.6174055829228243,0.3597161572052402,0.5542825968357883,0.3165938864628821,0.5213581599123768,0.6014492753623188,0.3103448275862069,0.43052516411378555,0.2854938271604938,0.1261437908496732,0.1496732026143791,0.2702883970489604,0.6942013129102844
CXM,45,1128.6328,0.6152137701277068,0.15144887916894478,0.261478163493841,0.60207991242474,0.6817685589519651,0.7610474631751227,0.6615720524017468,0.7639649507119387,0.8974358974358975,0.4307608100711549,0.5897155361050328,0.9537037037037037,0.4248366013071896,0.24836601307189543,NA,0.2757111597374179
DTM,10,10694.87972,0.5263742365352582,0.6249316566429743,0.6724524076147816,0.24028461959496442,0.11299126637554585,0.6824877250409165,0.5655021834061136,0.37349397590361444,0.830546265328874,0.47181171319102355,0.5733041575492341,0.07561728395061729,0.9503267973856209,0.830718954248366,0.37089201877934275,0.5196936542669583
DOCS,35,6791.208,0.2809550249861188,0.8676872607982504,0.33594624860022393,0.4192665571975917,0.09115720524017468,0.270594653573377,0.40611353711790393,0.2568455640744797,0.9804905239687849,0.6529830322933772,0.8911378555798687,0.47685185185185186,0.06862745098039214,0.0607843137254902,NA,0.4059080962800875
CFLT,45,7959.372240000001,0.0560799555802332,0.4658283214871515,0.12653975363941772,0.18171866447728516,0.12663755458515283,0.20949263502454993,0.10480349344978165,0.06352683461117196,0.8478260869565217,0.0662287903667214,0.08096280087527352,NA,0.11307189542483664,0.08823529411764708,0.017437961099932932,0.9080962800875274
MCW,25,2578,0.43920044419766796,0.3712411153635866,0.5218365061590146,0.10727969348659004,0.46779475982532753,0.5908346972176759,0.5169213973799127,0.44961664841182913,0.8963210702341137,0.4701696770662288,0.4764770240700219,0.011574074074074073,0.9934640522875817,0.85359477124183,0.3313212608987257,0.5071115973741794
HGTY,40,1060.5769599999999,0.5230427540255413,0.13231273920174957,0.16349384098544228,0.8604269293924466,0.7865720524017468,0.05237315875613748,0.38100436681222705,0.7858707557502739,0.346711259754738,0.8166392993979201,0.3730853391684901,0.9814814814814815,0.5928104575163399,0.3594771241830066,NA,0.7324945295404814
CAH,35,29583.42464,0.6896168795113826,0.5188627665390924,0.396976483762598,0.8806787082649151,0.9934497816593887,0.04091653027823241,0.49072052401746724,0.7108433734939759,0.04069119286510591,0.11713191023535852,0.4141137855579869,0.6712962962962963,0.8405228758169935,0.8058823529411765,0.9342723004694836,0.6657549234135667
YOU,45,2433.1081999999997,0.40144364242087727,0.6703116457080371,0.08958566629339304,0.8024083196496989,0.3351528384279476,0.20076377523186034,0.30622270742358076,0.23384446878422782,0.7424749163879598,0.5150519978106185,0.4666301969365427,0.7060185185185185,0.6300653594771242,0.24705882352941178,NA,0.9491247264770241
JBI,20,1055.241,0.9355913381454747,0.40896664844177144,0.5565509518477043,0.9666119321291735,0.8078602620087336,0.6879432624113475,0.9552401746724891,0.940854326396495,0.5172798216276477,0.8522167487684729,0.8309628008752735,0.8672839506172839,0.27647058823529413,0.3254901960784313,0.47484909456740443,0.6318380743982495
S,45,8133.7854,0.08550805108273181,0.5697102241662111,0.06830907054871216,0.19485495347564313,0.10043668122270742,0.37206764866339337,0.12663755458515283,0.07119386637458927,0.887402452619844,0.13574165298303228,0.08807439824945296,NA,0.3718954248366013,0.20065359477124178,0.010731052984574111,0.861597374179431
LENZ,35,979.0356,0.04886174347584675,0.9956260251503554,NA,0.05309250136836344,0,0.36115657392253137,0.04585152838427948,0.040525739320920046,NA,0.07334428024083196,0.018599562363238512,NA,0.002614379084967311,0.0019607843137254832,NA,0.9020787746170679
IAS,50,1818.6506,0.34092171016102163,0.608529250956807,0.29003359462486,0.7597153804050356,0.34388646288209607,0.7059465357337698,0.26746724890829693,0.30339539978094193,0.9130434782608695,0.2660098522167488,0.28063457330415753,0.8063271604938271,0.2104575163398693,0.2169934640522876,0.2193158953722334,0.8309628008752735
INDI,45,952.62881,0.05108273181565797,0.06724986331328597,0.01903695408734607,0.041050903119868636,0.3165938864628821,0.6819421713038735,0.048580786026200876,0.04381161007667032,0.7274247491638796,0.10673234811165845,0.08424507658643327,NA,0.42875816993464055,0.2993464052287582,0.06572769953051644,0.27954048140043763
INTA,45,4840.494299999999,0.1971127151582454,0.17823947512301808,0.19764837625979848,0.30103995621237,0.11626637554585152,0.1773049645390071,0.21615720524017468,0.13636363636363635,0.8651059085841695,0.18828680897646416,0.16028446389496717,0.9058641975308642,0.7549019607843137,0.42352941176470593,NA,0.912472647702407
JANX,35,2372.71122,0.03609106052193226,0.48715144887916895,0.8012318029115342,0.16475095785440613,0.03329694323144105,0.2918712493180578,0.15611353711790393,0.08378970427163199,0.012263099219620958,0.1477832512315271,0.08643326039387308,NA,0.005228758169934622,0.0039215686274509665,NA,0.300328227571116
LZ,20,1370.47846,0.7190449750138812,0.2793876435210497,0.5027995520716686,0.7389162561576355,0.5884279475982532,0.25040916530278234,0.29694323144104806,0.3428258488499452,0.7803790412486065,0.4559386973180077,0.5032822757111597,0.7986111111111112,0.803921568627451,0.3666666666666667,0.9436619718309859,0.9781181619256017
IP,15,20438.01264,0.504164353137146,0.7998906506287589,0.8661814109742441,0.4942528735632184,0.7805676855895196,0.6841243862520459,0.3346069868995633,0.628696604600219,0.15551839464882944,0.307608100711549,0.35776805251641136,0.2006172839506173,0.5156862745098039,0.6679738562091504,0.3688799463447351,0.6597374179431073
PAYO,40,3890.64783,0.4980566352026652,0.2799343903772553,0.12821948488241885,0.5446086480569239,0.2849344978165939,0.3366066557555919,0.4334061135371179,0.33461117196056955,0.7848383500557413,0.6447728516694033,0.3665207877461707,0.8371913580246914,0.7790849673202614,0.8686274509803922,0.9570757880617036,0.22264770240700216
XMTR,20,1455.8724000000002,0.07495835646862854,0.8419901585565883,0.20996640537514,0.13409961685823754,0.41320960698689957,0.4135297326786688,0.11899563318777293,0.08269441401971522,0.4576365663322185,0.1417624521072797,0.11652078774617068,NA,0.13202614379084965,0.11111111111111116,0.06505700871898056,0.5645514223194749
DNUT,25,1873.4,0.24375347029428096,0.5626025150355385,0.40593505039193734,0.11986863711001643,0.773471615720524,0.8226950354609929,0.16812227074235808,0.36801752464403065,0.28818283166109254,0.2233169129720854,0.2089715536105033,0.016203703703703703,0.9954248366013072,0.8980392156862745,0.16968477531857815,0.3484682713347921
NABL,45,1939.29264,0.26041088284286507,0.35593220338983056,0.33538633818589025,0.5467980295566502,0.28820960698689957,0.5711947626841244,0.3094978165938865,0.3384446878422782,0.9738015607580826,0.30377668308702793,0.4272428884026258,0.6435185185185185,0.26274509803921564,0.18039215686274512,0.33266264252179745,0.6219912472647702
PECO,60,4843.2925,0.2615213770127707,0.5713504647348278,0.5195968645016797,0.6945812807881774,0.16375545851528384,0.6753955264593563,0.3067685589519651,NA,0.36789297658862874,0.29064039408866993,0.3473741794310722,0.4521604938271605,NA,NA,0.2716297786720322,0.5350109409190372
PYCR,20,3244.6415399999996,0.32759578012215435,0.5740841990158556,0.26035834266517355,0.4236453201970443,0.26692139737991266,0.60883797054009825,0.17576419213973798,0.2420591456736035,0.8483835005574136,0.21291735084838534,0.19529540481400437,0.8310185185185185,0.7666666666666666,0.8673202614379085,0.06841046277665996,0.6110503282275711
RYAN,40,9437.9688,0.25818989450305385,0.21432476763258612,0.22620380739081747,0.6124794745484401,0.29366812227074235,0.13911620294599017,0.2767467248908297,0.4058050383351588,0.26811594202898553,0.5500821018062397,0.31291028446389496,0.6975308641975309,0.7450980392156863,0.722875816993464,0.3829644533869886,0.6356673960612691
CNM,20,9353.011849999999,0.9239311493614658,0.5489338436303991,0.6629339305711086,0.8823207443897099,0.7145196506550219,0.32078559738134205,0.6064410480349345,0.6007667031763417,0.2814938684503902,0.7876299945265463,0.7396061269146609,0.8919753086419753,0.35359477124183003,0.9954248366013072,0.7082494969818913,0.9064551422319475
GXO,20,7268.15089,0.6324264297612437,0.5538545653362493,0.44456886898096304,0.5451559934318555,0.8679039301310044,0.6284779050736498,0.5245633187772926,0.531763417305586,0.14492753623188406,0.4220032840722496,0.45021881838074396,0.6967592592592593,0.8411764705882353,0.7745098039215687,0.466130114017438,0.42231947483588617
VSCO,25,3049.9110000000005,0.8323153803442532,0.7878622197922363,0.7435610302351624,0.5856595511767926,0.9279475982532751,0.29732678668848883,0.5638646288209607,0.76013143483023,0.5033444816053512,0.8215654077723044,0.4420131291028446,0.1697530864197531,0.8496732026143791,0.788235294117647,0.41113346747149565,0.6296498905908097
MLNK,45,1763.50875,0.2354247640199889,0.8835429196282121,0.5335946248600224,0.5347564313081554,0.22543668122270744,0.496999454446263,0.1572052401746725,0.29299014238773274,0.8255295429208472,0.19102353585112206,0.16630196936542668,0.39351851851851855,0.3666666666666667,0.22941176470588232,0.17035546613011401,0.8369803063457331
DUOL,25,13198.387811030001,0.12992781787895613,0.09404045926735927,0.08006718924972,0.2977558839627805,0.056222707423580785,0.12220403709765412,0.25655021834061137,0.14676889375684557,0.862876254180602,0.2917350848385331,0.4097374179431072,0.9166666666666666,0.207843137254902,0.13660130718954244,NA,0.9349015317286652
ALIT,20,4260.048,0.6046640755136036,0.8430836522689995,0.44176931690929455,0.6480569239189928,0.7429039301310044,0.9465357337697763,0.07587336244541484,0.6276013143483024,0.4197324414715719,0.19157088122605365,0.1772428884026258,0.7615740740740741,0.6836601307189543,0.7928104575163398,0.20657276995305165,0.6712253829321664
BLND,45,1288.65513,0.09328151027207107,0.9983597594313832,0.971444568868981,0.055281882868089764,0.15775109170305676,0.050190943807965085,0.039847161572052404,0.03778751369112815,0.6471571906354515,0.009852216748768473,0.011487964989059081,NA,0.08823529411764708,0.0771241830065359,0.10529845741113347,0.9332603938730853
BASE,45,1073.65748,0.1121599111604664,0.7785675232367414,0.28835386338185887,0.14395183360700603,0.21997816593886463,0.24549918166939444,0.08296943231441048,0.044906900328587074,0.9754738015607581,0.06294471811713191,0.04649890590809628,NA,0.418954248366013,0.23856209150326801,0.004694835680751174,0.9644420131291028
EVCM,45,2229.3306000000002,0.3781232648528595,0.8589393110989612,0.44400895856662936,0.6026272577996716,0.4012008733624454,0.5810147299509002,0.16648471615720525,0.3669222343921139,0.7809364548494984,0.20908593322386426,0.18161925601750548,0.7584876543209876,0.5718954248366013,0.37516339869281046,0.16901408450704225,0.8025164113785558
HOOD,40,28664.15502,0.10105496946141032,0.06014215418261348,0.10246360582306835,0.555008210180624,0.08406113537117904,0.41898527004909986,0.17412663755458516,0.1686746987951807,0.056856187290969896,0.19047619047619047,0.19803063457330417,NA,0.6986928104575163,0.5784313725490196,0.41851106639839036,0.6422319474835887
CASY,30,15321.23814402,0.756246529705719,0.38873701476216516,0.7189249720044792,0.40558292282430214,0.7953056768558951,0.42116748499727225,0.5387554585152838,0.4945235487404162,0.20512820512820512,0.6951286261631089,0.7620350109409191,0.3950617283950617,0.8777777777777778,0.7274509803921569,0.7471495640509725,0.649890590809628
NUVL,35,6332.056600000001,0.008883953359244865,0.043193001640240536,NA,0.1811713191023536,0,0.22531369339879978,0.1703056768558952,0.09529025191675794,NA,0.1324575807334428,0.07439824945295405,NA,0.0065359477124182774,0.00588235294117645,NA,0.4934354485776805
RXST,35,1889.45152,0.019988895058300944,0.1301257517769273,0.027995520716685318,0.15544608648056923,0.06331877729257641,0.18112384069830878,0.1539301310043668,0.0963855421686747,0.7748049052396878,0.09414340448823208,0.05306345733041575,NA,0.04705882352941182,0.0490196078431373,0.05767940979208585,0.48358862144420134
EXC,55,39751.23304,0.5663520266518601,0.3980317113176599,0.33034714445688684,0.0749863163656267,0.6320960698689956,0.9258046917621385,0.756004366812227,0.683461117196057,0.40301003344481606,0.4652435686918446,0.4447483588621444,NA,0.9013071895424837,0.8666666666666667,0.31254191817572097,0.3309628008752735
CNP,55,21259.33474,0.7512493059411438,0.5571350464734828,0.8135498320268757,0.15435139573070608,0.5218340611353712,0.7915984724495363,0.6391921397379913,0.619934282584885,0.42865105908584167,0.481663929939792,0.4425601750547046,NA,0.9071895424836601,0.7856209150326797,0.335345405767941,0.7188183807439825
NPWR,20,963.92688,0.05274847307051638,NA,NA,0.08210180623973727,0.025655021834061136,0.9056192034915439,0.07805676855895197,0.012048192771084338,0.9977703455964325,NA,NA,NA,6.535947712418277e-4,6.535947712418277e-4,0.0026827632461435278,NA
BROS,25,6115.70979,0.08273181565796779,0.04756697648988517,0.1427771556550952,0.18445539135194308,0.20414847161572053,0.13966175668303327,0.24890829694323144,0.20208105147864183,0.37402452619843923,0.2649151614668856,0.2527352297592998,NA,0.592156862745098,0.33071895424836606,0.25687458081824277,0.7899343544857769
PRCT,35,4988.17297,0.007218212104386452,0.08146528157463095,0.028555431131018993,0.14833059660645867,0.048580786026200876,0.1303873431533006,0.16375545851528384,0.10186199342825848,0.6666666666666666,0.08593322386425835,0.0525164113785558,NA,0.05228758169934644,0.05490196078431375,0.04560697518443997,0.10175054704595188
FRSH,45,3725.4301499999997,0.12215435868961688,0.4395844723892838,0.24188129899216126,0.3716475095785441,0.20796943231441048,0.4866339334424441,0.1359170305676856,0.05750273822562979,0.9531772575250836,0.16584564860426929,0.1137855579868709,NA,0.1379084967320261,0.09673202614379084,NA,0.9305251641137855
TOST,40,20507.34,0.05830094392004442,0.2602515035538545,0.08342665173572228,0.2534209085933224,0.24836244541484717,0.13638843426077468,0.19323144104803494,0.12102957283680175,0.19732441471571907,0.13409961685823754,0.09573304157549234,NA,0.33529411764705885,0.19673202614379082,NA,0.9600656455142232
CWAN,45,6118.232319999999,0.10771793448084398,0.18589393110989616,0.21276595744680848,0.30815544608648054,0.07751091703056769,0.13693398799781778,0.2341703056768559,0.1533406352683461,0.8561872909698997,0.19813902572523262,0.16575492341356673,0.7376543209876543,0.09281045751633987,0.09477124183006536,NA,0.9589715536105032
SLVM,15,3784.6283200000003,0.8772903942254303,0.42154182613449975,0.6153415453527435,0.7865353037766831,0.7985807860262009,0.4877250409165303,0.8024017467248908,0.843921139101862,0.22909698996655517,0.8669950738916257,0.7915754923413567,0.4182098765432099,0.49673202614379086,0.5725490196078431,0.6458752515090543,0.7778993435448578
AMPL,45,978.07094,0.1399222654081066,0.4756697648988518,0.2928331466965286,0.39299397920087575,0.37445414847161573,0.5051827605019095,0.06604803493449782,0.023548740416210297,0.8851727982162765,0.10837438423645321,0.07166301969365427,NA,0.24640522875816995,0.15228758169934642,NA,0.9814004376367614
WRBY,25,2291.46148,0.1393670183231538,0.6041552761071625,0.36618141097424417,0.24575807334428024,0.3853711790393013,0.26677577741407527,0.14956331877729256,0.11664841182913473,0.6978818283166109,0.13355227148330598,0.1061269146608315,NA,0.3392156862745098,0.196078431372549,NA,0.9655361050328227
ACT,40,5407.86869,0.8995002776235425,0.334609075997813,0.5375139977603584,0.8970990695128627,0.2838427947598253,0.9018003273322422,0.9514192139737991,NA,0.9035674470457079,0.6398467432950191,0.850109409190372,0.5447530864197531,NA,NA,0.8423876592890678,0.10284463894967177
IDA,55,6310.896900000001,0.22543031649083842,0.23728813559322037,0.48040313549832026,0.0963327859879584,0.3700873362445415,0.7577741407528642,0.6217248908296943,0.4539978094194962,0.3132664437012263,0.46195949644225504,0.5016411378555798,NA,0.5509803921568628,0.5019607843137255,0.31857813547954394,0.13949671772428884
PFE,35,148531.8079,0.4453081621321488,0.20010934937124114,0.977043673012318,0.47619047619047616,0.5311135371179039,0.7615930169121659,0.32914847161572053,0.511500547645126,0.7486064659977704,0.2857142857142857,0.3276805251641138,0.0933641975308642,0.865359477124183,0.6836601307189543,0.40979208584842386,0.3900437636761488
RELY,40,4072.1341599999996,0.056635202665186006,0.046473482777473984,0.07670772676371784,0.18226600985221675,0.3138646288209607,0.2618657937806874,0.14683406113537117,0.09802847754654984,0.6833890746934225,0.12698412698412698,0.09409190371991247,NA,0.2947712418300653,0.3549019607843137,0.030181086519114688,0.7095185995623632
JXN,40,7400.2337800000005,0.9294836202109938,0.41388737014762167,0.9932810750279956,0.9989053092501369,0.5425764192139738,0.9661756683033279,0.9530567685589519,0.9529025191675794,0.8010033444816054,0.5030103995621237,0.2603938730853392,0.4683641975308642,NA,NA,0.590878604963112,0.25054704595185995
LTH,25,5023.23471,0.35369239311493617,0.41607435757244393,0.20940649496080632,0.10946907498631636,0.5562227074235808,0.657392253136934,0.33897379912663755,0.4644030668127054,0.38851727982162765,0.30487137383689106,0.3402625820568928,NA,0.9980392156862745,0.9281045751633987,0.2937625754527163,0.5984682713347922
AVDX,40,2353.50544,0.12382009994447529,0.23947512301804263,0.2278835386338186,0.24192665571975916,0.21179039301310043,0.4779050736497545,0.16866812227074235,0.12924424972617743,0.8037904124860646,0.19485495347564313,0.1974835886214442,NA,0.6941176470588235,0.6797385620915033,0.10999329309188464,0.32877461706783373
GTLB,45,8958.66,0.08162132148806218,0.23346090759978133,0.10190369540873456,0.24740010946907498,0.08187772925764192,0.14620840152755046,0.1168122270742358,0.10240963855421686,0.9810479375696767,0.054187192118226604,0.041028446389496716,NA,0.4320261437908497,0.21176470588235297,NA,0.9912472647702407
ENFN,45,938.0576799999999,0.3548028872848418,0.9382176052487698,0.29171332586786114,0.33880678708264916,0.24563318777292575,0.1342062193126023,0.2762008733624454,0.22562979189485213,0.8522853957636566,0.4942528735632184,0.6230853391684902,0.875,0.18627450980392157,0.19281045751633985,NA,0.9403719912472648
INFA,45,6930.23292,0.2681843420322043,0.48059048660470205,0.5156774916013438,0.5281882868089764,0.3111353711790393,0.5291871249318058,0.17631004366812228,0.27656078860898137,0.9269788182831661,0.2047071702244116,0.19037199124726478,0.6574074074074074,0.5169934640522875,0.3366013071895425,0.17303822937625754,0.724288840262582
FLNC,20,2438.1710099999996,0.09217101610216547,0.9814106068890104,0.027435610302351643,0.10782703886152162,0.7751091703056768,0.32951445717403166,0.14792576419213974,0.06078860898138007,0.04626532887402453,0.1499726327312534,0.162472647702407,NA,0.5437908496732027,0.45424836601307195,NA,0.057439824945295426
KD,45,8062.12641,0.36590782898389784,0.9059595407326408,0.7928331466965286,0.15654077723043242,0.925764192139738,0.2700490998363339,0.12554585152838427,0.6916757940854327,0.21739130434782608,0.11603721948549535,0.17888402625820568,NA,0.8111111111111111,0.6150326797385621,0.20992622401073105,0.6980306345733042
EMR,20,75608.525702,0.22654081066074402,0.14598141060688896,0.9456886898096305,0.24685276409414342,0.26582969432314413,0.5035460992907801,0.4868995633187773,0.3953997809419496,0.6399108138238573,0.6119321291735085,0.637308533916849,0.08101851851851852,0.26339869281045747,0.20849673202614383,0.7511737089201878,0.045951859956236296
JNJ,35,373205.61715376994,0.9133814547473625,0.9311098961180974,0.8617021276595744,0.6223316912972086,0.3089519650655022,0.36933987997817785,0.5622270742358079,0.617196056955093,0.9046822742474916,0.7099069512862616,0.7434354485776805,0.5030864197530864,0.74640522875817,0.5130718954248366,0.9007377598926894,0.574398249452954
FNA,35,863.1532000000001,0.03775680177679067,0.08091853471842536,0.2508398656215005,0.04980842911877394,0.33406113537117904,0.37315875613747956,0.09388646288209607,0.08652792990142388,0.8857302118171684,0.09742747673782157,0.07713347921225383,NA,0.14117647058823535,0.22091503267973855,0.08987256874580818,0.06564551422319476
COCO,30,2016.25528,0.3886729594669628,0.05084745762711862,0.30739081746920494,0.6458675424192666,0.32860262008733626,0.2078559738134206,0.42085152838427947,0.26451259583789705,0.431438127090301,0.8204707170224411,0.9655361050328227,NA,0.21437908496732028,0.207843137254902,0.9953051643192489,0.9770240700218819
FWRG,25,1156.2813,0.43808995002776235,0.20120284308365222,0.20604703247480405,0.27805145046524354,0.7341703056768559,0.7026732133115112,0.4099344978165939,0.40470974808324206,0.1956521739130435,0.3289545703338807,0.4327133479212254,0.9907407407407407,0.9529411764705882,0.550326797385621,0.5573440643863179,0.6181619256017505
NN,45,2240.9623500000002,0.02609661299278179,0.07982504100601417,0.7217245240761478,0.17843459222769567,0.030021834061135372,0.09601745771958538,0.14192139737991266,0.09583789704271632,0.016164994425863992,0.04050355774493705,0.0175054704595186,NA,0.03725490196078429,0.03464052287581698,0.08316566063044936,0.9775711159737418
UDMY,25,1161.37196,0.1510272071071627,0.679606342263532,0.29619260918253076,0.22112753147235906,0.6724890829694323,0.5106382978723404,0.0665938864628821,0.025191675794085433,0.7201783723522854,0.10782703886152162,0.08916849015317287,NA,0.5176470588235293,0.2594771241830065,0.012743125419181758,0.9091903719912473
RIVN,25,12387.09435,0.04386451971127152,0.8857299070530344,0.010638297872340385,0.009304871373836891,0.4634279475982533,0.8494271685761048,0.007096069868995633,0.002190580503833516,0.028428093645484948,0.07936507936507936,0.047592997811816196,NA,0.09934640522875815,0.09150326797385622,0.04896042924211938,0.4026258205689278
BRZE,45,3278.25048,0.08717379233759023,0.19792236194641877,0.12597984322508393,0.22167487684729065,0.1888646288209607,0.2755046372067649,0.13155021834061134,0.0700985761226725,0.822742474916388,0.11275314723590586,0.08315098468271334,NA,0.3967320261437909,0.2032679738562092,NA,0.9463894967177243
SG,25,4237.90572,0.06440866185452526,0.8802624384909787,0.18533034714445684,0.18281335522714834,0.17903930131004367,0.23404255319148937,0.15120087336244542,0.1171960569550931,0.13656633221850614,0.13081554460864805,0.09737417943107221,NA,0.22810457516339866,0.13202614379084965,0.007377598926894702,0.9321663019693655
GLW,45,41671.69203,0.36868406440866186,0.8184800437397485,0.8734602463605823,0.3229337712096333,0.40010917030567683,0.48117839607201307,0.3220524017467249,0.4375684556407448,0.5289855072463768,0.337712096332786,0.41849015317286653,0.22453703703703703,0.515032679738562,0.5679738562091503,0.43594902749832326,0.5404814004376368
LUNR,20,1322.0283,0.11549139367018323,NA,NA,0.09304871373836891,0.0769650655021834,0.014729950900163666,0.6823144104803494,0.07776560788608981,0.028985507246376812,NA,NA,NA,0.9908496732026144,0.9254901960784314,0.04158283031522468,NA
CDRE,20,1355.9011200000002,0.5785674625208218,0.2892290869327502,0.5352743561030235,0.6234263820470717,0.46179039301310043,0.2978723404255319,0.4874454148471616,0.4189485213581599,0.5133779264214047,0.7586206896551724,0.8041575492341356,0.7469135802469136,0.2901960784313725,0.34248366013071896,0.7967806841046278,0.7565645514223195
WEAV,45,994.7795699999999,0.1271515824541921,0.8261344997266266,0.23516237402015683,0.2649151614668856,0.22379912663755458,0.1734860883797054,0.14301310043668122,0.09967141292442497,0.8779264214046822,0.09523809523809523,0.087527352297593,NA,0.4784313725490196,0.2196078431372549,0.055667337357478204,0.9556892778993435
PRM,15,1871.7184000000002,0.24264297612437535,0.8791689447785676,0.868421052631579,0.210727969348659,0.22489082969432314,0.8254228041462084,0.5687772925764192,0.29244249726177435,0.5585284280936454,0.35467980295566504,0.47538293216630195,NA,0.11568627450980395,0.33333333333333337,0.1750503018108652,0.05634573304157553
CRGY,10,2414.08502,0.8423098278734037,0.22361946418808087,0.9423292273236282,0.019157088122605363,0.8002183406113537,0.8827059465357338,0.48253275109170307,0.9720700985761227,0.592530657748049,0.34428024083196496,0.33315098468271337,NA,0.8980392156862745,0.9921568627450981,0.317907444668008,0.9004376367614879
HCP,45,5425.83094,0.10161021654636314,0.5199562602515035,0.1993281075027995,0.21620142309797483,0.14192139737991266,0.4097108565193672,0.13700873362445415,0.0624315443592552,0.9470457079152731,0.1532567049808429,0.10393873085339168,NA,0.1797385620915033,0.12679738562091503,NA,0.8402625820568927
IOT,45,11984.48799,0.10993892282065519,0.37014762165117554,0.08062709966405379,0.2222222222222222,0.10262008733624454,0.16748499727223132,0.15884279475982532,0.10460021905805038,0.8801560758082497,0.10727969348659004,0.0826039387308534,NA,0.5862745098039216,0.3411764705882353,NA,0.937636761487965
PPG,15,28853.84,0.8800666296501943,0.4964461454346637,0.5940649496080628,0.7164750957854407,0.6746724890829694,0.48936170212765956,0.6468340611353712,0.6396495071193866,0.49888517279821626,0.6929392446633826,0.6668490153172867,0.9382716049382716,0.5973856209150327,0.6339869281045751,0.7142857142857143,0.5776805251641137
PPL,55,25777.292100000002,0.49083842309827874,0.5281574630945872,0.5425531914893618,0.15599343185550082,0.4192139737991266,0.8074195308237861,0.4890829694323144,0.615553121577218,0.4698996655518395,0.3448275862068966,0.4135667396061269,NA,0.8751633986928105,0.8509803921568627,0.39168343393695504,0.3528446389496718
MMM,20,72714.96327,0.4264297612437535,0.3214871514488792,0.8365061590145577,0.7531472359058566,0.5474890829694323,0.16421167484997273,0.06331877729257641,0.5974808324205915,0.5841694537346711,0.0481663929939792,0.08971553610503283,0.6496913580246914,0.7869281045751634,0.5816993464052287,0.505700871898055,0.9835886214442013
TPG,40,6817.601999999999,0.16046640755136035,0.1640240568616731,0.25027995520716684,0.8659003831417624,0.4574235807860262,0.18057828696126568,0.30731441048034935,0.2316538882803943,0.05741360089186176,0.6310892172961139,0.3172866520787746,0.18364197530864199,NA,NA,0.4379610999329309,0.7078774617067833
CEG,55,80243.50151999999,0.21377012770682954,0.3406232914160744,0.6338185890257559,0.058018609742747675,0.4066593886462882,0.3453355155482815,0.3913755458515284,0.2661555312157722,0.07525083612040134,0.6327312534209086,0.5071115973741794,NA,0.6633986928104575,0.9,0.46545942320590206,0.010393873085339123
MRK,35,257112.20304,0.5613548028872848,0.7862219792236195,0.6466965285554311,0.5095785440613027,0.3160480349344978,0.3006001091107474,0.2576419213973799,0.523001095290252,0.9163879598662207,0.26710454296661196,0.26258205689277897,0.23148148148148148,0.696078431372549,0.6712418300653595,0.8008048289738431,0.8594091903719913
ACLX,35,4755.33965,0.034425319267073845,0.009294696555494752,NA,0.5462506841817186,0.04694323144104803,0.21003818876159303,0.18777292576419213,0.11500547645125958,0.023411371237458192,0.13628899835796388,0.10065645514223195,NA,0.07320261437908493,0.05032679738562096,0.05499664654594232,0.9939824945295405
MSI,45,83510.36537121,0.5024986118822876,0.51175505740842,0.4277715565509519,0.3787629994526546,0.1566593886462882,0.06873977086743044,0.39574235807860264,0.2612267250821468,0.6276477146042363,0.9906951286261632,0.887855579868709,0.5594135802469136,0.8313725490196078,0.6516339869281046,0.7276995305164319,0.3440919037199125
BRBR,30,10104.235719999999,0.29428095502498614,0.7834882449425916,0.21052631578947367,0.3749315818281336,0.21724890829694324,0.042007637752318604,0.34989082969432317,0.2546549835706462,0.35785953177257523,0.07991242474001095,0.9803063457330415,0.9853395061728395,0.25359477124183005,0.6287581699346405,0.4956405097250168,0.6958424507658643
EMBC,35,1210.86873,0.31038312048861744,0.24548933843630394,0.7010078387458007,0.4964422550629447,0.7811135371179039,0.002182214948172395,0.75382096069869,0.8767798466593647,0.8177257525083612,0.1893814997263273,0.6783369803063457,0.07947530864197531,0.38627450980392153,0.34183006535947713,0.38162307176391685,0.1132385120350109
ESAB,20,7802.627840000001,0.5891171571349251,0.6074357572443958,0.4927211646136618,0.518336070060208,0.46124454148471616,0.408619749045281,0.4798034934497817,0.4474260679079956,0.4498327759197324,0.6305418719211823,0.6537199124726477,0.7546296296296297,0.5418300653594772,0.792156862745098,NA,0.37746170678336977
WBD,50,25709.1692,0.8089950027762354,0.9130672498633132,0.2049272116461366,0.9802955665024631,0.8973799126637555,0.9923622476813966,0.05240174672489083,0.875684556407448,0.5641025641025641,0.19923371647509577,0.19091903719912473,0.8109567901234568,0.8594771241830066,0.6627450980392157,0.18309859154929578,0.7527352297592997
FE,55,24522.28835,0.5152692948362021,0.42919628212137784,0.5968645016797313,0.06403940886699508,0.6129912663755459,0.7670485542825969,0.6643013100436681,0.5405257393209201,0.27759197324414714,0.5216201423097975,0.44529540481400437,NA,0.9836601307189542,0.949673202614379,0.2904091213950369,0.18982494529540483
SOUN,45,3137.6096500000003,0.07273736812881733,0.004373974849644635,0.06774916013437848,0.16584564860426929,0.04039301310043668,0.05946535733769776,0.14847161572052403,0.10569550930996714,0.9247491638795987,0.9956212370005474,0.00437636761487965,NA,0.1098039215686275,0.08758169934640525,0.10663983903420524,0.9682713347921226
AZPN,45,15812.5,0.280399777901166,0.8015308911973756,0.46752519596864506,0.37547892720306514,0.09224890829694324,0.9023458810692854,0.2450873362445415,0.2343921139101862,0.9503901895206243,0.25725232621784344,0.24671772428884026,0.5640432098765432,0.2869281045751634,0.4202614379084967,NA,0.3353391684901532
ACDC,10,1452.53329,0.8345363686840644,0.47949699289229086,0.4535274356103024,0.969896004378763,0.9132096069868996,0.8750681942171303,0.09334061135371179,0.9759036144578314,0.4052396878483835,0.0049261083743842365,0.1739606126914661,0.9521604938271605,0.838562091503268,0.9437908496732026,0.23876592890677398,0.9671772428884027
IE,15,1145.53656,0.07051637978900611,0.020229633679606396,0.9871220604703248,0.019704433497536946,0.03384279475982533,0.5373704309874523,0.027838427947598252,0.016976998904709748,0.9827201783723523,0.05035577449370553,0.01312910284463895,NA,0.08562091503267977,0.06209150326797386,0.02481556002682763,0.8905908096280087
CPK,55,3001.39675,0.39644641865630204,0.04537998906506291,0.7166853303471444,0.25725232621784344,0.3018558951965066,0.6950354609929078,0.4945414847161572,0.4090909090909091,0.38238573021181715,0.43130815544608647,0.4934354485776805,0.16820987654320987,0.9816993464052287,0.9823529411764705,0.5171026156941649,0.4830415754923414
FIP,20,983.89425,0.09605774569683509,0.8408966648441771,0.20156774916013442,0.05692391899288451,0.4230349344978166,0.10256410256410256,0.04967248908296943,0.20700985761226726,0.189520624303233,0.12643678160919541,0.15809628008752735,NA,0.7058823529411764,0.469281045751634,0.14755197853789404,0.5656455142231948
CMS,55,20828.302349999998,0.5996668517490283,0.3865500273373428,0.8902575587905935,0.21237000547345375,0.4656113537117904,0.6437534097108565,0.6320960698689956,0.5191675794085433,0.36454849498327757,0.5741652983032294,0.4682713347921225,NA,0.8392156862745098,0.8823529411764706,0.28303152246814217,0.49835886214442016
EAT,25,5876.49156,0.5646862853970017,0.4980863860032805,0.4955207166853304,0.5331143951833607,0.7259825327510917,0.06546644844517185,0.4661572052401747,0.4238773274917853,0.10423634336677814,0.014230979748221127,0.6777899343544858,0.9151234567901234,0.9921568627450981,0.8627450980392157,0.45472837022132795,0.8298687089715536
CRBG,40,18414.3219,0.5907828983897835,0.5084745762711864,0.9630459126539753,0.9649698960043788,0.8094978165938864,0.7992362247681397,0.7647379912663755,0.3784227820372399,0.05016722408026756,0.5254515599343186,0.2609409190371991,0.6165123456790124,NA,NA,0.2454728370221328,0.19529540481400443
LVWR,25,1219.5,0.07828983897834536,0.985784581738655,0.9294512877939529,0.06458675424192666,0.05076419213973799,0.3322422258592471,0.06877729257641921,0.03285870755750274,0.032329988851727984,0.08702791461412152,0.038293216630196934,NA,0.11699346405228761,0.09738562091503267,NA,0.7592997811816192
CHD,30,26981.629739999997,0.6013325930038868,0.5746309458720613,0.43617021276595747,0.4548440065681445,0.287117903930131,0.3355155482815057,0.4819868995633188,0.34611171960569553,0.5785953177257525,0.7471264367816092,0.7888402625820569,0.558641975308642,0.7836601307189542,0.7045751633986927,0.7337357478202549,0.4015317286652079
RXO,20,4847.8185,0.31538034425319267,0.928922908693275,0.9260918253079508,0.2594417077175698,0.7472707423580786,0.2520458265139116,0.25436681222707425,0.2289156626506024,0.1488294314381271,0.26436781609195403,0.25547045951859954,0.0787037037037037,0.7405228758169935,0.9888888888888889,0.29510395707578807,0.5021881838074398
MBLY,25,1796.8414000000002,0.47806774014436426,0.6626571897211591,0.38465845464725645,0.9540229885057471,0.834061135371179,1,0.18722707423580787,0.9983570646221248,0.8422519509476031,0.2561576354679803,0.24234135667396062,0.2631172839506173,0.09542483660130718,0.12287581699346406,NA,0.35831509846827136
CINF,40,24983.826450000004,0.5902276513048307,0.28594860579551673,0.05319148936170215,0.7996715927750411,0.5131004366812227,0.7195853791598472,0.8427947598253275,0.7228915662650602,0.22129319955406912,0.6644772851669404,0.6641137855579868,0.4498456790123457,NA,NA,0.937625754527163,0.2029540481400438
FG,40,6094.12302,0.19822320932815102,0.09513395297977034,0.023516237402015694,0.9994526546250684,0.7101528384279476,0.7037643207855974,0.20360262008733623,0.17305585980284777,0.03511705685618729,0.22824302134646962,0.24452954048140044,0.8094135802469136,NA,NA,0.12877263581488935,0.7921225382932167
DRS,20,9193.083690000001,0.23875624652970573,0.39420448332422087,0.5487122060470324,0.33278598795840175,0.4044759825327511,0.44899072558647024,0.3700873362445415,0.2913472070098576,0.24972129319955408,0.39408866995073893,0.5798687089715536,NA,0.4790849673202614,0.5529411764705883,0.6257545271629779,0.22483588621444206
WEC,55,31967.5717,0.7129372570794004,0.46692181519956255,0.8236282194848824,0.3355227148330597,0.36790393013100436,0.7081287506819421,0.6271834061135371,0.4824753559693319,0.415273132664437,0.5424192665571976,0.4907002188183807,NA,0.9705882352941176,0.9875816993464053,0.35412474849094566,0.4540481400437637
MBC,20,2198.8819,0.9911160466407551,0.8813559322033898,0.91993281075028,0.9496442255062945,0.8482532751091703,0.7490452809601745,0.8842794759825328,0.8630887185104053,0.3996655518394649,0.6704980842911877,0.7390590809628009,0.8209876543209876,0.43137254901960786,0.5601307189542484,0.5197853789403085,0.7828227571115973
GEHC,35,38020.97106,0.5358134369794558,0.16511755057408417,0.5005599104143337,0.5993431855500821,0.6058951965065502,0.3649754500818331,0.5747816593886463,0.5744797371303395,0.5351170568561873,0.6748768472906403,0.5946389496717724,0.4212962962962963,0.7993464052287582,0.6699346405228759,0.5352112676056338,0.3282275711159738
TXT,20,15885.392559999998,0.6102165463631316,0.5363586659376709,0.5072788353863382,0.6568144499178982,0.7631004366812227,0.6448445171849427,0.7532751091703057,0.6188389923329682,0.16220735785953178,0.5916803503010399,0.6433260393873085,0.2993827160493827,NA,NA,0.6626425217974514,0.30087527352297594
CTAS,20,91060.87717701,0.5191560244308717,0.37069436850738113,0.4428891377379619,0.35030103995621237,0.13700873362445415,0.12493180578286961,0.36026200873362446,0.23110624315443593,0.624860646599777,0.9014778325123153,0.949671772428884,0.6504629629629629,0.4901960784313726,0.765359477124183,0.8618376928236083,0.6088621444201313
SKWD,40,2169.811,0.555247084952804,0.10989611809732092,0.08622620380739077,0.9458128078817734,0.5251091703056768,0.5090016366612111,0.6058951965065502,0.5492880613362541,0.11259754738015608,0.655719759168035,0.5,0.7554012345679012,NA,NA,0.7927565392354124,0.7948577680525164
NXT,20,5481.3024,0.5591338145474736,0.02460360852925092,0.1371780515117581,0.7837985769020251,0.5671397379912664,0.3464266230223677,0.7418122270742358,0.6785323110624315,0.29375696767001114,0.11384783798576902,0.9217724288840262,0.9367283950617284,0.4209150326797385,0.49150326797385624,0.92018779342723,0.6444201312910285
PEG,55,46982.6175,0.7090505274847307,0.5062875888463642,0.3180291153415453,0.28516694033935414,0.324235807860262,0.6710310965630114,0.7352620087336245,0.56078860898138,0.5234113712374582,0.6912972085385879,0.6214442013129103,NA,0.9379084967320261,0.9784313725490196,0.5217974513749162,0.33916849015317285
AESI,10,2597.81469,0.39589117157134923,0.031164570803717928,0.16013437849944012,0.150519978106185,0.32041484716157204,0.5891980360065466,0.7712882096069869,0.8187294633077765,0.6911928651059086,0.7870826491516146,0.925601750547046,0.040123456790123455,0.18562091503267975,0.15947712418300652,0.8229376257545271,0.9048140043763676
CR,20,10420.80256,0.43420322043309273,0.9978130125751777,0.9759238521836506,0.3470169677066229,0.263646288209607,0.27277686852154936,0.3864628820960699,0.28148959474260676,0.48606465997770343,0.5725232621784346,0.6717724288840262,NA,0.3431372549019608,0.41764705882352937,0.8088531187122736,0.20897155361050324
MSGE,50,1539.0059400000002,0.3947806774014436,0.2679059595407326,0.3521836506159015,0.6710454296661194,0.6697598253275109,0.04964539007092199,0.9132096069868996,0.5558598028477546,0.4921962095875139,0.011494252873563218,0.8205689277899344,0.2800925925925926,0.9856209150326798,0.9104575163398693,0.3118712273641851,0.06455142231947486
HAL,10,27989.07372,0.855635757912271,0.41552761071623834,0.3365061590145577,0.7712096332785988,0.7516375545851528,0.5433715220949263,0.9143013100436681,0.8943044906900328,0.21627647714604237,0.8544061302681992,0.8451859956236324,0.779320987654321,0.4013071895424837,0.5712418300653594,0.6894701542588867,0.41630196936542674
MDU,55,4085.91552,0.8750694058856191,0.9688354291962821,0.9703247480403135,0.11001642036124795,0.8307860262008734,0.8870703764320785,0.9475982532751092,0.7245345016429354,0.10089186176142698,0.6332785987958401,0.638402625820569,NA,0.6849673202614379,0.9013071895424837,0.42521797451374915,0.07549234135667393
BHRB,40,1036.98304,0.18600777345918934,0.6325861126298524,0.16125419932810747,0.42911877394636017,0.20633187772925765,0.5073649754500819,0.40829694323144106,0.35049288061336253,0.7954292084726867,0.4006568144499179,0.28227571115973743,0.2916666666666667,NA,NA,NA,0.1892778993435449
KNF,15,5859.4455,0.45585785674625207,0.21924548933843635,0.37178051511758115,0.5177887246852764,0.5889737991266376,0.4353518821603928,0.5191048034934498,0.5284775465498357,0.21906354515050167,0.6562671045429667,0.7417943107221007,0.9683641975308642,0.2803921568627451,0.3967320261437909,0.5405767940979208,0.6460612691466083
KVUE,30,46167.548559999996,0.8145474736257635,0.6118097320940404,0.5957446808510638,0.6847290640394089,0.43504366812227074,0.5040916530278232,0.5682314410480349,0.5301204819277109,0.717391304347826,0.5134099616858238,0.6695842450765864,0.621141975308642,0.7601307189542483,0.696078431372549,0.6807511737089202,0.5836980306345734
ATMU,20,3597.22584,0.47640199888950585,0.11591033351558233,0.5666293393057111,0.5522714833059661,0.5638646288209607,0.08183306055646482,0.6828602620087336,0.5076670317634173,0.3049052396878484,0.9523809523809523,0.9452954048140044,0.44521604938271603,0.45620915032679743,0.5366013071895425,0.7223340040241448,0.27735229759299784
XEL,55,41666.999520000005,0.7262631871182677,0.4784034991798797,0.8208286674132139,0.18828680897646416,0.4465065502183406,0.723404255319149,0.6315502183406113,0.5651697699890471,0.40858416945373466,0.5019157088122606,0.474835886214442,NA,0.9248366013071896,0.9679738562091503,0.34339369550637155,0.600656455142232
CAVA,25,16144.3208542,0.07440310938367574,0.03007107709130674,0.14893617021276595,0.2194854953475643,0.06168122270742358,0.09656301145662848,0.25382096069869,0.15991237677984665,0.24303232998885171,0.7629994526546251,0.39442013129102843,NA,0.20457516339869286,0.12026143790849675,NA,0.8342450765864333
FTRE,35,1888.185,0.5885619100499723,0.6282121377802078,0.6668533034714446,0.7345374931581828,0.9012008733624454,0.9345335515548282,0.2418122270742358,0.4353778751369113,0.13210702341137123,0.2567049808429119,0.24562363238512036,0.933641975308642,0.538562091503268,0.8196078431372549,0.23138832997987926,0.4573304157549234
PHIN,25,2358.6126400000003,0.7096057745696835,0.7381082558775287,0.5599104143337066,0.5725232621784346,0.8853711790393013,0.8887070376432079,0.6402838427947598,0.9260679079956189,0.2569676700111483,0.3519430760810071,0.45459518599562365,0.18287037037037038,0.5104575163398692,0.6333333333333333,0.5546613011401744,0.4316192560175055
KGS,10,3541.57344,0.40699611327040536,0.6484417714598141,0.23124300111982088,0.3097974822112753,0.32532751091703055,0.5455537370430987,0.2740174672489083,0.6204819277108434,0.701783723522854,0.29720853858784896,0.2817286652078775,NA,0.777124183006536,0.961437908496732,0.22535211267605634,0.7215536105032823
SVV,25,1495.14915,0.7440310938367574,0.3078184800437398,0.5655095184770437,0.6644772851669404,0.8056768558951966,0.4708128750681942,0.5611353711790393,0.7891566265060241,0.48717948717948717,0.692391899288451,0.48304157549234134,0.6929012345679012,0.7895424836601307,0.3993464052287582,0.3608316566063045,0.6805251641137855
ETR,55,33484.09735999999,0.8484175458078845,0.6172772006560963,0.8801791713325868,0.19376026272577998,0.47161572052401746,0.7359519912711402,0.8269650655021834,0.6117196056955093,0.4665551839464883,0.6852764094143404,0.5568927789934355,NA,0.965359477124183,0.9712418300653595,0.35546613011401745,0.400984682713348
BATRK,50,2051.51505,0.1249305941143809,0.6183706943685074,0.44120940649496077,0.13464696223316913,0.4088427947598253,0.48063284233497,0.09989082969432314,0.17579408543263966,0.21683389074693424,0.10892172961138478,0.12527352297592997,0.019290123456790122,0.8575163398692811,0.46405228758169936,0.13615023474178403,0.7620350109409191
EVRG,55,14863.34888,0.7651304830649639,0.46090759978130125,0.7749160134378499,0.1598248494800219,0.4885371179039301,0.8794326241134752,0.6948689956331878,0.6582694414019715,0.5367892976588629,0.39792008757526,0.4474835886214442,NA,0.9790849673202614,0.9882352941176471,0.3427230046948357,0.47155361050328226
APGE,35,2032.78845,0.004997223764575236,0.00874794969928927,NA,0.12753147235905857,0,0.36006546644844517,0.12827510917030568,0.06297918948521358,NA,0.07827038861521621,0.049781181619256015,NA,0.009803921568627416,0.007843137254901933,NA,0.4080962800875274
DBD,45,1736.80894,0.38811771238201,0.06670311645708038,0.4540873460246361,0.02681992337164751,0.9372270742358079,0.8477905073649754,1,0.8860898138006572,0.28205128205128205,0.004378762999452655,0.9967177242888403,NA,0.5764705882352941,0.5588235294117647,0.19785378940308518,0.001641137855579844
SEZL,40,2377.5362099999998,0.10272071071626875,0.12083105522143245,0.16405375139977607,0.1932129173508484,0.08624454148471616,0.06819421713038734,0.2614628820960699,0.17524644030668127,0.5629877369007804,0.9200875752599891,0.5361050328227571,0.013117283950617283,0.7633986928104575,0.5888888888888889,0.23608316566063045,0.007111597374179435
AEP,55,53181.9409,0.6179900055524709,0.5379989065062876,0.7575587905935051,0.10837438423645321,0.462882096069869,0.7959629023458811,0.6239082969432315,0.5438116100766703,0.4158305462653289,0.4575807334428024,0.44091903719912473,NA,0.973202614379085,0.9333333333333333,0.2837022132796781,0.3758205689277899
KVYO,45,2926.78056,0.14269850083287064,0.02788408966648437,0.06718924972004481,0.5292829775588396,0.3231441048034934,0.5166393889798145,0.060043668122270744,0.022453450164293537,0.8907469342251951,0.9923371647509579,0.03665207877461707,NA,0.07058823529411762,0.0535947712418301,NA,0.9945295404814004
VSTS,20,2115.0024,0.9044975013881177,0.6675779114270093,0.5408734602463605,0.8111658456486043,0.8635371179039302,0.707583196944899,0.9290393013100436,0.6872946330777656,0.33166109253065773,0.5966064586754242,0.7133479212253829,0.5625,0.29084967320261434,0.8712418300653595,0.9691482226693494,0.2521881838074398
VLTO,20,26756.25252,0.4969461410327596,0.1634773100054675,0.603023516237402,0.4953475643130816,0.24781659388646288,0.14238952536824878,0.5218340611353712,0.33953997809419495,0.7112597547380156,0.8910782703886152,0.9266958424507659,0.5146604938271605,0.5274509803921569,0.4575163398692811,0.9302481556002683,0.3265864332603938
KLG,30,1791.4,0.968906163242643,0.0787315472936031,0.6159014557670772,0.9414340448823207,0.8913755458515283,0.41407528641571195,0.7701965065502183,0.7732749178532311,0.32831661092530656,0.7690202517788725,0.7073304157549234,NA,0.888235294117647,0.8620915032679739,0.8443997317236754,0.9480306345733042
NEE,55,161777.38134999998,0.4575235980011105,0.24931656642974298,0.11646136618141101,0.29118773946360155,0.22980349344978165,0.5608292416803055,0.6588427947598253,0.5372398685651698,0.6889632107023411,0.6765188834154351,0.5765864332603938,NA,0.969281045751634,0.8411764705882353,0.4017437961099933,0.32768052516411383
ALE,55,3751.29672,0.827318156579678,0.7977036632039366,0.24412094064949608,0.8078817733990148,0.5993449781659389,0.8777959629023458,0.7985807860262009,0.6078860898138007,0.2129319955406912,0.45648604269293924,0.5339168490153173,1,0.7019607843137254,0.74640522875817,0.31388329979879276,0.5470459518599562
CART,30,11218.604650000001,0.13770127706829538,0.09021323127392022,0.25251959686450165,0.6130268199233716,0.3564410480349345,0.5253682487725041,0.03820960698689956,0.012595837897042717,0.8840579710144928,0.03667214012041598,0.03172866520787746,0.8441358024691358,0.11960784313725492,0.11307189542483664,NA,0.9972647702407003
ASH,15,3677.32854,0.5091615769017213,0.8562055768179333,0.8381858902575587,0.36070060207991245,0.6593886462882096,0.9078014184397163,0.6632096069868996,0.660460021905805,0.443701226309922,0.34537493158182814,0.46936542669584247,NA,0.20196078431372544,0.30065359477124187,0.36351441985244803,0.2434354485776805
NMRA,35,1605.9163399999998,0.015546918378678512,0.17987971569163475,NA,0.054187192118226604,0,0.49263502454991814,0.03657205240174673,0.019167579408543262,NA,0.0010946907498631637,0.016411378555798686,NA,0.011111111111111072,0.010457516339869244,NA,0.9299781181619255
NATL,40,2378.3312800000003,0.6207662409772349,0.7310005467468562,0.6438969764837625,0.8669950738916257,0.9082969432314411,0.2722313147845063,0.10316593886462883,0.8658269441401971,0.3193979933110368,0.1926655719759168,0.19310722100656455,0.5609567901234568,0.7810457516339869,0.6215686274509804,0.45137491616364855,0.7609409190371992
EQT,10,27113.320959999997,0.8967240421987784,0.253143794423182,0.8303471444568868,0.5769020251778872,0.337882096069869,0.7714129841789417,0.7827510917030568,0.8247535596933188,0.6995540691192865,0.6009852216748769,0.7330415754923414,0.2021604938271605,0.8359477124183007,0.9431372549019608,0.6961770623742455,0.6307439824945296
OGE,55,8833.67408,0.8645197112715158,0.6101694915254237,0.9361702127659575,0.26327312534209085,0.40065502183406115,0.8014184397163121,0.6795851528384279,0.6473165388828039,0.5261984392419174,0.47071702244116037,0.5060175054704595,NA,0.9424836601307189,0.9993464052287582,0.37692823608316567,0.6564551422319476
CDE,15,2579.0968599999997,0.17101610216546362,0.23400765445598692,0.5615901455767077,0.04433497536945813,0.4143013100436681,0.6093835242771413,0.1304585152838428,0.25355969331872946,0.21014492753623187,0.17733990147783252,0.15207877461706784,NA,0.8607843137254902,0.7339869281045752,0.1448692152917505,0.7664113785557987
PBI,20,1464.51006,0.43642420877290394,0.9278294149808639,0.8275475923852184,0.18007662835249041,0.9394104803493449,0.02618657937806874,0.012554585152838428,0.5805038335158818,0.4253065774804905,0.9890530925013684,0.12253829321663019,0.044753086419753084,0.8418300653594771,0.6058823529411765,0.1998658618376928,0.8238512035010941
WS,15,2276.79584,0.8334258745141588,0.42864953526517224,0.7827547592385218,0.5697865353037767,0.8864628820960698,0.6442989634478996,0.8111353711790393,0.7907995618838992,0.11036789297658862,0.6425834701696771,0.7757111597374179,0.13117283950617284,0.5372549019607843,0.9111111111111111,0.9248826291079812,0.33698030634573306
HWM,20,48093.17718,0.2526374236535258,0.6243849097867687,0.2687569988801791,0.3185550082101806,0.18013100436681223,0.1778505182760502,0.34388646288209607,0.2524644030668127,0.29821627647714605,0.7422003284072249,0.7379649890590809,0.6273148148148148,0.4529411764705882,0.6137254901960785,0.5486250838363514,0.24726477024070026
NBBK,40,860.09884,0.23931149361465853,0.10224166211044283,0.02911534154535278,0.6830870279146142,0.3558951965065502,0.9072558647026732,0.30513100436681223,0.4791894852135816,0.6688963210702341,0.2802408319649699,0.2587527352297593,0.753858024691358,NA,NA,NA,0.2330415754923414
CGON,35,2350.1425,0.024430871737923375,0.07053034445051942,0.4966405375139977,0.1724137931034483,0.02292576419213974,0.01745771958537916,0.16593886462882096,0.09693318729463307,0.005016722408026756,0.9288451012588944,0.057439824945295405,NA,0.022875816993464082,0.018300653594771288,NA,0.2691466083150985
BTSG,35,3360.6318,0.32926152137701276,0.6254784034991798,0.3241881298992161,0.5593869731800766,0.9503275109170306,0.3507910529187125,0.1195414847161572,0.5175246440306681,0.14994425863991082,0.12807881773399016,0.18435448577680524,NA,0.7411764705882353,0.984967320261438,0.193158953722334,0.6728665207877462
AVBP,35,1009.56212,0.06829539144919489,0.9349371241115364,NA,0.09578544061302682,0,0.006001091107474086,0.08951965065502183,0.0416210295728368,NA,0.9447181171319102,0.027899343544857767,NA,0.0209150326797386,0.019607843137254943,NA,0.7286652078774617
CORZ,45,4993.04364,0.45308162132148805,0.9376708583925643,0.9406494960806271,0.2802408319649699,0.13209606986899564,0.023458810692853247,0.11299126637554585,0.20810514786418402,0.532329988851728,0.9310344827586207,0.044857768052516414,NA,0.9993464052287582,0.8150326797385621,0.1596244131455399,0.9923413566739606
NOC,20,71339.55529305001,0.4602998334258745,0.4040459267359213,0.48320268756998885,0.4526546250684182,0.6364628820960698,0.3889798145117294,0.49181222707423583,0.36363636363636365,0.1705685618729097,0.6075533661740559,0.587527352297593,0.6983024691358025,0.7496732026143791,0.6882352941176471,0.46344735077129445,0.462800875273523
ALAB,45,16376.58575,0.11826762909494726,0.9010388190267906,0.07558790593505038,0.22550629447181172,0.036026200873362446,0.0463720676486634,0.2423580786026201,0.14129244249726178,0.8272017837235228,0.8390804597701149,0.09682713347921225,NA,0.09084967320261439,0.07908496732026149,NA,0.6706783369803063
RDDT,50,16845.51715,0.084952803997779,0.7167851284855112,0.22396416573348266,0.21018062397372742,0.06441048034934498,0.02182214948172395,0.22216157205240175,0.12595837897042717,0.9620958751393534,0.7810618500273673,0.14715536105032823,NA,0.027450980392156876,0.0326797385620915,NA,0.22592997811816196
SOLV,35,12353.638540000002,0.9861188228761799,0.5784581738655002,0.6595744680851063,0.9217296113847838,0.6894104803493449,0.9290780141843972,0.9394104803493449,0.93921139101862,0.70958751393534,0.5407772304324029,0.8211159737417943,0.5524691358024691,0.6032679738562092,0.8542483660130719,NA,0.4731947483588621
GEV,20,92101.18036,0.14103275957801223,0.5265172225259704,0.36394176931690925,0.2227695675971538,0.46943231441048033,0.1794871794871795,0.22489082969432314,0.16429353778751368,0.1454849498327759,0.21182266009852216,0.21334792122538293,NA,0.8562091503267975,0.930718954248366,0.10261569416498995,0.32111597374179435
PACS,35,2453.36418,0.21210438645197113,0.05412793876435207,0.15621500559910417,0.2687465790914067,0.8509825327510917,0.10310965630114566,0.6692139737991266,0.35104052573932093,0.10535117056856187,0.9786535303776683,0.5437636761487965,0.11033950617283951,0.5516339869281046,0.7830065359477124,0.4755197853789403,0.07713347921225377
ULS,20,3330.6152399999996,0.9622431982232094,0.675779114270093,0.5083986562150056,0.7744937055281883,0.7450873362445415,0.3840698308783415,0.8629912663755459,0.8691128148959474,0.644927536231884,0.8549534756431308,0.8112691466083151,0.5987654320987654,0.6509803921568628,0.5411764705882354,0.7733065057008719,0.7199124726477024
CTRI,20,1753.5415799999998,0.4058856191004997,0.9343903772553308,0.5442329227323628,0.5024630541871922,0.902292576419214,0.3851609383524277,0.05895196506550218,0.7042716319824753,0.09698996655518395,0.05637657361795293,0.13074398249452954,NA,0.5366013071895425,0.8908496732026143,0.24815560026827632,0.9217724288840262
IBTA,50,2010.6186,0.14991671293725709,0.03389830508474578,0.055991041433370636,0.29447181171319103,0.20687772925764192,0.02673213311511184,0.37936681222707425,0.2623220153340635,0.9659977703455964,0.002736726874657909,0.911925601750547,NA,0.584313725490196,0.6352941176470588,0.6720321931589537,0.03172866520787743
AVA,55,3063.59027,0.6990560799555803,0.523236741388737,0.6192609182530795,0.17952928297755885,0.6462882096069869,0.9470812875068194,0.74235807860262,0.6544359255202629,0.32887402452619846,0.37821565407772306,0.43818380743982493,NA,0.8856209150326797,0.9366013071895425,0.27364185110663986,0.4327133479212254
LOAR,20,8259.94432,0.06385341476957246,0.4363039912520503,0.1270996640537514,0.2287903667214012,0.05458515283842795,0.12929623567921442,0.24563318777292575,0.18565169769989048,0.6410256410256411,0.240831964969896,0.22647702407002188,0.08256172839506173,0.19999999999999996,0.5633986928104575,0.21462105969148224,0.2702407002188184
RBRK,45,3512.5767600000004,0.2065519156024431,0.21323127392017494,0.5537513997760358,0.2025177887246853,0.2341703056768559,0.002727768685215494,0.06168122270742358,0.04654983570646221,0.927536231884058,0.8314176245210728,0.023522975929978117,NA,0.8915032679738562,0.5607843137254902,0.0744466800804829,0.9928884026258206
AEE,55,25195.33392,0.6424208772903942,0.3597594313832696,0.7945128779395296,0.10673234811165845,0.39246724890829693,0.768139661756683,0.6637554585152838,0.5481927710843374,0.46711259754738016,0.5090311986863711,0.4797592997811816,NA,0.9431372549019608,0.9836601307189542,0.352112676056338,0.42778993435448576
BOW,40,1203.15756,0.2926152137701277,0.022416621104428658,0.058790593505039235,0.9693486590038314,0.31877729257641924,0.31969448990725585,0.39956331877729256,0.34446878422782035,0.09141583054626533,0.7071702244116037,0.49179431072210067,0.6466049382716049,NA,NA,NA,0.9797592997811816
NNE,20,848.06876,0.0138811771238201,0.005467468562055822,NA,0.21291735084838534,0,0.06764866339334424,0.21233624454148473,0.12705366922234393,NA,0.02681992337164751,0.0016411378555798686,NA,0.0032679738562091387,0.002614379084967311,NA,0.9956236323851203
CMA,40,9501.8865,0.886729594669628,0.6790595954073264,0.08846584546472569,0.8938149972632731,0.6381004366812227,0.7545008183306056,0.9104803493449781,0.9518072289156626,0.7870680044593088,0.6655719759168035,0.3298687089715536,0.8263888888888888,NA,NA,NA,0.1783369803063457
CBSH,40,9456.815,0.4591893392559689,0.7315472936030618,0.17021276595744683,0.571975916803503,0.27456331877729256,0.5144571740316422,0.7068777292576419,0.7015334063526835,0.9080267558528428,0.6940339354132458,0.3823851203501094,0.32330246913580246,NA,NA,NA,0.13402625820568925
WAY,35,5314.0156799999995,0.17545807884508607,0.7889557135046473,0.36170212765957444,0.26217843459222767,0.1943231441048035,0.6268412438625205,0.20251091703056767,0.3389923329682366,0.8071348940914158,0.22714833059660647,0.21061269146608316,0.12962962962962962,0.4725490196078431,0.5980392156862745,0.18175720992622402,0.3150984682713348
TEM,35,9538.84118,0.08772903942254304,0.932750136686714,0.03807390817469203,0.14942528735632185,0.07205240174672489,0.010365521003818877,0.1615720524017467,0.11610076670317634,0.6984392419175028,0.6814449917898193,0.03774617067833698,NA,0.5830065359477123,0.3686274509803922,0.10596914822266935,0.12855579868708966
FUN,25,4631.8870099999995,0.4719600222098834,0.6921815199562602,0.7088465845464726,0.391351943076081,0.5005458515283843,0.02564102564102564,0.4705240174672489,0.5646221248630887,0.5273132664437012,0.13519430760810072,0.6438730853391685,0.16435185185185186,0.9758169934640523,0.7941176470588236,0.3306505700871898,0.7773522975929978
LB,60,1324.3,0.4813992226540811,0.47895024603608527,0.08454647256438974,0.5336617405582923,0.07096069868995633,0.23240589198036007,0.6834061135371179,0.4397590361445783,0.9843924191750278,0.8845101258894362,0.9770240700218819,0.9027777777777778,0.4339869281045752,0.2359477124183007,0.7377598926894702,0.0481400437636762
LIF,45,3681.82977,0.14547473625763466,0.8720612356478951,0.12038073908174696,0.23809523809523808,0.10698689956331878,0.15002727768685215,0.21069868995633187,0.1330777656078861,0.8768115942028986,0.17350848385331144,0.12363238512035012,NA,0.4535947712418301,0.32810457516339864,NA,0.8386214442013129
OKE,10,66370.9136,0.7240421987784564,0.02296336796063425,0.9378499440089586,0.5758073344280241,0.35043668122270744,0.486088379705401,0.6102620087336245,0.37897042716319823,0.2246376811594203,0.7859879584017515,0.75,0.7700617283950617,0.8686274509803922,0.8660130718954249,0.4580818242790074,0.5585339168490153
WBTN,50,1575.68364,0.19933370349805662,0.9387643521049754,0.25755879059350506,0.24466338259441708,0.7478165938864629,0.8919803600654664,0.08460698689956332,0.15498357064622126,0.2591973244147157,0.18773946360153257,0.1427789934354486,NA,0.561437908496732,0.3836601307189542,0.01006036217303823,0.6838074398249453
OS,45,1294.2967800000001,0.21099389228206553,0.22580645161290325,0.11478163493840987,0.32019704433497537,0.38318777292576417,0.012547735951991271,0.16266375545851527,0.10076670317634173,0.8249721293199554,0.8587848932676518,0.12417943107221006,NA,0.7052287581699346,0.5098039215686274,NA,0.9152078774617067
LINE,60,14485.889040000002,0.303164908384231,0.6238381629305632,0.4552071668533034,0.23590585659551178,0.47707423580786024,0.5815602836879432,0.22270742358078602,0.38718510405257395,0.3701226309921962,0.23590585659551178,0.22921225382932167,NA,0.8614379084967321,0.9320261437908497,0.18846411804158283,0.5202407002188184
CON,35,2778.64608,0.8267629094947252,0.6298523783488246,0.5011198208286674,0.7011494252873564,0.6866812227074236,0.6306601200218221,0.7882096069868996,0.723986856516977,0.2954292084726867,0.6781609195402298,0.7510940919037199,0.2908950617283951,0.7856209150326797,0.8516339869281045,0.6049631120053656,0.324945295404814
ARDT,35,2280.8733399999996,0.43475846751804553,0.43466375068343355,0.5313549832026876,0.5232621784345922,0.9448689956331878,0.49645390070921985,0.42740174672489084,0.6440306681270537,0.3745819397993311,0.42036124794745483,0.3462800875273523,NA,0.534640522875817,0.5470588235294118,0.38028169014084506,0.43107221006564556
CPB,30,13772.6358,0.7601332593003887,0.10169491525423724,0.6052631578947368,0.6190476190476191,0.709061135371179,0.5870158210583742,0.6184497816593887,0.6549835706462213,0.40468227424749165,0.6392993979200876,0.5645514223194749,0.3587962962962963,0.9568627450980393,0.9529411764705882,0.5513078470824949,0.5109409190371992
FSUN,40,1067.39286,0.8034425319267073,0.4182613449972663,0.0957446808510638,0.8910782703886152,0.5736899563318777,0.8865248226950354,0.9203056768558951,0.9282584884994524,0.842809364548495,0.5730706075533661,0.36816192560175054,0.6327160493827161,NA,NA,NA,0.1591903719912473
TLN,55,10903.82055,0.2232093281510272,NA,NA,0.6119321291735085,0.3155021834061135,0.4604473540643753,0.7434497816593887,0.5377875136911281,0.4035674470457079,NA,NA,NA,0.21176470588235297,0.18169934640522878,0.25486250838363517,NA
WHR,25,6143.6988,0.8184342032204331,0.6528157463094587,0.7150055991041433,0.6885604816639299,0.9661572052401747,0.5984724495362793,0.8668122270742358,0.8170865279299014,0.14659977703455965,0.7449370552818829,0.4721006564551422,0.17824074074074073,0.8718954248366013,0.7196078431372549,0.42052313883299797,0.3397155361050328
AMTM,20,5924.4037,0.6268739589117157,0.7528704209950793,0.49608062709966405,0.5790914066776136,0.7854803493449781,0.7414075286415712,0.6026200873362445,0.5323110624315444,0.11371237458193979,0.38095238095238093,0.6422319474835886,0.7391975308641975,0.42614379084967324,0.7078431372549019,NA,0.23358862144420134
BKV,10,1857.816,0.6757357023875624,0.7348277747402953,0.7838745800671892,0.1291735084838533,0.6146288209606987,0.8636115657392253,0.7783842794759825,0.916210295728368,0.6148272017837235,0.488232074438971,0.5760393873085339,0.037037037037037035,0.9156862745098039,0.5738562091503268,0.29107981220657275,0.15262582056892782
CAR,20,3832.61073,0.5258189894503054,0.1049753963914708,0.6780515117581187,0.003284072249589491,0.9639737991266376,0.878341516639389,0.9967248908296943,0.9129244249726177,0.6220735785953178,0.0120415982484948,0.6455142231947484,0.004629629629629629,NA,NA,0.3044936284372904,0.7149890590809628
BCAX,35,1131.30864,0.018323153803442533,0,NA,0.11932129173508484,0,0.006546644844517185,0.12008733624454149,0.07228915662650602,NA,0.9113300492610837,0.022975929978118162,NA,0.016339869281045805,0.015032679738562038,NA,0.5722100656455142
LHX,20,46705.745,0.35313714602998336,0.11208310552214329,0.3314669652855543,0.5073891625615764,0.5294759825327511,0.6279323513366066,0.4634279475982533,0.43921139101861995,0.3149386845039019,0.3705528188286809,0.5027352297592997,0.35725308641975306,0.8254901960784313,0.9045751633986928,0.4641180415828303,0.32221006564551424
NFG,55,5809.94731,0.9827873403664631,0.47402952433023515,0.6394176931690929,0.3448275862068966,0.48526200873362446,0.8297872340425532,0.8815502183406113,0.8652792990142387,0.6505016722408027,0.7181171319102354,0.6635667396061269,0.9992283950617284,0.9771241830065359,0.9065359477124183,0.5606975184439973,0.7915754923413567
SARO,20,9585.68092,0.15935591338145474,0.6779661016949152,0.41321388577827545,0.23700054734537493,0.5824235807860262,0.28041462084015273,0.2336244541484716,0.32420591456736036,0.12374581939799331,0.22495894909688013,0.2215536105032823,NA,0.41764705882352937,0.9261437908496732,0.21395036887994634,0.27625820568927795
KLC,25,2806.41114,0.5130483064963909,0.7238928376161837,0.29675251959686455,0.7088122605363985,0.7701965065502183,0.38243316966721225,0.5758733624454149,0.3143483023001095,0.16833890746934224,0.7712096332785988,0.47319474835886216,0.3557098765432099,0.9398692810457516,0.6013071895424836,0.17974513749161636,0.5869803063457331
INGM,45,5593.55532,0.7379233759022765,0.8244942591580098,0.7889137737961927,0.1510673234811166,0.9945414847161572,0.778505182760502,0.7789301310043668,0.8778751369112815,0.05629877369007804,0.5172413793103449,0.4086433260393873,NA,0.6091503267973857,0.8758169934640523,0.37894030851777333,0.08096280087527352
CBLL,35,1031.37296,0.08883953359244864,0.9934390377255331,0.03247480403135494,0.14285714285714285,0.060043668122270744,0.010911074740861976,0.14737991266375547,0.09200438116100766,0.9626532887402452,0.8489326765188834,0.026805251641137857,NA,0.3274509803921568,0.20980392156862748,0.06103286384976526,0.1772428884026258
SEPN,35,1122.9518699999999,0.003886729594669628,0.004920721705850228,NA,0.12588943623426382,0.024017467248908297,0.01800327332242226,0.26582969432314413,0.07393209200438117,0.004459308807134894,0.18007662835249041,0.6137855579868708,NA,0.015686274509803977,0.0209150326797386,NA,0.001094091903719896
UPB,35,1172.16639,0.001665741254858412,0.0027337342810278553,0.022396416573348232,0.13519430760810072,0.03220524017467249,0.007637752318603383,0.1784934497816594,0.07886089813800658,0.010590858416945374,0.6978653530377669,0.05032822757111598,NA,0.013071895424836555,0.0117647058823529,NA,0.004923413566739643
F,25,43445.25381,0.7890061077179344,0.38764352104975397,0.3784994400895857,0.9436234263820471,0.9770742358078602,0.9356246590289143,0.9263100436681223,0.8335158817086528,0.14214046822742474,0.4915161466885605,0.39223194748358864,NA,0.7215686274509804,0.5771241830065359,0.2535211267605634,0.46006564551422324
DOV,20,28247.83142808,0.7784564131038312,0.5068343357025697,0.7021276595744681,0.5555555555555556,0.3951965065502183,0.3698854337152209,0.5818777292576419,0.436473165388828,0.48885172798216275,0.7728516694033936,0.8107221006564551,0.8240740740740741,0.6241830065359477,0.7915032679738562,0.7565392354124748,0.3408096280087527
DIS,50,212731.00433,0.47973348139922267,0.6593767085839257,0.5111982082866742,0.3935413245758073,0.5316593886462883,0.6939443535188216,0.30240174672489084,0.452354874041621,0.3773690078037904,0.2884510125889436,0.3435448577680525,0.9475308641975309,0.7947712418300654,0.5333333333333333,0.45539906103286387,0.43326039387308535
L,40,18887.79921,0.7590227651304831,0.4702022963367961,0.3756998880179171,0.9573070607553367,0.75382096069869,0.900163666121113,0.8531659388646288,0.8039430449069004,0.12876254180602006,0.47400109469074986,0.40700218818380746,0.6010802469135802,NA,NA,0.5318578135479544,0.3977024070021882
K,30,28020.50042,0.8173237090505275,0.9600874794969929,0.9003359462486002,0.5013683634373289,0.5775109170305677,0.2640480087288598,0.47762008733624456,0.44906900328587074,0.40914158305462656,0.7640941434044882,0.5869803063457331,0.33487654320987653,0.9411764705882353,0.9267973856209151,0.5425888665325285,0.5547045951859957
CSL,20,20700.841353270003,0.7851193781232648,0.9119737561509021,0.9647256438969765,0.6365626710454296,0.2980349344978166,0.2967812329514457,0.5540393013100436,0.39978094194961666,0.4358974358974359,0.8024083196496989,0.8320568927789934,0.6404320987654321,0.24575163398692812,0.5163398692810457,0.7813547954393025,0.6854485776805251
CLF,15,6134.862,0.9500277623542477,0.8901038819026791,0.7760358342665173,0.9824849480021893,0.9710698689956332,0.9749045280960175,0.7893013100436681,0.9452354874041621,0.07079152731326645,0.34099616858237547,0.43544857768052514,0.5239197530864198,0.44313725490196076,0.9228758169934641,0.36485580147551977,0.8216630196936543
CBRL,25,1236.71004,0.7318156579677957,0.7927829414980864,0.6606942889137738,0.48330596606458676,0.9563318777292577,0.6175668303327878,0.5431222707423581,0.595290251916758,0.07413600891861762,0.451559934318555,0.40809628008752735,0.12268518518518519,0.9562091503267974,0.9607843137254902,0.4413145539906103,0.6154266958424508
R,20,7140.243600000001,0.89505830094392,0.3012575177692728,0.7306830907054871,0.04050355774493705,0.9017467248908297,0.8046917621385706,0.7483624454148472,0.9309967141292442,0.3918617614269788,0.6037219485495348,0.4649890590809628,NA,0.9522875816993464,0.9235294117647059,0.3876592890677398,0.8856673960612691
AVT,45,4756.54211,0.917823431426985,0.7807545106615636,0.8633818589025756,0.8500273672687466,0.9841703056768559,0.9421713038734315,0.9339519650655022,0.8461117196056955,0.08361204013377926,0.5008210180623974,0.5596280087527352,NA,0.3464052287581699,0.9052287581699346,0.4044265593561368,0.26148796498905913
HPQ,45,34144.52874,0.8039977790116601,0.8370694368507381,0.9025755879059351,0.819376026272578,0.8951965065502183,0.0436442989634479,0.9175764192139738,0.8181818181818182,0.20234113712374582,0.022988505747126436,0.7778993435448578,0.32021604938271603,0.9222222222222223,0.8281045751633986,0.5902079141515761,0.21608315098468267
BAX,35,17211.92148,0.719600222098834,0.7058501913613997,0.7323628219484882,0.6940339354132458,0.7625545851528385,0.7064920894708129,0.22816593886462883,0.7541073384446878,0.572463768115942,0.2413793103448276,0.2363238512035011,0.8225308641975309,0.5941176470588235,0.5137254901960784,0.41448692152917505,0.6520787746170678
CFR,40,9018.24184,0.5441421432537479,0.8376161837069437,0.08510638297872342,0.5090311986863711,0.3875545851528384,0.5881069285324605,0.8002183406113537,0.95783132530120485,0.8600891861761427,0.7082649151614668,0.3440919037199125,0.18518518518518517,NA,NA,NA,0.11378555798687084
DUK,55,90419.0181,0.7018323153803443,0.7337342810278841,0.658454647256439,0.1423097974822113,0.4175764192139738,0.7774140752864157,0.6763100436681223,0.5657174151150055,0.5178372352285395,0.4548440065681445,0.44638949671772427,NA,0.9202614379084968,0.973202614379085,0.3132126089872569,0.3966083150984683
XRX,45,1136.77836,0.9533592448639645,0.949699289229087,0.7564389697648376,0.9978106185002736,0.9896288209606987,0.9929078014184397,0.2549126637554585,0.9364731653888281,0.45652173913043476,0.2583470169677066,0.24835886214442013,0.9652777777777778,0.7529411764705882,0.738562091503268,0.33601609657947684,0.649343544857768
PNW,55,10653.69,0.5446973903387007,0.3318753417167851,0.44960806270996645,0.07991242474001095,0.5556768558951966,0.8914348063284233,0.6779475982532751,0.5941949616648412,0.39409141583054624,0.4192665571975917,0.42943107221006566,NA,0.938562091503268,0.9947712418300654,0.3071763916834339,0.3780087527352297
APD,15,74347.96884621,0.29816768461965576,0.16785128485511214,0.7015677491601344,0.17296113847837985,0.22216157205240175,0.3911620294599018,0.5152838427947598,0.3838992332968237,0.49108138238573024,0.6737821565407772,0.74945295404814,0.005401234567901234,0.6568627450980392,0.5111111111111111,0.710261569416499,0.3889496717724289
MUR,10,4735.52221,0.9988895058300944,0.8709677419354839,0.8779395296752519,0.9272030651340997,0.7194323144104804,0.9634478996181124,0.9639737991266376,0.9868565169769989,0.7976588628762542,0.5829228243021346,0.7067833698030634,0.22762345679012347,0.873202614379085,0.5915032679738562,0.6834339369550637,0.8391684901531729
HES,10,45348.80415882001,0.5413659078289839,0.27227993439037723,0.8197088465845465,0.21729611384783798,0.3133187772925764,0.392253136933988,0.5125545851528385,0.6845564074479737,0.6583054626532887,0.668856048166393,0.6712253829321663,0.06095679012345679,0.7980392156862746,0.5026143790849673,0.545271629778672,0.8473741794310722
CTS,45,1653.6695599999998,0.5519156024430871,0.7430289775833789,0.8023516237402015,0.5971538040503558,0.43231441048034935,0.5346426623022368,0.5764192139737991,0.5465498357064622,0.4777034559643255,0.5478927203065134,0.7609409190371991,0.2654320987654321,0.20261437908496727,0.19803921568627447,0.8685446009389671,0.4431072210065645
ALK,20,6677.307,0.7007218212104387,0.5587752870420994,0.46472564389697646,0.07717569786535304,0.8935589519650655,0.8406983087834151,0.5578602620087336,0.8948521358159912,0.1995540691192865,0.3552271483305966,0.3916849015317287,NA,0.9588235294117647,0.5732026143790849,0.6264252179745138,0.5973741794310722
ARW,45,6319.2144,0.960577456968351,0.7124111536358666,0.8695408734602463,0.8533114395183361,0.9858078602620087,0.917075831969449,0.9667030567685589,0.9211391018619934,0.08974358974358974,0.6568144499178982,0.5656455142231948,NA,0.6320261437908496,0.9777777777777777,0.4507042253521127,0.09463894967177244
AIT,20,10562.159840000002,0.40033314825097166,0.36139967195188627,0.6399776035834266,0.4822112753147236,0.5387554585152838,0.32733224222585927,0.574235807860262,0.4019715224534502,0.3272017837235229,0.8013136288998358,0.8960612691466083,0.5200617283950617,0.17712418300653598,0.3437908496732026,0.8853118712273642,0.10612691466083146
BF,30,12772.836959999999,0.7307051637978901,0.4641880809185347,0.7122060470324748,0.481663929939792,0.4252183406113537,0.5046372067648663,0.8733624454148472,0.6341730558598029,0.7447045707915273,0.8505747126436781,0.8862144420131292,0.3966049382716049,0.28823529411764703,0.657516339869281,0.7183098591549296,0.03938730853391681
COHU,45,1230.6095999999998,0.7057190449750139,0.8890103881902679,0.9417693169092946,0.7515051997810619,0.6080786026200873,0.8734315330060011,0.41866812227074235,0.7480832420591457,0.6086956521739131,0.2983032293377121,0.4458424507658643,0.3611111111111111,0.06993464052287579,0.11045751633986933,0.8128772635814889,0.6411378555798687
CMC,15,7034.14056,0.8139922265408107,0.5729907053034444,0.8544232922732363,0.8018609742747673,0.8291484716157205,0.7943262411347518,0.8165938864628821,0.8444687842278203,0.17558528428093645,0.541871921182266,0.7319474835886215,0.3101851851851852,0.1470588235294118,0.31633986928104574,0.7947686116700201,0.6400437636761488
OMC,50,20449.648259999998,0.8495280399777901,0.5221432476763259,0.6080627099664053,0.7268746579091406,0.7167030567685589,0.3829787234042553,0.8116812227074236,0.7617743702081051,0.15830546265328874,0.9058565955117679,0.6165207877461707,0.7445987654320988,0.8509803921568627,0.6777777777777778,0.744466800804829,0.14277899343544853
FLS,20,8016.563520000001,0.30982787340366463,0.3936577364680153,0.24972004479283316,0.47509578544061304,0.625,0.4298963447899618,0.42412663755458513,0.4249726177437021,0.358974358974359,0.4876847290640394,0.5432166301969366,NA,0.44705882352941173,0.5869281045751634,0.5687458081824279,0.3654266958424508
HL,15,3516.3228,0.1687951138256524,0.5653362493165665,0.6730123180291153,0.11713191023535852,0.2701965065502183,0.7534097108565194,0.15829694323144106,0.24315443592552027,0.4297658862876254,0.21510673234811165,0.1838074398249453,NA,0.5222222222222221,0.4300653594771242,0.14084507042253522,0.5771334792122538
HEI,20,14992.15754,0.220988339811216,0.026790595954073293,0.11310190369540873,0.4225506294471812,0.2609170305676856,0.40589198036006546,0.4721615720524017,0.34720700985761227,0.5239687848383501,0.6163108921729611,0.7297592997811816,0.3958333333333333,0.25816993464052285,0.6915032679738562,0.7089201877934272,0.21498905908096277
HP,10,3419.88565,0.9522487506940589,0.6741388737014762,0.08734602463605823,0.916256157635468,0.7581877729257642,0.9279869067103109,0.9546943231441049,0.9742606790799562,0.4721293199554069,0.6496989600437876,0.8233041575492341,NA,0.3287581699346406,0.326797385620915,0.9121395036887995,0.7844638949671773
DINO,10,7701.061360000001,0.9639089394780678,0.7856752323674139,0.9137737961926091,0.9813902572523262,0.9781659388646288,0.9814511729405346,0.9858078602620087,0.988499452354874,0.07190635451505016,0.6672140120415982,0.7855579868708972,0.21604938271604937,0.369281045751634,0.515032679738562,0.7679409792085848,0.45678336980306344
HRL,30,17783.44452,0.7101610216546363,0.6544559868780755,0.7502799552071668,0.5867542419266557,0.7008733624454149,0.6595744680851063,0.6539301310043668,0.5224534501642936,0.1505016722408027,0.5057471264367817,0.6646608315098468,0.3904320987654321,0.615686274509804,0.626797385620915,0.8215962441314554,0.2850109409190372
HUBB,20,24693.490389999995,0.4830649639089395,0.09349371241115367,0.4501679731243001,0.44772851669403396,0.2893013100436681,0.2569558101472995,0.5147379912663755,0.35761226725082146,0.4503901895206243,0.8434592227695676,0.8758205689277899,0.7399691358024691,0.5300653594771242,0.6862745098039216,0.9067739771965124,0.29102844638949676
ATO,55,23515.129554,0.8162132148806219,0.6347731000546747,0.6360582306830906,0.4367816091954023,0.23853711790393012,0.7364975450081833,0.5846069868995634,0.43263964950711936,0.46432552954292083,0.44718117131910234,0.5530634573304157,NA,0.9418300653594771,0.9797385620915032,0.6291079812206573,0.8522975929978118
MAS,20,17380.73944,0.7723486951693503,0.5418261344997266,0.8342665173572228,0.7350848385331143,0.5687772925764192,0.05782869612656847,0.7161572052401747,0.5706462212486308,0.4375696767001115,0.013683634373289545,0.9409190371991247,0.8179012345679012,0.5071895424836601,0.592156862745098,0.7873910127431254,0.7992341356673961
FITB,40,32226.296580000002,0.6640755136035535,0.5385456533624932,0.11030235162374025,0.9124247400109469,0.50382096069869,0.6612111292962357,0.8362445414847162,0.9419496166484118,0.7725752508361204,0.6278051450465244,0.3397155361050328,0.26157407407407407,NA,NA,NA,0.22811816192560175
NUE,15,36323.222969999995,0.9028317601332593,0.32258064516129037,0.9143337066069429,0.9255610290093049,0.7898471615720524,0.7692307692307693,0.9525109170305677,0.9589266155531215,0.26142697881828314,0.7843459222769568,0.8922319474835886,0.22145061728395063,0.17320261437908502,0.21307189542483662,0.892018779342723,0.7210065645514223
OXY,10,47461.38894,0.9927817878956136,0.6145434663750684,0.9462486002239642,0.9146141215106732,0.6588427947598253,0.6164757228587016,0.9241266375545851,0.9616648411829135,0.6806020066889632,0.7679255610290093,0.6991247264770241,0.1720679012345679,0.8627450980392157,0.7980392156862746,0.6592890677397719,0.8260393873085339
OXM,25,1305.3531500000001,0.9983342587451416,0.9065062875888463,0.393057110862262,0.9195402298850575,0.8455240174672489,0.6333878887070377,0.6730349344978166,0.9107338444687842,0.7898550724637681,0.5205254515599343,0.6301969365426696,0.8487654320987654,0.7130718954248366,0.9516339869281045,0.9168343393695506,0.9338074398249453
RF,40,24775.63264,0.7717934480843975,0.7747402952433023,0.20100783874580064,0.8155446086480569,0.47762008733624456,0.7408619749045281,0.8859170305676856,0.943592552026287,0.8913043478260869,0.6108374384236454,0.3676148796498906,0.2716049382716049,NA,NA,NA,0.14715536105032823
TRMK,40,2391.88938,0.5546918378678511,0.519409513395298,0.07334826427771557,0.7257799671592775,0.5655021834061136,0.8265139116202946,0.8176855895196506,0.8964950711938664,0.7971014492753623,0.5079365079365079,0.3134573304157549,0.21373456790123457,NA,NA,NA,0.14879649890590807
MTB,40,36500.962449210005,0.6696279844530816,0.5254237288135593,0.06550951847704367,0.8555008210180624,0.45087336244541487,0.7806873977086743,0.8493449781659389,0.9748083242059146,0.8221850613154961,0.5342090859332239,0.36597374179431075,0.3395061728395062,NA,NA,NA,0.19091903719912473
FFBC,40,2819.7901699999998,0.8778456413103831,0.5549480590486604,0.07894736842105265,0.9348659003831418,0.5070960698689956,0.8799781778505182,0.9050218340611353,0.895947426067908,0.8383500557413601,0.5533661740558292,0.38074398249452956,0.8742283950617284,NA,NA,NA,0.24945295404814005
ROG,45,1932.90638,0.7012770682953915,0.9075997813012575,0.8085106382978724,0.5402298850574713,0.5786026200873362,0.8057828696126569,0.49836244541484714,0.5635268346111719,0.4693422519509476,0.3278598795840175,0.526258205689278,0.9629629629629629,0.11764705882352944,0.28627450980392155,0.6431924882629108,0.525164113785558
ROL,20,24375.070649999998,0.5002776235424764,0.12739201749589935,0.3286674132138858,0.3656267104542967,0.16430131004366813,0.12002182214948172,0.36572052401746724,0.244249726177437,0.6315496098104794,0.8883415435139573,0.9540481400437637,0.5547839506172839,0.9274509803921569,0.7712418300653595,0.9141515761234071,0.4584245076586433
SEB,30,2538.17456058,0.7273736812881733,0.8507381082558776,0.9053751399776035,0.7952928297755884,0.9732532751091703,0.9896344789961812,0.8990174672489083,0.4633077765607886,0.049609810479375696,0.33169129720853857,0.47921225382932164,0.4575617283950617,0.2986928104575164,0.3810457516339869,0.1381623071763917,0.6466083150984683
SRCE,40,1590.84324,0.722376457523598,0.48004373974849646,0.13381858902575583,0.8932676518883416,0.41593886462882096,0.7763229678123296,0.8679039301310044,0.8192771084337349,0.8411371237458194,0.6026272577996716,0.3796498905908096,0.4930555555555556,NA,NA,NA,0.21006564551422324
FHN,40,11201.815939999999,0.6379789006107718,0.5390924002186988,0.09462486002239645,0.8899835796387521,0.5436681222707423,0.8374249863611566,0.8728165938864629,0.8871851040525739,0.7402452619843924,0.5369458128078818,0.34080962800875275,0.19984567901234568,NA,NA,NA,0.18708971553610498
SHW,15,100086.37968147,0.7923375902276513,0.6287588846364134,0.5722284434490481,0.42036124794745483,0.3116812227074236,0.11292962356792144,0.42903930131004364,0.3028477546549836,0.5863991081382386,0.9562123700054734,0.8358862144420132,0.8379629629629629,0.8928104575163399,0.9398692810457516,0.676056338028169,0.5443107221006565
SCL,15,1729.8655000000003,0.5968906163242643,0.8020776380535812,0.9120940649496081,0.10399562123700054,0.86735807860262,0.8357883251500273,0.42358078602620086,0.588170865279299,0.12597547380156077,0.30268199233716475,0.3938730853391685,NA,0.6261437908496732,0.7333333333333334,0.34674714956405095,0.5935448577680524
FELE,20,4947.902099999999,0.8467518045530261,0.6068890103881903,0.6556550951847704,0.662287903667214,0.5305676855895196,0.44244408074195307,0.5998908296943232,0.4890470974808324,0.427536231884058,0.6803503010399562,0.8533916849015317,0.9467592592592593,0.23464052287581705,0.6535947712418301,0.8765928906773978,0.6952954048140043
BEN,40,11918.683680000002,0.7068295391449195,0.36850738108255876,0.8191489361702128,0.8045977011494253,0.6790393013100436,0.9427168576104746,0.8444323144104804,0.69934282584885,0.22408026755852842,0.3946360153256705,0.4852297592997812,0.19367283950617284,NA,NA,0.7619047619047619,0.21936542669584247
FUL,15,4200.270030000001,0.7556912826207662,0.42700929469655546,0.8057110862262038,0.7038861521620142,0.7570960698689956,0.6568466993998909,0.5502183406113537,0.6949616648411829,0.3857302118171683,0.4400656814449918,0.4923413566739606,0.8356481481481481,0.4418300653594771,0.6901960784313725,0.38363514419852446,0.5530634573304157
AJG,40,68505.45380599999,0.23375902276513047,0.07545106615636965,0.26595744680851063,0.42638204707170224,0.19104803493449782,0.3191489361702128,0.32587336244541487,0.3023001095290252,0.31549609810479373,0.4822112753147236,0.43326039387308535,0.4166666666666667,0.8124183006535948,0.9522875816993464,0.6512407780013414,0.32439824945295404
WMB,10,71336.58224,0.7612437534702943,0.3285948605795517,0.6926091825307951,0.6168582375478927,0.19923580786026202,0.414620840152755,0.6664847161572053,0.5104052573932092,0.7519509476031215,0.8275862068965517,0.7013129102844639,0.6412037037037037,0.9098039215686274,0.5954248366013072,0.4151576123407109,0.5694748358862145
SPB,30,2579.3813999999998,0.1948917268184342,0.9229086932750137,0.8174692049272116,0.025177887246852763,0.8296943231441049,0.9438079650845608,0.06823144104803494,0.608433734939759,0.399108138238573,0.17077175697865354,0.1652078774617068,NA,0.1542483660130719,0.15294117647058825,0.19450033534540576,0.05142231947483589
GNTX,25,6950.32192,0.5513603553581343,0.24056861673045382,0.24524076147816354,0.6343732895457034,0.42903930131004364,0.5390070921985816,0.7718340611353712,0.6577217962760131,0.43812709030100333,0.7312534209085934,0.9442013129102844,0.8078703703703703,0.16666666666666663,0.35424836601307186,NA,0.5016411378555798
WFC,40,253607.32947,0.810105496946141,0.5718972115910333,0.09182530795072785,0.9507389162561576,0.5660480349344978,0.7479541734860884,0.8520742358078602,0.9184008762322016,0.79041248606466,0.5467980295566502,0.32713347921225383,0.7145061728395061,NA,NA,NA,0.23632385120350108
NI,55,17779.612110000002,0.45030538589672403,0.18042646254784034,0.7956326987681971,0.12096332785987958,0.40556768558951967,0.71303873431533,0.6108078602620087,0.5711938663745892,0.4782608695652174,0.5024630541871922,0.45185995623632386,NA,0.8849673202614379,0.5522875816993464,0.3501006036217304,0.4841356673960613
SKY,25,5954.41319,0.32537479178234313,0.12192454893384364,0.9434490481522957,0.44499178981937604,0.4443231441048035,0.42825968357883254,0.439410480349345,0.3433734939759036,0.2848383500557414,0.524904214559387,0.7718818380743983,0.16280864197530864,0.33790849673202616,0.25816993464052285,0.9396378269617707,0.49398249452954046
APA,10,8379.29955,0.9883398112159911,0.18534718425369057,0.948488241881299,0.8341543513957307,0.8040393013100436,0.5657392253136934,0.9945414847161572,0.9934282584884995,0.7881828316610925,0.9824849480021893,0.9693654266958425,0.11959876543209877,0.8163398692810457,0.9470588235294117,0.7283702213279678,0.28665207877461707
MAT,25,6407.05818,0.8239866740699612,0.5046473482777474,0.6769316909294513,0.8856048166392994,0.7587336244541485,0.5482815057283142,0.5442139737991266,0.7519167579408543,0.6109253065774805,0.4953475643130816,0.513129102844639,0.8935185185185185,0.3457516339869281,0.33725490196078434,0.5372233400402414,0.8265864332603938
GGG,20,15378.858,0.5635757912270961,0.25205030071077095,0.6181410974244121,0.45977011494252873,0.185589519650655,0.2924168030551009,0.5403930131004366,0.38170865279299016,0.6794871794871795,0.8040503557744937,0.9666301969365426,0.8834876543209876,0.18366013071895426,0.2405228758169935,0.9725016767270288,0.5919037199124726
BDX,35,64156.168908780004,0.6218767351471405,0.7227993439037725,0.6131019036954087,0.48440065681444994,0.39956331877729256,0.6393889798145117,0.4284934497816594,0.5071193866374589,0.6872909698996655,0.3585112205801861,0.47702407002188185,0.6311728395061729,0.6660130718954249,0.7222222222222222,0.5754527162977867,0.36050328227571116
B,20,2387.669,0.29705719044975015,0.06287588846364134,0.3135498320268757,0.40120415982484947,0.6626637554585153,0.7746863066012002,0.27729257641921395,0.6018619934282585,0.4916387959866221,0.2720306513409962,0.27680525164113784,0.6875,0.3555555555555555,0.7124183006535948,0.42857142857142855,0.41192560175054704
DXC,45,4073.04,0.8784008883953359,0.9420448332422089,0.7866741321388577,0.9879584017515052,0.9677947598253275,0.8428805237315876,0.41375545851528384,0.9622124863088719,0.18338907469342253,0.29666119321291734,0.2800875273522976,0.47453703703703703,0.7392156862745098,0.6718954248366014,0.25821596244131456,0.763129102844639
IFF,15,23359.107519999998,0.532481954469739,0.9442318206670312,0.8292273236282195,0.5533661740558292,0.5955240174672489,0.8352427714129842,0.056768558951965066,0.44468784227820374,0.43088071348940915,0.15216201423097975,0.13347921225382933,NA,0.5124183006535947,0.7647058823529411,0.278336686787391,0.8698030634573304
TJX,25,141762.35737,0.71682398667407,0.46801530891197374,0.4512877939529675,0.4630541871921182,0.49344978165938863,0.12438625204582651,0.5256550218340611,0.35706462212486306,0.35618729096989965,0.952928297755884,0.9206783369803063,0.7669753086419753,0.7156862745098039,0.4856209150326798,0.9590878604963112,0.5831509846827134
CMI,20,51448.73865182,0.6274292059966685,0.43575724439584473,0.2122060470324748,0.6513409961685823,0.6877729257641921,0.353518821603928,0.32751091703056767,0.6046002190580504,0.27591973244147155,0.4225506294471812,0.4442013129102845,0.8827160493827161,0.734640522875817,0.7352941176470589,0.6934942991281019,0.8254923413566739
HE,55,1791.92174,0.7434758467518046,0.4242755604155276,0.7206047032474804,0.6776135741652983,0.9306768558951966,0.9792689579923622,0.9432314410480349,0.8521358159912377,0.14938684503901895,0.45101258894362345,0.350109409190372,0.4066358024691358,NA,NA,0.39235412474849096,0.3041575492341356
HWKN,15,2812.73840089,0.7967795669072737,0.2553307818480044,0.7245240761478163,0.5736179529282978,0.42412663755458513,0.3060556464811784,0.46943231441048033,0.3904709748083242,0.2547380156075808,0.7350848385331143,0.8692560175054704,0.9375,0.4274509803921569,0.9058823529411765,0.8960429242119383,0.8987964989059081
HCSG,20,904.41094,0.5047196002220988,0.288135593220339,0.7054871220604704,0.5686918445539135,0.9170305676855895,0.6988543371522095,0.6304585152838428,0.7146768893756845,0.1064659977703456,0.44608648056923916,0.6187089715536105,NA,0.27908496732026145,0.4274509803921569,0.6968477531857814,0.2040481400437637
PH,20,90477.2905744,0.7334813992226541,0.7840349917987972,0.5604703247480403,0.4860426929392447,0.2942139737991266,0.3027823240589198,0.5229257641921398,0.3773274917853231,0.4531772575250836,0.8078817733990148,0.8145514223194749,0.5655864197530864,0.8581699346405229,0.9209150326797386,0.6579476861167002,0.27844638949671774
WMK,30,1958.9813399999998,0.7945585785674625,0.5106615636960088,0.681410974244121,0.6294471811713191,0.9459606986899564,0.8592471358428805,0.722707423580786,0.8669222343921139,0.24247491638795987,0.40229885057471265,0.6236323851203501,0.4637345679012346,0.3176470588235294,0.25359477124183005,0.9979879275653923,0.5382932166301969
RVTY,35,14134.47028,0.25541365907828983,0.8414434117003827,0.9221724524076148,0.2320744389709907,0.25382096069869,0.7550463720676487,0.314410480349345,0.39759036144578314,0.7625418060200669,0.28735632183908044,0.36050328227571116,0.07175925925925926,0.39803921568627454,0.29281045751633983,0.4614352783366868,0.09846827133479208
WWW,25,1856.7537300000001,0.5430316490838423,0.963914707490432,0.916013437849944,0.6798029556650246,0.8433406113537117,0.32678668848881615,0.16320960698689957,0.3066812705366922,0.4855072463768116,0.16529830322933772,0.2013129102844639,NA,0.7333333333333334,0.7437908496732026,0.21797451374916163,0.6892778993435449
HNI,20,2708.0966000000003,0.8256524153248196,0.06451612903225812,0.6041433370660694,0.7547892720306514,0.7718340611353712,0.5171849427168577,0.3695414847161572,0.6429353778751369,0.5072463768115942,0.38149972632731255,0.4814004376367615,0.9791666666666666,0.7470588235294118,0.8973856209150327,0.6297786720321932,0.8894967177242888
NEU,15,5119.508199999999,0.9755691282620766,0.8441771459814106,0.7413213885778276,0.866447728516694,0.615174672489083,0.40916530278232405,0.8537117903930131,0.6960569550930996,0.3433667781493868,0.9129720853858785,0.9349015317286652,0.9822530864197531,0.24967320261437909,0.6411764705882352,0.7940979208584842,0.7439824945295405
SJM,30,12534.74064,0.8295391449194892,0.06834335702569705,0.7732362821948489,0.6376573617952929,0.6828602620087336,0.8570649208947081,0.7614628820960698,0.6812705366922235,0.49944258639910816,0.4871373836891078,0.5705689277899344,0.3765432098765432,0.9745098039215686,0.9764705882352941,0.5560026827632462,0.3599562363238512
JBHT,20,19067.9613,0.7617990005552471,0.29852378348824493,0.8919372900335947,0.20415982484948003,0.6948689956331878,0.46372067648663395,0.5927947598253275,0.6423877327491785,0.12207357859531773,0.715927750410509,0.787746170678337,0.04398148148148148,0.7379084967320262,0.95359477124183,0.8222669349429913,0.8769146608315098
HBAN,40,26165.126110000005,0.5868961687951139,0.5325314379442319,0.10806270996640532,0.8445539135194308,0.5245633187772926,0.7326786688488817,0.8449781659388647,0.8559693318729463,0.7653288740245262,0.5577449370552818,0.33260393873085337,0.2523148148148148,NA,NA,NA,0.17122538293216627
ATI,20,8582.829310000001,0.2054414214325375,0.241662110442865,0.4434490481522956,0.18719211822660098,0.5911572052401747,0.32133115111838517,0.6839519650655022,0.4879518072289157,0.21125975473801561,0.8806787082649151,0.7784463894967177,0.029320987654320986,0.25555555555555554,0.39542483660130723,0.4681421864520456,0.02844638949671774
SWK,20,13789.9698,0.6823986674069961,0.8693275013668671,0.8157894736842105,0.705528188286809,0.8313318777292577,0.8150572831423896,0.16703056768558952,0.4950711938663746,0.3088071348940914,0.22441160372194854,0.20951859956236324,NA,0.7241830065359477,0.8947712418300654,0.22870556673373574,0.6323851203501094
MCD,25,212126.69336620002,0.3214880621876735,0.25751776927282666,0.4120940649496081,0.49863163656267107,0.1572052401746725,0.05182760501909438,0.6086244541484717,0.40525739320920046,0.7329988851727982,0.0240831964969896,0.925054704595186,0.6527777777777778,0.7431372549019608,0.4326797385620915,0.6867873910127431,0.31126914660831506
SXI,20,2511.72698,0.470294280955025,0.7741935483870968,0.7491601343784995,0.4466338259441708,0.3804585152838428,0.4500818330605565,0.49890829694323147,0.4348302300109529,0.5183946488294314,0.5566502463054187,0.7341356673960613,0.5154320987654321,0.19346405228758168,0.2660130718954249,0.8886653252850436,0.2811816192560175
VFC,25,7875.92337,0.7501388117712382,0.9622744669218152,0.8566629339305711,0.8834154351395731,0.8618995633187773,0.3933442444080742,0.05021834061135371,0.5350492880613362,0.6683389074693422,0.08921729611384784,0.13402625820568928,NA,0.7111111111111111,0.7503267973856209,0.3735747820254863,0.925601750547046
KMT,20,2230.7362,0.8684064408661855,0.7659923455440132,0.7172452407614782,0.7755883962780514,0.7794759825327511,0.7463175122749591,0.6932314410480349,0.8001095290251917,0.4331103678929766,0.4444444444444444,0.574945295404814,0.4845679012345679,0.3254901960784313,0.6405228758169934,0.6324614352783366,0.6717724288840263
ES,55,23629.264979999996,0.43531371460299834,0.4887916894477857,0.7558790593505039,0.04488232074438971,0.5998908296943232,0.88379705400982,0.17467248908296942,0.5684556407447974,0.3472686733556299,0.22550629447181172,0.21608315098468273,NA,0.9372549019607843,0.9869281045751634,0.36284372904091217,0.4474835886214442
TFX,35,8956.725864439999,0.603553581343698,0.3258611262985238,0.5016797312430011,0.6102900930487137,0.43122270742358076,0.7288597926895799,0.6080786026200873,0.592552026286966,0.758082497212932,0.43568691844553914,0.6088621444201313,0.75,0.3477124183006536,0.59934640522875815,0.6230717639168344,0.30634573304157553
AVY,15,16547.2587,0.7390338700721821,0.5483870967741935,0.8253079507278835,0.49480021893814996,0.6009825327510917,0.28423349699945444,0.5109170305676856,0.49561883899233294,0.34169453734671124,0.7974822112753147,0.6854485776805251,0.3287037037037037,0.8091503267973856,0.8699346405228758,0.6545942320590208,0.4606126914660832
ADP,20,125060.77293543,0.5480288728484175,0.3925642427556042,0.5,0.4696223316912972,0.20087336244541484,0.09983633387888707,0.5054585152838428,0.34556407447973714,0.5919732441471572,0.969896004378763,0.7275711159737418,0.44290123456790126,0.8235294117647058,0.8986928104575164,0.8021462105969148,0.21280087527352298
TILE,20,1547.9712,0.7951138256524153,0.8026243849097867,0.7513997760358343,0.7733990147783252,0.7483624454148472,0.49863611565739224,0.490174672489083,0.5991237677984665,0.45261984392419174,0.5309250136836344,0.5251641137855579,0.9506172839506173,0.26928104575163403,0.5032679738562091,0.4305835010060362,0.7314004376367615
DIOD,45,3011.645,0.8373126041088285,0.5352651722252597,0.921612541993281,0.5807334428024084,0.6370087336244541,0.7506819421713039,0.851528384279476,0.8751369112814896,0.5719063545150501,0.6141215106732348,0.8194748358862144,0.2777777777777778,0.22745098039215683,0.3738562091503268,0.9389671361502347,0.3216630196936543
IDCC,45,4966.41049344,0.43975569128262076,0.8961180973209404,0.2334826427771557,0.5692391899288451,0.14792576419213974,0.24058919803600654,0.638646288209607,0.5251916757940854,0.6817168338907469,0.8719211822660099,0.862144420131291,0.28935185185185186,0.6588235294117647,0.28431372549019607,0.5365526492287056,0.12964989059080967
MMC,40,114544.38406,0.4286507495835647,0.05303444505194099,0.4356103023516238,0.4909688013136289,0.2614628820960699,0.22585924713584288,0.5393013100436681,0.3899233296823658,0.28651059085841696,0.873015873015873,0.7975929978118161,0.6365740740740741,0.7751633986928105,0.7836601307189542,0.7290409121395037,0.24288840262582057
SWKS,45,14007.48039,0.9761243753470294,0.8665937670858392,0.8891377379619261,0.8992884510125889,0.44596069868995636,0.63557010365521,0.8247816593886463,0.8258488499452354,0.6884057971014492,0.6808976464148878,0.8539387308533917,0.7908950617283951,0.19803921568627447,0.39346405228758174,0.85177733065057,0.8145514223194749
GFF,20,4031.3946,0.8745141588006663,0.9546200109349371,0.793952967525196,0.8297755883962781,0.6905021834061136,0.21112929623567922,0.3826419213973799,0.6746987951807228,0.4810479375696767,0.7318007662835249,0.4824945295404814,0.9891975308641975,0.2660130718954249,0.6620915032679738,0.48088531187122735,0.8977024070021882
CLX,30,20692.46977,0.7173792337590228,0.8130125751776928,0.7709966405375139,0.39792008757526,0.4497816593886463,0.07637752318603383,0.3182314410480349,0.39704271631982474,0.5574136008918618,0.9726327312534209,0.6044857768052516,0.1867283950617284,0.8130718954248366,0.8320261437908496,0.7458081824279007,0.6914660831509847
GPC,25,17620.03228,0.8550805108273182,0.320393657736468,0.5632698768197089,0.6431308155446086,0.8597161572052402,0.47408619749045283,0.8460698689956332,0.7119386637458927,0.42196209587513933,0.8675424192665572,0.7483588621444202,0.3263888888888889,0.7071895424836601,0.818954248366013,0.8859825620389,0.2051422319474836
CBT,15,5962.67028,0.8761799000555247,0.594313832695462,0.8460246360582306,0.6880131362889984,0.6850436681222707,0.4075286415711948,0.8455240174672489,0.6938663745892661,0.24024526198439242,0.9080459770114943,0.8785557986870897,NA,0.4222222222222223,0.6607843137254902,0.5479543930248155,0.48249452954048144
KLAC,45,86546.73681280001,0.48917268184342033,0.29797703663203934,0.8096304591265397,0.5062944718117132,0.1517467248908297,0.11402073104200763,0.5300218340611353,0.3619934282584885,0.7603121516164995,0.9677066228790366,0.9556892778993435,0.39274691358024694,0.3810457516339869,0.3313725490196079,0.7746478873239436,0.43544857768052514
NYT,50,8853.821240000001,0.6868406440866185,0.3788955713504647,0.541993281075028,0.5380405035577449,0.3618995633187773,0.37643207855973815,0.462882096069869,0.3537787513691128,0.5930880713489409,0.6113847837985769,0.7850109409190372,0.9074074074074074,0.6797385620915033,0.40522875816993464,0.9832327297116029,0.5366520787746171
CNA,40,13661.27048,0.7495835646862854,0.4106068890103882,0.40313549832026874,0.9518336070060208,0.7914847161572053,0.8439716312056738,0.8979257641921398,0.8044906900328587,0.08305462653288741,0.5862068965517241,0.41301969365426694,0.3757716049382716,NA,NA,0.7753185781354796,0.2713347921225383
FSS,20,5952.33546,0.4025541365907829,0.4051394204483324,0.2329227323628219,0.43130815544608647,0.3826419213973799,0.3469721767594108,0.46670305676855894,0.3652792990142388,0.31270903010033446,0.6776135741652983,0.8265864332603938,0.9776234567901234,0.23856209150326801,0.6366013071895424,0.7665995975855131,0.3260393873085339
ABM,20,3589.7614700000004,0.8112159911160466,0.6418808091853472,0.583986562150056,0.6491516146688561,0.9415938864628821,0.7103109656301145,0.8225982532751092,0.7037239868565169,0.09977703455964325,0.6212370005473454,0.6198030634573304,NA,0.6235294117647059,0.9222222222222223,0.48490945674044267,0.1165207877461707
JPM,40,703046.7048,0.34203220433092724,0.4319300164024057,0.053751399776035824,0.35358511220580185,0.43777292576419213,0.5979268957992362,0.8264192139737991,0.9583789704271632,0.7346711259754738,0.6907498631636563,0.36214442013129106,0.08179012345679013,NA,NA,NA,0.09135667396061264
TGNA,50,3024.25994,0.9017212659633537,0.8572990705303445,0.8729003359462486,0.9600437876299945,0.7925764192139738,0.9514457174031642,0.9754366812227074,0.8362541073384447,0.49498327759197325,0.6699507389162561,0.7095185995623632,0.2700617283950617,0.307843137254902,0.3673202614379085,0.44064386317907445,0.2598468271334792
KLIC,45,2608.43382,0.4963908939478068,0.8764352104975397,0.9848824188129899,0.6261631089217297,0.3777292576419214,0.662847790507365,0.4088427947598253,0.380065717415115,0.6226309921962095,0.33497536945812806,0.537199124726477,0.12885802469135801,0.06405228758169934,0.08104575163398697,0.9892689470154259,0.7177242888402626
LZB,25,1877.8448700000001,0.8628539700166574,0.5817386550027337,0.8868980963045913,0.6633825944170771,0.8247816593886463,0.717948717948718,0.7925764192139738,0.7420591456736035,0.5529542920847269,0.5763546798029556,0.7024070021881839,0.30478395061728397,0.43790849673202614,0.38431372549019605,0.9859154929577465,0.2817286652078774
LRCX,45,95060.28779999999,0.6524153248195447,0.7156916347731,0.9008958566629339,0.5966064586754242,0.2019650655021834,0.19039825422804146,0.6129912663755459,0.40416210295728366,0.6137123745819398,0.9195402298850575,0.9710065645514223,0.3912037037037037,0.23529411764705888,0.24248366013071898,0.8839704896042925,0.49945295404814005
MCO,40,90596.37781199999,0.43753470294280955,0.6161837069436851,0.46192609182530797,0.3700054734537493,0.08296943231441048,0.10965630114566285,0.3640829694323144,0.24096385542168675,0.8400222965440357,0.9414340448823207,0.8484682713347921,0.7415123456790124,0.49150326797385624,0.35686274509803917,0.6498993963782697,0.4392778993435449
LANC,30,5122.8654400000005,0.5930038867295947,0.3340623291416074,0.6119820828667413,0.5134099616858238,0.4732532751091703,0.36224768139661756,0.5163755458515283,0.42332968236582696,0.26421404682274247,0.6967706622879036,0.8987964989059081,0.6643518518518519,0.3248366013071895,0.3522875816993464,0.9966465459423206,0.7461706783369804
HUM,35,35687.41218,0.7034980566352027,0.30891197375615087,0.32026875699888013,0.80623973727422,0.9623362445414847,0.6541189307146754,0.8204148471615721,0.9600219058050383,0.1343366778149387,0.6507936507936508,0.6389496717724289,0.3533950617283951,0.5496732026143791,0.2869281045751634,0.7149564050972501,0.4070021881838074
UNP,20,148326.83762,0.7551360355358134,0.5779114270092947,0.7553191489361702,0.4745484400656814,0.21451965065502182,0.36333878887070375,0.6381004366812227,0.49178532311062434,0.580267558528428,0.9250136836343733,0.8150984682713348,0.3333333333333333,0.9,0.7392156862745098,0.6224010731052985,0.38183807439824946
DSGR,20,1832.0683700000002,0.18933925596890616,0.09458720612356475,0.10302351623740202,0.5714285714285714,0.7614628820960698,0.5771958537915984,0.22434497816593887,0.4145673603504929,0.42084726867335565,0.23645320197044334,0.22045951859956237,NA,0.26993464052287586,0.5686274509803921,0.24010731052984574,0.7478118161925602
LNC,40,6053.99022,0.08828428650749584,0.2613449972662657,0.9781634938409854,0.013136288998357963,0.9175764192139738,0.8816148390616476,0.048034934497816595,0.008214676889375685,0.030657748049052396,0.15270935960591134,0.23851203501094093,0.04243827160493827,NA,NA,0.11938296445338699,0.10886214442013131
TGT,30,60626.02972,0.9783453636868407,0.5237834882449426,0.7194848824188129,0.7110016420361248,0.9099344978165939,0.45990180032733224,0.8122270742358079,0.7792990142387732,0.2971014492753623,0.8768472906403941,0.7478118161925602,NA,0.8660130718954249,0.7542483660130719,0.7645875251509054,0.7521881838074398
HRB,25,8124.08688,0.8106607440310938,0.4762165117550574,0.5755879059350504,0.7963875205254516,0.5589519650655022,0.06983087834151663,0.8417030567685589,0.7437020810514786,0.5897435897435898,0.9967159277504105,0.9606126914660832,0.36342592592592593,0.6843137254901961,0.2947712418300653,0.7431254191817572,0.4507658643326039
DDS,25,5402.96216,0.943364797334814,0.5308911973756151,0.7267637178051511,0.9293924466338259,0.8526200873362445,0.5204582651391162,0.9617903930131004,0.9649507119386638,0.5027870680044593,0.9168035030103996,0.9731947483588621,0.3888888888888889,0.2751633986928105,0.28104575163398693,0.8678739101274312,0.487417943107221
BK,40,59525.87586000001,0.2859522487506941,0.6560962274466922,0.03527435610302354,0.7903667214012041,0.6451965065502183,0.7228587015821059,0.7396288209606987,0.01588170865279299,0.6231884057971014,0.45922276956759717,0.3014223194748359,0.1257716049382716,NA,NA,NA,0.199671772428884
DHR,35,173122.09475,0.5147140477512493,0.6949152542372881,0.9501679731243001,0.48877941981390255,0.17958515283842794,0.5117294053464266,0.4361353711790393,0.312157721796276,0.7341137123745819,0.42528735632183906,0.6132385120350109,0.3125,0.5084967320261438,0.4163398692810457,0.8511066398390342,0.42122538293216627
RRC,10,8624.4194,0.8817323709050527,0.3253143794423182,0.9283314669652856,0.578544061302682,0.5032751091703057,0.6955810147299509,0.9295851528384279,0.9255202628696605,0.6900780379041248,0.8139025725232621,0.8812910284463895,0.1111111111111111,0.5895424836601307,0.6032679738562092,0.7545271629778671,0.2603938730853391
TPC,20,1425.1833000000001,0.4825097168239867,0.7911427009294696,0.6209406494960806,0.9627805145046524,0.9541484716157205,0.9138025095471904,0.05294759825327511,0.07940854326396495,0.044593088071348944,0.16912972085385877,0.16794310722100655,0.7878086419753086,0.5209150326797385,0.7006535947712418,0.1334674714956405,0.8336980306345734
TDW,10,2706.14556,0.3464741810105497,0.037725533078184825,0.048712206047032525,0.4274767378215654,0.48307860262008734,0.5924713584288053,0.5665938864628821,0.7946330777656079,0.5451505016722408,0.4964422550629447,0.6559080962800875,0.9135802469135802,0.4718954248366013,0.37254901960784315,0.4520456069751844,0.18107221006564556
MGEE,55,3775.7702400000003,0.47529150471960024,0.4062329141607436,0.7586786114221724,0.2512315270935961,0.23962882096069868,0.5973813420621932,0.5185589519650655,0.42771084337349397,0.4175027870680045,0.5106732348111659,0.5847921225382933,NA,0.5771241830065359,0.8954248366013072,0.4902749832327297,0.5169584245076586
LLY,35,755038.46161368,0.2787340366463076,0.08857299070530344,0.24468085106382975,0.2348111658456486,0.06222707423580786,0.07364975450081833,0.2778384279475983,0.1949616648411829,0.9481605351170569,0.9304871373836892,0.7992341356673961,0.08719135802469136,0.85359477124183,0.8594771241830066,0.8665325285043595,0.07275711159737419
SMTC,45,4828.74408,0.09550249861188229,0.9972662657189721,0.3157894736842105,0.15161466885604816,0.23635371179039302,0.03273322422258593,0.016921397379912665,0.18784227820372398,0.6387959866220736,0.0071154898741105635,0.012035010940919038,0.02700617283950617,0.31241830065359477,0.4372549019607843,0.15358819584171696,0.9961706783369803
WGO,25,1692.85972,0.49139367018323155,0.7752870420995079,0.9036954087346025,0.6841817186644773,0.9077510917030568,0.8581560283687943,0.28220524017467247,0.6703176341730559,0.11928651059085842,0.2681992337164751,0.275164113785558,0.16358024691358025,0.31699346405228757,0.37777777777777777,0.5922199865861838,0.5809628008752735
TER,45,17914.71,0.535258189894503,0.7266265718972116,0.906494960806271,0.4017515051997811,0.19486899563318777,0.28696126568466995,0.44541484716157204,0.2973713033953998,0.7263099219620959,0.7027914614121511,0.8856673960612691,0.4729938271604938,0.20392156862745103,0.2640522875816993,0.9751844399731724,0.45021881838074396
SCI,25,12843.689610000001,0.572459744586341,0.33132859486057953,0.6864501679731243,0.548440065681445,0.4164847161572052,0.33496999454446263,0.6277292576419214,0.5120481927710844,0.3556298773690078,0.8752052545155994,0.5136761487964989,0.5316358024691358,0.9392156862745098,0.6529411764705882,0.4607645875251509,0.3057986870897156
SYY,30,37878.43686,0.7934480843975569,0.3138326954620011,0.5963045912653975,0.6732348111658456,0.9323144104803494,0.13584288052373159,0.7123362445414847,0.6451259583789705,0.16276477146042365,0.9720853858784894,0.762582056892779,0.4868827160493827,0.722875816993464,0.8941176470588236,0.5526492287055668,0.4912472647702407
MKC,30,19774.296309999998,0.8406440866185453,0.7769272826681246,0.5498320268756999,0.6250684181718664,0.4383187772925764,0.5030005455537371,0.5496724890829694,0.3964950711938664,0.48439241917502784,0.6146688560481663,0.6258205689277899,0.8703703703703703,0.9464052287581699,0.9287581699346406,0.5191146881287726,0.48851203501094087
RHI,20,7703.557110000001,0.8706274292059967,0.63039912520503,0.879619260918253,0.7805145046524357,0.7532751091703057,0.38570649208947083,0.7287117903930131,0.6002190580503833,0.49665551839464883,0.8117131910235359,0.899343544857768,0.41975308641975306,0.4516339869281045,0.30915032679738563,NA,0.7182713347921226
J,20,17507.85941,0.742365352581899,0.7233460907599781,0.42553191489361697,0.6157635467980296,0.7843886462882096,0.59683578832515,0.5906113537117904,0.5777656078860898,0.19175027870680045,0.5101258894362343,0.588074398249453,0.8649691358024691,0.6411764705882352,0.6784313725490196,0.635814889336016,0.30525164113785563
THC,35,13568.439009030002,0.8250971682398668,0.49917987971569167,0.4921612541993281,0.9047619047619048,0.8875545851528385,0.2885979268957992,0.6577510917030568,0.7929901423877328,0.12151616499442586,0.9157088122605364,0.43599562363238514,0.9560185185185185,0.5836601307189542,0.6908496732026144,0.358148893360161,0.6487964989059081
EFX,20,32420.885120000003,0.5769017212659634,0.4045926735921268,0.6091825307950728,0.3333333333333333,0.21397379912663755,0.3109656301145663,0.35534934497816595,0.3302300109529025,0.6722408026755853,0.5840175150519978,0.5902625820568927,0.9344135802469136,0.9359477124183007,0.8366013071895425,0.47350771294433264,0.5311816192560175
GWW,20,58700.056539,0.5169350360910605,0.3674138873701476,0.4608062709966405,0.4269293924466338,0.3722707423580786,0.127114020731042,0.5180131004366813,0.3663745892661555,0.48272017837235226,0.9534756431308156,0.9781181619256017,0.7091049382716049,0.24444444444444446,0.6052287581699347,0.9020791415157612,0.34573304157549234
LEN,25,41645.552729999996,0.971682398667407,0.5472936030617823,0.6371780515117581,0.9085933223864259,0.7510917030567685,0.7861429350791053,0.9148471615720524,0.8685651697699891,0.23132664437012262,0.6480569239189928,0.8293216630196937,0.7438271604938271,NA,NA,0.9074446680080482,0.399343544857768
WTRG,55,10992.67833,0.6335369239311494,0.3778020776380536,0.8605823068309071,0.15708812260536398,0.24617903930131005,0.817239498090562,0.6593886462882096,0.4485213581599124,0.6142697881828316,0.45046524356869183,0.4885120350109409,NA,0.95359477124183,0.9895424836601308,0.3420523138832998,0.3566739606126915
MCY,40,4372.09416,0.3164908384230983,0.31711317659923455,0.1629339305711086,0.8418171866447729,0.8171397379912664,0.55810147299509,0.41102620087336245,0.31708652792990144,0.04013377926421405,0.3645320197044335,0.37636761487964987,0.6473765432098766,NA,NA,0.5345405767940979,0.5678336980306345
HAS,25,9088.49015,0.6074403109383676,0.9912520503007107,0.9020156774916014,0.6721401204159825,0.6359170305676856,0.2547735951991271,0.03111353711790393,0.4079956188389923,0.6036789297658863,0.0421455938697318,0.08041575492341356,0.8773148148148148,0.7581699346405228,0.6849673202614379,0.31052984574111336,0.9824945295404814
IPG,50,11477.002289999999,0.79011660188784,0.5948605795516676,0.6892497200447929,0.48111658456486045,0.7876637554585153,0.569012547735952,0.9186681222707423,0.835158817086528,0.1282051282051282,0.8412698412698413,0.6548140043763676,0.3626543209876543,0.792156862745098,0.7130718954248366,0.6123407109322603,0.05579868708971558
BMI,45,6376.89331411,0.1532481954469739,0.15582285401858942,0.18309070548712203,0.3289545703338807,0.14683406113537117,0.1751227495908347,0.3307860262008734,0.22179627601314347,0.5111482720178372,0.7274220032840722,0.9015317286652079,0.6358024691358025,0.196078431372549,0.22614379084967318,NA,0.3555798687089715
GHC,25,3137.8743999999997,0.5052748473070516,0.3132859486057955,0.3544232922732363,0.6475095785440613,0.875,0.9798145117294054,0.7947598253275109,0.6281489594742606,0.32274247491638797,0.3459222769567597,0.4841356673960613,0.5169753086419753,0.5849673202614378,0.4084967320261438,0.3534540576794098,0.21444201312910283
GRC,20,1117.3128000000002,0.47862298722931707,0.6063422635319846,0.16685330347144456,0.7504105090311987,0.6572052401746725,0.5177304964539007,0.5207423580786026,0.5876232201533407,0.3612040133779264,0.4997263273125342,0.5536105032822757,NA,0.34183006535947713,0.6470588235294117,0.29577464788732394,0.6963894967177242
MU,45,109120.51185000001,0.18434203220433093,0.3477310005467469,0.04199328107502798,0.23535851122058019,0.310589519650655,0.6208401527550463,0.2794759825327511,0.5898138006571741,0.6477146042363434,0.2791461412151067,0.3451859956236324,NA,0.2797385620915033,0.357516339869281,0.23205902079141516,0.8539387308533917
MSEX,55,1168.341925,0.3037201554691838,0.1962821213778021,0.6203807390817468,0.13793103448275862,0.18395196506550218,0.6372067648663393,0.47434497816593885,0.3181818181818182,0.459866220735786,0.39956212370005473,0.46772428884026257,NA,0.8013071895424837,0.9666666666666667,0.3903420523138833,0.2789934354485777
MLKN,20,1738.83324,0.9644641865630206,0.8742482230727173,0.8723404255319149,0.9490968801313628,0.9339519650655022,0.8767048554282597,0.6806768558951966,0.8154435925520263,0.5150501672240803,0.3541324575807334,0.41739606126914663,0.9251543209876543,0.5725490196078431,0.6222222222222222,0.4057679409792086,0.6613785557986871
PHM,25,27741.44214,0.9361465852304275,0.3264078731547294,0.7094064949608063,0.7750410509031199,0.6528384279475983,0.5941080196399345,0.9137554585152838,0.8176341730558598,0.3216276477146042,0.8188286808976464,0.937636761487965,0.9320987654320988,NA,NA,0.8987256874580818,0.05962800875273522
SJW,55,1852.9128799999999,0.45641310383120487,0.14816839803171133,0.4664053751399776,0.09906951286261631,0.4705240174672489,0.8756137479541735,0.6648471615720524,0.5542168674698795,0.4492753623188406,0.3842364532019704,0.43161925601750545,NA,0.9640522875816994,0.9575163398692811,0.30315224681421865,0.35503282275711157
MSA,20,6832.4711,0.23320377568017767,0.9201749589939858,0.27267637178051507,0.2698412698412698,0.3455240174672489,0.3142389525368249,0.2843886462882096,0.46987951807228917,0.620958751393534,0.36398467432950193,0.4589715536105033,0.15432098765432098,0.3359477124183007,0.5392156862745099,0.6787391012743126,0.25820568927789933
AIR,20,2496.3241599999997,0.1804553026096613,0.04428649535265172,0.2827547592385219,0.2616310892172961,0.7827510917030568,0.6846699399890889,0.37554585152838427,0.4769989047097481,0.1794871794871795,0.3163656267104543,0.4195842450765864,NA,0.2339869281045751,0.7444444444444445,0.4694835680751174,0.11980306345733038
MOD,20,7129.381844969999,0.46807329261521374,0.15855658829961727,0.551511758118701,0.3464696223316913,0.43995633187772926,0.2236770321876705,0.4170305676855895,0.32146768893756844,0.23355629877369008,0.7963875205254516,0.8074398249452954,0.8533950617283951,0.5287581699346405,0.8562091503267975,0.7518443997317237,0.39059080962800874
TRN,20,3097.5451000000003,0.25874514158800666,0.6025150355385456,0.05935050391937291,0.038314176245210725,0.7931222707423581,0.8237861429350791,0.5955240174672489,0.556407447973713,0.2853957636566332,0.5451559934318555,0.3687089715536105,NA,NA,NA,0.2260228034875922,0.2926695842450766
SPXC,20,8179.5819599999995,0.25485841199333703,0.10114816839803176,0.2536394176931691,0.39025725232621783,0.2816593886462882,0.31260229132569556,0.3635371179039301,0.2891566265060241,0.47268673355629875,0.5807334428024084,0.7078774617067833,NA,0.48300653594771237,0.7,0.7055667337357479,0.3719912472647703
TXNM,55,4424.31,0.49305941143808996,0.27063969382176056,0.8952967525195968,0.042692939244663386,0.5540393013100436,0.839607201309329,0.38973799126637554,0.5164293537787513,0.362876254180602,0.31308155446086483,0.31455142231947486,NA,0.9901960784313726,0.9941176470588236,0.250167672702884,0.526258205689278
MTRN,15,2399.2306200000003,0.47362576346474183,0.5041006014215419,0.786114221724524,0.28407224958949095,0.7052401746724891,0.5848336061102019,0.607532751091703,0.5536692223439211,0.2201783723522854,0.5336617405582923,0.6400437636761488,0.23919753086419754,0.2594771241830065,0.9313725490196079,0.48826291079812206,0.3665207877461707
WMT,30,743538.2175,0.7368128817323709,0.5248769819573538,0.5123180291153415,0.36507936507936506,0.7647379912663755,0.24713584288052373,0.40065502183406115,0.36418400876232204,0.2625418060200669,0.7279693486590039,0.686542669584245,0.625,0.8934640522875817,0.8607843137254902,0.7095908786049631,0.75054704595186
NSSC,45,1439.11332,0.22598556357579122,0.1109896118097321,0.3880179171332587,0.4614121510673235,0.17085152838427947,0.2531369339879978,0.5524017467248908,0.3329682365826944,0.6672240802675585,0.8598795840175151,0.9896061269146609,0.8325617283950617,0.0535947712418301,0.07450980392156858,NA,0.06291028446389502
LPX,20,8302.1316,0.3459189339255969,0.5276107162383816,0.9692049272116461,0.20087575259989054,0.40720524017467247,0.3878887070376432,0.40338427947598254,0.43318729463307776,0.28929765886287623,0.555008210180624,0.7401531728665208,0.06404320987654322,0.23006535947712414,0.36535947712418304,0.852448021462106,0.6099562363238512
CAG,30,13148.87115,0.9505830094392005,0.8737014762165117,0.7295632698768197,0.9113300492610837,0.7789301310043668,0.7888707037643208,0.4656113537117904,0.7573932092004381,0.34838350055741363,0.3158182813355227,0.3911378555798687,0.8765432098765432,0.8437908496732026,0.9647058823529412,0.48222669349429914,0.7275711159737418
ITW,20,81951.653047,0.7912270960577457,0.6724986331328595,0.6528555431131019,0.5303776683087028,0.25655021834061137,0.10911074740861974,0.5693231441048034,0.39211391018619934,0.5390189520624303,0.9704433497536946,0.962800875273523,0.7484567901234568,0.6581699346405229,0.7189542483660131,0.8195841716968477,0.43982494529540483
BALL,15,18550.16016,0.8517490283176014,0.8097320940404593,0.8404255319148937,0.5911330049261084,0.7276200873362445,0.41298417894162576,0.5917030567685589,0.604052573932092,0.15719063545150502,0.7307060755336617,0.5289934354485777,NA,0.9065359477124183,0.8496732026143791,0.386317907444668,0.6176148796498906
NKE,25,93783.40445999999,0.8672959466962799,0.6314926189174412,0.6713325867861142,0.7575259989053093,0.63264192139738,0.31369339879978175,0.7685589519650655,0.6177437020810514,0.560200668896321,0.9042145593869731,0.9184901531728665,0.6658950617283951,0.33006535947712423,0.2986928104575164,0.8893360160965795,0.512582056892779
VSH,45,2363.4531,0.6873958911715713,0.29743028977583374,0.7474804031354982,0.3278598795840175,0.8820960698689956,0.9296235679214403,0.9623362445414847,0.9830230010952903,0.3818283166109253,0.6403940886699507,0.7554704595185996,0.10108024691358025,0.19934640522875813,0.22483660130718952,0.8544600938967136,0.2297592997811816
NDSN,20,14927.844458029998,0.5602443087173792,0.06123564789502456,0.6427771556550952,0.5566502463054187,0.2314410480349345,0.3627932351336607,0.537117903930131,0.3877327491785323,0.7034559643255296,0.7345374931581828,0.8419037199124726,0.6481481481481481,0.39150326797385626,0.7509803921568627,0.7759892689470155,0.41411378555798684
JWN,25,3729.23181,0.7862298722931704,0.8228540185893931,0.7883538633818589,0.3163656267104543,0.9754366812227074,0.4157119476268412,0.5671397379912664,0.8937568455640745,0.4899665551839465,0.6770662287903667,0.38676148796498905,0.08024691358024691,0.818954248366013,0.7450980392156863,0.43661971830985913,0.5990153172866521
AFL,40,63330.192,0.6690727373681288,0.8135593220338984,0.7312430011198208,0.632183908045977,0.37063318777292575,0.5477359519912711,0.8406113537117904,0.5449069003285871,0.2530657748049052,0.7536945812807881,0.5300875273522976,0.33024691358024694,NA,NA,0.8786049631120053,0.0886214442013129
NTRS,40,22033.91288,0.413659078289839,0.7966101694915254,0.04815229563269874,0.89272030651341,0.6342794759825328,0.6563011456628478,0.7046943231441049,0,0.673355629877369,0.5035577449370553,0.2937636761487965,0.5285493827160493,NA,NA,NA,0.2264770240700219
TEX,20,3659.972,0.8656302054414214,0.18480043739748497,0.2821948488241881,0.8303229337712096,0.8755458515283843,0.6552100381887616,0.9650655021834061,0.9293537787513692,0.22686733556298774,0.8905309250136836,0.9201312910284464,0.8495370370370371,0.41503267973856206,0.6209150326797386,0.7417840375586855,0.07439824945295404
NWN,55,1758.58424,0.6185452526374237,0.5828321487151449,0.3057110862262038,0.14723590585659552,0.7003275109170306,0.9252591380250955,0.7292576419213974,0.6736035049288062,0.2630992196209587,0.3973727422003284,0.4163019693654267,NA,0.8810457516339869,0.9019607843137255,0.33869885982562037,0.4485776805251641
LUV,20,19407.48932,0.5063853414769572,0.5522143247676325,0.4736842105263158,0.17022441160372195,0.8668122270742358,0.7926895799236224,0.4328602620087336,0.8734939759036144,0.22853957636566333,0.3229337712096333,0.3599562363238512,NA,0.7555555555555555,0.338562091503268,0.4225352112676056,0.7155361050328228
RRX,20,11438.238542280002,0.28317601332593006,0.044833242208857316,0.2407614781634938,0.6414887794198139,0.6315502183406113,0.789961811238407,0.22379912663755458,0.552026286966046,0.5117056856187291,0.24521072796934865,0.22702407002188185,0.7816358024691358,0.29346405228758166,0.5535947712418301,0.26894701542588867,0.6291028446389497
LNT,55,16217.0568,0.5574680732926152,0.4455986878075451,0.7743561030235162,0.08538587848932677,0.3318777292576419,0.7255864702673214,0.6419213973799127,0.48521358159912376,0.4821627647714604,0.518336070060208,0.512582056892779,NA,0.9679738562091503,0.9594771241830066,0.3346747149564051,0.21389496717724288
OII,10,3029.7787999999996,0.4875069405885619,0.28540185893931114,0.26819708846584545,0.5155993431855501,0.74235807860262,0.3895253682487725,0.5327510917030568,0.6407447973713034,0.1778149386845039,0.6792556102900931,0.5886214442013129,0.8927469135802469,0.4771241830065359,0.4464052287581699,0.5492957746478874,0.5700218818380745
GAP,25,9145.2085,0.9511382565241533,0.8075451066156369,0.7799552071668533,0.9074986316365626,0.8990174672489083,0.4833606110201855,0.7368995633187773,0.6664841182913472,0.5094760312151616,0.7504105090311987,0.5820568927789934,NA,0.6183006535947713,0.4555555555555556,0.6002682763246143,0.7861050328227571
KEX,20,7261.674,0.48972792892837314,0.558228540185894,0.38969764837625975,0.3158182813355227,0.5414847161572053,0.7174031642116748,0.5141921397379913,0.5010952902519168,0.30211817168338906,0.3831417624521073,0.5514223194748359,0.35262345679012347,0.5098039215686274,0.9352941176470588,0.6029510395707579,0.5957330415754923
AXP,40,214630.29555554996,0.3176013325930039,0.20503007107709126,0.2178051511758119,0.7914614121510674,0.41102620087336245,0.2509547190398254,0.5993449781659389,0.5065717415115005,0.19230769230769232,0.8648056923918993,0.5142231947483589,0.37037037037037035,NA,NA,0.562709590878605,0.47592997811816196
TAP,30,12459.84826,0.9583564686285397,0.6112629852378348,0.4305711086226204,0.8905309250136836,0.7860262008733624,0.9710856519367158,0.8558951965065502,0.8329682365826944,0.5044593088071349,0.3880678708264915,0.5317286652078774,0.7731481481481481,0.9300653594771242,0.7366013071895425,0.6109993293091884,0.4907002188183808
INTC,45,103727.65,0.3775680177679067,0.45379989065062876,0.896976483762598,0.03557744937055282,0.6118995633187773,0.938897981451173,0.34770742358078605,0.5783132530120482,0.6906354515050167,0.277504105090312,0.31400437636761486,NA,0.5686274509803921,0.3509803921568627,0.1522468142186452,0.5672866520787746
ORI,40,9881.11629,0.7107162687395892,0.4450519409513395,0.8594624860022396,0.8248494800218938,0.7210698689956332,0.8030551009274414,0.767467248908297,0.7157721796276013,0.08249721293199554,0.4756431308155446,0.4403719912472648,0.29475308641975306,NA,NA,0.7793427230046949,0.23522975929978118
BAC,40,364538.52880000003,0.6785119378123264,0.5019136139967195,0.059910414333706585,0.909688013136289,0.5818777292576419,0.79050736497545,0.8356986899563319,0.8592552026286966,0.669453734671126,0.5073891625615764,0.30908096280087527,NA,NA,NA,NA,0.19365426695842447
TRV,40,60396.137030189995,0.6191004997223765,0.3220338983050848,0.3499440089585666,0.9151614668856048,0.7019650655021834,0.6192034915439171,0.6965065502183406,0.5733844468784228,0.18450390189520624,0.585112205801861,0.45295404814004375,0.5856481481481481,NA,NA,0.7263581488933601,0.449671772428884
SXT,15,3288.9080400000003,0.4975013881177124,0.626571897211591,0.648936170212766,0.41105637657361793,0.5578602620087336,0.5313693398799781,0.486353711790393,0.4693318729463308,0.41917502787068006,0.45977011494252873,0.5973741794310722,NA,0.14575163398692814,0.8405228758169935,0.6391683433936955,0.4458424507658644
OTTR,55,3373.00992,0.7323709050527485,0.24658283214871513,0.8269876819708847,0.5035577449370553,0.5114628820960698,0.6966721222040371,0.8957423580786026,0.8017524644030668,0.4080267558528428,0.7662835249042146,0.8140043763676149,0.19598765432098766,0.45947712418300657,0.4,0.7270288397048961,0.4283369803063457
OMI,35,1038.65823,0.8956135480288728,0.8747949699289229,0.5811870100783875,0.9967159277504105,0.99617903930131,0.9187124931805782,0.13100436681222707,0.91894852135816,0.205685618729097,0.2140120415982485,0.21663019693654267,0.9212962962962963,0.7686274509803921,0.8117647058823529,0.24279007377598927,0.9173960612691466
SNA,20,19411.31283,0.648528595224875,0.34117003827228,0.5296752519596865,0.6579091406677614,0.3487991266375546,0.4664484451718494,0.7139737991266376,0.5596933187294633,0.6460423634336678,0.7580733442802409,0.900984682713348,0.7993827160493827,0.15098039215686276,0.3058823529411765,0.8967136150234741,0.2915754923413567
PNC,40,85197.24576,0.6818434203220433,0.6670311645708037,0.10918253079507279,0.9025725232621784,0.48580786026200873,0.6524822695035462,0.7958515283842795,0.7300109529025192,0.7775919732441472,0.5933223864258347,0.3265864332603939,0.5324074074074074,NA,NA,NA,0.21553610503282272
PCAR,20,61343.217,0.5952248750694059,0.12520503007107708,0.20772676371780519,0.6146688560481663,0.6468340611353712,0.46917621385706493,0.8482532751091703,0.7776560788608982,0.23578595317725753,0.8642583470169677,0.8774617067833698,0.7978395061728395,NA,NA,NA,0.0897155361050328
TTC,20,8935.714199999999,0.5857856746252083,0.5839256424275561,0.6590145576707727,0.3437328954570334,0.6048034934497817,0.33278777959629025,0.5786026200873362,0.5575027382256298,0.44091415830546266,0.7848932676518884,0.7954048140043763,0.4699074074074074,0.4398692810457516,0.7470588235294118,0.715627095908786,0.09901531728665203
LUMN,50,7448.72008,0.41976679622431984,0.9874248223072717,0.9176931690929451,0.03940886699507389,0.9241266375545851,0.67430441898527,0,0.9167579408543264,0.6204013377926422,0.019157088122605363,0.06345733041575492,0.04089506172839506,0.6477124183006535,0.44509803921568625,0.20791415157612342,0.9885120350109409
FDX,20,73949.24485323,0.8634092171016102,0.711864406779661,0.7486002239641658,0.5730706075533661,0.8395196506550219,0.6344789961811238,0.7565502183406113,0.7305585980284776,0.2697881828316611,0.6600985221674877,0.612144420131291,0.5763888888888888,0.6431372549019607,0.5156862745098039,0.6525821596244131,0.513129102844639
AFG,40,12326.106660000001,0.8095502498611882,0.5445598687807545,0.32754759238521836,0.9447181171319102,0.6719432314410481,0.5499181669394435,0.8171397379912664,0.687842278203724,0.10981047937569677,0.7454844006568144,0.4786652078774617,0.7955246913580247,NA,NA,0.8048289738430584,0.44474835886214437
ADI,45,108217.56085000001,0.6901721265963354,0.8069983597594313,0.6187010078387458,0.4827586206896552,0.15283842794759825,0.5624659028914348,0.513646288209607,0.4359255202628697,0.8740245261984393,0.4641488779419814,0.7106126914660832,0.4112654320987654,0.6418300653594771,0.6496732026143791,0.8189134808853119,0.3823851203501094
LEG,25,1690.77405,0.81954469739033875,0.9322033898305084,0.8337066069428891,0.976464148877942,0.9557860262008734,0.8996181123840699,0.07641921397379912,0.880065717415115,0.173355629877369,0.18500273672687464,0.18599562363238512,0.5416666666666666,0.5908496732026144,0.661437908496732,0.4386317907444668,0.886214442013129
NWL,25,3989.44,0.8439755691282621,0.9103335155822854,0.8980963045912654,0.9523809523809523,0.9295851528384279,0.8974358974358975,0.06222707423580786,0.6555312157721797,0.3879598662207358,0.17296113847837985,0.17943107221006566,NA,0.7457516339869281,0.8359477124183007,0.2575452716297787,0.824945295404814
PAR,45,2945.7877000000003,0.0843975569128262,0.8846364133406233,0.27603583426651734,0.2014230979748221,0.18286026200873362,0.23076923076923078,0.15938864628820962,0.11883899233296824,0.326644370122631,0.13793103448275862,0.12472647702407003,NA,0.3640522875816994,0.3065359477124183,0.07578806170355466,0.6482494529540481
SWX,55,5607.51104,0.5102720710716269,0.9283761618370694,0.42609182530795076,0.07881773399014778,0.7942139737991266,0.8445171849427169,0.4710698689956332,0.6495071193866374,0.1354515050167224,0.3322386425834702,0.3506564551422319,NA,0.7620915032679738,0.9137254901960784,0.26291079812206575,0.36925601750547044
AMD,45,222608.550225,0.1676846196557468,0.6817933296883543,0.7665173572228443,0.2588943623426382,0.1331877729257642,0.4522640480087289,0.26692139737991266,0.19989047097480833,0.632664437012263,0.2764094143404488,0.35667396061269147,0.13271604938271606,0.30196078431372553,0.36339869281045756,0.5727699530516432,0.24124726477024072
DCI,20,9346.331400000001,0.7073847862298723,0.45434663750683435,0.561030235162374,0.5840175150519978,0.4945414847161572,0.32187670485542824,0.6501091703056768,0.52026286966046,0.44816053511705684,0.8472906403940886,0.9086433260393874,0.4243827160493827,0.46143790849673205,0.6509803921568628,0.8947015425888666,0.3610503282275711
LOW,25,153827.59385349997,0.6751804553026096,0.8551120831055221,0.8706606942889138,0.5539135194307608,0.6397379912663755,0.027277686852154936,0.7036026200873362,0.5366922234392114,0.3801560758082497,0.0722495894909688,0.9524070021881839,0.3942901234567901,0.7084967320261437,0.8915032679738562,0.6586183769282361,0.2242888402625821
PATK,25,3010.3359999999993,0.9328151027207107,0.9081465281574631,0.961926091825308,0.8943623426382047,0.8329694323144105,0.5684669939989089,0.6817685589519651,0.708105147864184,0.23634336677814938,0.6206896551724138,0.6323851203501094,0.49537037037037035,0.3320261437908497,0.9457516339869281,0.4500335345405768,0.8079868708971554
BIO,35,7805.628659999999,0.4630760688506385,0.9212684527063969,0.7810750279955208,0.43787629994526545,0.4481441048034934,0.9727223131478451,0.07478165938864628,0.5131434830230011,0.7028985507246377,0.19704433497536947,0.1586433260393873,0.8858024691358025,0.07843137254901966,0.1189542483660131,0.636485580147552,0.7330415754923414
HXL,20,5134.716780000001,0.3359244863964464,0.565882996172772,0.3370660694288914,0.4482758620689655,0.45633187772925765,0.5602836879432624,0.3968340611353712,0.4665936473165389,0.3494983277591973,0.367816091954023,0.5355579868708972,0.7268518518518519,0.26535947712418295,0.4117647058823529,0.5439302481556003,0.5689277899343546
PAYX,20,52642.28046,0.7490283176013326,0.7594313832695462,0.5330347144456886,0.48549534756431306,0.13100436681222707,0.16530278232405893,0.5316593886462883,0.3603504928806134,0.8807134894091416,0.9222769567597153,0.9299781181619255,0.5347222222222222,0.6424836601307189,0.6581699346405229,0.9517102615694165,0.29212253829321666
DLX,20,1025.78224,0.9067184897279289,0.6965554948059048,0.7334826427771557,0.8412698412698413,0.9350436681222707,0.7675941080196399,0.45141921397379914,0.8921139101861993,0.7302118171683389,0.32074438970990693,0.3079868708971554,0.5408950617283951,0.8588235294117648,0.8764705882352941,0.26961770623742454,0.5908096280087527
MOG,20,6369.478220000001,0.2359800111049417,0.26462547840349915,0.43169092945128784,0.20580186097427478,0.611353711790393,0.46099290780141844,0.46997816593886466,0.4419496166484118,0.3221850613154961,0.5270935960591133,0.599015317286652,0.04861111111111111,0.40261437908496733,0.90065359477124185,0.5291750503018109,0.09190371991247259
BKH,55,4585.68211,0.9267073847862298,0.7031164570803718,0.8421052631578947,0.8117131910235359,0.6020742358078602,0.8859792689579924,0.7510917030567685,0.6319824753559693,0.35061315496098105,0.43459222769567596,0.4671772428884026,NA,0.9294117647058824,0.892156862745098,0.3527833668678739,0.6903719912472648
TMO,35,202583.475,0.444752915047196,0.6276653909240022,0.7777155655095185,0.49808429118773945,0.28002183406113534,0.4288052373158756,0.5010917030567685,0.37404162102957283,0.5334448160535117,0.5938697318007663,0.6788840262582057,0.4537037037037037,0.48888888888888893,0.47058823529411764,0.5472837022132797,0.3364332603938731
CSX,20,70483.71444999998,0.8078845086063298,0.6495352651722253,0.7144456886898096,0.6075533661740559,0.2740174672489083,0.4800872885979269,0.7205240174672489,0.6122672508214677,0.5869565217391305,0.8500273672687466,0.7828227571115973,0.4089506172839506,0.7967320261437909,0.5405228758169935,0.6190476190476191,0.4923413566739606
GL,40,9338.041799999999,0.8117712382009994,0.29196282121377803,0.5649496080627099,0.9430760810071155,0.6550218340611353,0.6786688488816148,0.9328602620087336,0.8055859802847755,0.2318840579710145,0.7487684729064039,0.5306345733041575,0.47530864197530864,NA,NA,0.7887323943661971,0.2855579868708972
WST,35,23586.396235779997,0.3592448639644642,0.4253690541279388,0.6265397536394177,0.3426382047071702,0.16266375545851527,0.24822695035460993,0.44759825327510916,0.29353778751369114,0.5206243032329989,0.759168035030104,0.9261487964989059,0.41280864197530864,0.24183006535947715,0.257516339869281,0.9403085177733065,0.5415754923413567
AGYS,45,3753.8193,0.1782343142698501,0.0524876981957354,0.23740201567749164,0.29009304871373837,0.07969432314410481,0.14348063284233498,0.4192139737991266,0.16538882803943045,0.725752508361204,0.9326765188834154,0.9934354485776805,0.7083333333333334,0.38954248366013067,0.2052287581699347,NA,0.012582056892779026
DCO,20,990.193,0.24097723486951694,0.2952433023510115,0.5089585666293392,0.29939792008757526,0.7319868995633187,0.7932351336606656,0.3455240174672489,0.515881708652793,0.2714604236343367,0.29337712096332785,0.3812910284463895,0.37191358024691357,0.23267973856209145,0.7098039215686274,0.3413816230717639,0.25382932166301975
BRO,40,32341.849799999996,0.31093836757357024,0.3969382176052487,0.2541993281075028,0.44991789819376027,0.17194323144104803,0.36824877250409166,0.47161572052401746,0.29791894852135814,0.33221850613154963,0.6825396825396826,0.6701312910284464,0.5501543209876543,0.8104575163398693,0.5555555555555556,0.6103286384976526,0.2231947483588621
POWL,20,3213.37284,0.24319822320932816,0.04264625478403494,0.13157894736842102,0.6562671045429667,0.2898471615720524,0.21876704855428258,0.3564410480349345,0.2267250821467689,0.20178372352285395,0.6798029556650246,0.7800875273522976,NA,0.5555555555555556,0.418954248366013,NA,0.9611597374179431
TDS,50,3623.08,0.6735147140477512,0.8523783488244943,0.7805151175811871,0.17405582922824303,0.8804585152838428,0.9536279323513366,0.04148471615720524,0.8340635268346112,0.6638795986622074,0.17515051997810618,0.1712253829321663,NA,0.6254901960784314,0.7183006535947712,0.17572099262240107,0.8528446389496718
CI,35,93960.08061847,0.8756246529705719,0.4171678512848551,0.4557670772676372,0.8779419813902573,0.9317685589519651,0.7397708674304418,0.7374454148471615,0.744249726177437,0.09810479375696766,0.5331143951833607,0.5185995623632386,0.6805555555555556,0.9117647058823529,0.777124183006536,0.6036217303822937,0.5092997811816193
CHE,35,8576.11951983,0.4880621876735147,0.1891744122471296,0.513437849944009,0.4734537493158183,0.34934497816593885,0.2695035460992908,0.5294759825327511,0.39813800657174153,0.42474916387959866,0.8374384236453202,0.9469365426695843,0.5115740740740741,0.5431372549019609,0.37058823529411766,0.9711602951039571,0.4359956236323851
BBWI,25,7848.931680000001,0.6396446418656302,0.7320940404592673,0.7262038073908175,0.8067870826491517,0.787117903930131,0.015821058374249863,0.9415938864628821,0.8324205914567361,0.5752508361204013,0.0842911877394636,0.9277899343544858,0.3194444444444444,0.5261437908496732,0.3718954248366013,0.44668008048289737,0.25164113785557984
NSC,20,62408.3062624,0.3736812881732371,0.3799890650628759,0.7788353863381858,0.3114395183360701,0.2549126637554585,0.5275504637206765,0.4978165938864629,0.5142387732749178,0.520066889632107,0.6217843459222769,0.5858862144420132,0.13580246913580246,0.7,0.4601307189542484,0.5419181757209927,0.40973741794310725
PGR,40,157513.13056,0.38478622987229316,0.1700382722799344,0.1763717805151176,0.729064039408867,0.5054585152838428,0.24659028914348063,0.4410480349344978,0.28751369112814895,0.061872909698996656,0.7673782156540777,0.6028446389496718,0.746141975308642,NA,NA,0.8537894030851777,0.7516411378555798
NJR,55,5146.0850199999995,0.7640199888950583,0.4915254237288136,0.9686450167973124,0.21674876847290642,0.4912663755458515,0.6421167484997272,0.7112445414847162,0.5169769989047097,0.30379041248606464,0.6135741652983032,0.5640043763676149,NA,0.9405228758169935,0.996078431372549,0.4118041582830315,0.4091903719912473
AGX,20,2105.19,0.19267073847862298,0.12793876435210494,0.16965285554311316,0.6546250684181719,0.35807860262008734,0.27877795962902346,0.3395196506550218,0.22234392113910187,0.10758082497212931,0.5325670498084292,0.6657549234135668,NA,0.46797385620915033,0.23921568627450984,NA,0.9277899343544858
KWR,15,2805.1675999999998,0.8511937812326485,0.8354291962821214,0.6690929451287794,0.8149972632731254,0.7068777292576419,0.7283142389525368,0.6118995633187773,0.6714129244249726,0.4431438127090301,0.4367816091954023,0.5612691466083151,0.9930555555555556,0.29738562091503273,0.49411764705882355,0.4875922199865862,0.6280087527352298
D,55,49350.5875,0.6041088284286508,0.4844177145981411,0.9126539753639418,0.06951286261631089,0.384825327510917,0.7883251500272777,0.6435589519650655,0.49671412924424974,0.5083612040133779,0.4269293924466338,0.4212253829321663,NA,0.8084967320261438,0.9843137254901961,0.2776659959758551,0.4742888402625821
KEY,40,19310.19284,0.5452526374236535,0.7375615090213231,0.1578947368421053,0.9354132457580734,0.6233624454148472,0.6923076923076923,0.7014192139737991,0.6807228915662651,0.6845039018952063,0.42857142857142855,0.2740700218818381,0.2368827160493827,NA,NA,NA,0.2286652078774617
HOV,25,1046.9482500000001,0.9977790116601888,0.7960634226353198,0.7917133258678611,0.9928845101258894,0.9514192139737991,0.4948172394980906,0.9841703056768559,0.9501642935377875,0.24581939799331104,0.9458128078817734,0.7614879649890591,0.9598765432098766,NA,NA,0.3682092555331992,0.7806345733041575
RLI,40,8059.91344179,0.67129372570794,0.3280481137233461,0.87010078387458,0.6726874657909141,0.2472707423580786,0.3447899618112384,0.5862445414847162,0.3855421686746988,0.2608695652173913,0.7914614121510674,0.6794310722100656,0.8148148148148148,NA,NA,0.9456740442655935,0.39879649890590807
UNF,20,3015.46044,0.7445863409217102,0.46856205576817933,0.4462486002239642,0.595511767925561,0.7456331877729258,0.8543371522094927,0.6866812227074236,0.7864184008762322,0.40022296544035674,0.3771209633278599,0.6394967177242888,0.9112654320987654,0.2052287581699347,0.4490196078431372,NA,0.6017505470459519
RPM,15,17861.26356,0.8700721821210439,0.8037178786221979,0.6539753639417694,0.6338259441707718,0.523471615720524,0.29514457174031644,0.5414847161572053,0.4167579408543264,0.5295429208472687,0.8067870826491517,0.7822757111597374,0.8981481481481481,0.42352941176470593,0.7901960784313725,0.6519114688128773,0.7450765864332605
AOS,20,8935.74591,0.9461410327595781,0.8283214871514488,0.6142217245240762,0.7323481116584565,0.5463973799126638,0.3862520458265139,0.7751091703056768,0.7059145673603505,0.48940914158305465,0.8582375478927203,0.9392778993435449,0.8117283950617284,0.550326797385621,0.5862745098039216,0.9564050972501676,0.4195842450765864
COO,35,20850.216,0.3203775680177679,0.6358665937670858,0.448488241881299,0.2868089764641489,0.22652838427947597,0.5706492089470813,0.324235807860262,0.34501642935377874,0.8389074693422519,0.3147235905856596,0.4562363238512035,0.16512345679012347,0.48692810457516345,0.8352941176470589,0.5969148222669349,0.3577680525164114
USLM,15,4374.882,0.15602443087173792,0.14707490431930015,0.25475923852183646,0.3103448275862069,0.08078602620087336,0.19858156028368795,0.3569868995633188,0.23713033953997809,0.5490523968784838,0.7509578544061303,0.9545951859956237,0.7314814814814815,0.01764705882352946,0.02614379084967322,NA,0.4956236323851203
VZ,50,186654.81684,0.9844530816213215,0.6954620010934938,0.7351623740201567,0.8565955117679256,0.7156113537117904,0.8521549372613202,0.7740174672489083,0.8510405257393209,0.7068004459308808,0.5790914066776136,0.487964989059081,0.6550925925925926,0.930718954248366,0.9143790849673202,0.47015425888665324,0.6794310722100656
T,50,166179.69324000002,0.9922265408106608,0.6555494805904867,0.6472564389697648,0.9091406677613574,0.7216157205240175,0.9307146753955264,0.8935589519650655,0.864184008762322,0.7062430323299889,0.6223316912972086,0.524617067833698,0.7677469135802469,0.9267973856209151,0.826797385620915,0.4164989939637827,0.6187089715536105
USB,40,83134.10528,0.6246529705719045,0.7643521049753964,0.06438969764837621,0.8620689655172413,0.5938864628820961,0.6944899072558647,0.7931222707423581,0.9178532311062432,0.7575250836120402,0.5495347564313081,0.30306345733041573,0.1412037037037037,NA,NA,NA,0.1816192560175055
HD,25,426281.86419,0.8695169350360911,0.6987424822307271,0.7541993281075028,0.5681444991789819,0.46397379912663755,0.06273867975995635,0.5605895196506551,0.411829134720701,0.3795986622073579,0.9978106185002736,0.9671772428884027,0.7345679012345679,0.645751633986928,0.7477124183006536,0.7625754527162978,0.7357768052516411
SLM,40,5813.595399999999,0.36701832315380345,0.6462547840349918,0.2306830907054871,0.15270935960591134,0.5927947598253275,0.4238952536824877,0.925764192139738,0.9370208105147865,0.45540691192865107,0.8954570333880679,0.4190371991247265,7.716049382716049e-4,NA,NA,0.5077129443326627,0.06181619256017501
WSO,20,19212.2273034,0.4253192670738479,0.3860032804811372,0.6763717805151176,0.4302134646962233,0.4896288209606987,0.24495362793235134,0.48034934497816595,0.3231106243154436,0.2831661092530658,0.8111658456486043,0.912472647702407,0.4390432098765432,0.19477124183006533,0.6542483660130719,0.9765258215962441,0.20568927789934355
WDC,45,25233.226919999997,0.18545252637423654,0.7435757244395844,0.528555431131019,0.1412151067323481,0.6069868995633187,0.6262956901254774,0.14246724890829696,0.23055859802847756,0.2736900780379041,0.19376026272577998,0.17341356673960612,NA,0.6601307189542484,0.6385620915032679,0.1710261569416499,0.29978118161925604
RES,10,1384.4196800000002,0.9789006107717935,0.2099507927829415,0.6562150055991041,0.9452654625068418,0.8362445414847162,0.8701582105837425,0.9645196506550219,0.9857612267250822,0.3690078037904125,0.7498631636562672,0.9294310722100656,0.9266975308641975,0.10588235294117643,0.22156862745098038,0.9932930918846412,0.9387308533916849
AIG,40,47955.36072,0.8728484175458079,0.5861126298523783,0.9232922732362822,0.9189928845101258,0.7963973799126638,0.9198036006546645,0.8542576419213974,0.9545454545454546,0.16555183946488294,0.44170771756978655,0.287199124726477,0.7106481481481481,NA,NA,0.4922870556673374,0.1859956236323851
UTL,55,971.66378,0.7268184342032205,0.46200109349371243,0.7110862262038073,0.1324575807334428,0.6479257641921398,0.8166939443535188,0.6735807860262009,0.6933187294633077,0.29041248606465997,0.4729064039408867,0.4710065645514223,NA,0.9483660130718954,0.9660130718954248,0.3494299128101945,0.4420131291028446
RGLD,15,9617.618162429999,0.5669072737368129,0.8649535265172226,0.66013437849944,0.5779967159277504,0.07914847161572053,0.5199127114020731,0.4432314410480349,0.38061336254107336,0.9515050167224081,0.43842364532019706,0.7199124726477024,NA,0.34901960784313724,0.23006535947712414,0.755868544600939,0.5563457330415755
SEIC,40,10651.75067,0.3381454747362576,0.4308365226899945,0.6707726763717805,0.5500821018062397,0.23580786026200873,0.37861429350791054,0.642467248908297,0.40306681270536693,0.2653288740245262,0.7750410509031199,0.9578774617067833,0.31867283950617287,0.13660130718954244,0.15816993464052287,0.9926224010731053,0.10010940919037203
SIGI,40,6206.45946,0.5818989450305386,0.31055221432476765,0.2564389697648376,0.9020251778872469,0.6986899563318777,0.6181123840698309,0.7581877729257642,0.6308871851040526,0.0802675585284281,0.6228790366721402,0.49945295404814005,0.4174382716049383,NA,NA,0.8336686787391012,0.4206783369803063
MS,40,212028.44796000002,0.22987229317046085,0.6517222525970476,0.0727883538633819,0.026272577996715927,0.5644104803493449,0.5935624659028914,0.6359170305676856,0.7562979189485214,0.6393534002229655,0.48877941981390255,0.2959518599562363,NA,NA,NA,0.2340710932260228,0.04759299781181614
SBCF,40,2559.81236,0.3053858967240422,0.14488791689447789,0.033594624860022404,0.6595511767925561,0.39737991266375544,0.8881614839061648,0.615174672489083,0.768893756845564,0.8099219620958752,0.35084838533114393,0.2986870897155361,0.30401234567901236,NA,NA,NA,0.16794310722100658
RJF,40,34540.7376,0.5313714602998334,0.4231820667031164,0.31522956326987683,0.6699507389162561,0.5480349344978166,0.5406437534097108,0.7641921397379913,0.8537787513691129,0.18840579710144928,0.7219485495347564,0.4578774617067834,NA,NA,NA,0.7169684775318578,0.14223194748358858
STZ,30,43741.0992,0.7079400333148251,0.505194095133953,0.5363941769316909,0.5008210180623974,0.30731441048034935,0.42225859247135844,0.6037117903930131,0.49890470974808326,0.6627647714604237,0.7214012041598249,0.7155361050328227,0.3680555555555556,0.7294117647058824,0.934640522875817,0.5989268947015426,0.4786652078774617
HOG,25,4282.00701,0.915047196002221,0.43521049753963914,0.6461366181410975,0.9157088122605364,0.8700873362445415,0.861974904528096,0.9770742358078602,0.8450164293537787,0.5551839464882943,0.7816091954022989,0.6663019693654267,0.6728395061728395,0.5745098039215686,0.5169934640522875,0.3963782696177062,0.17505470459518602
KBH,25,6067.655159999999,0.9950027762354248,0.7074904319300164,0.818589025755879,0.9584017515051998,0.8155021834061136,0.7795962902345881,0.9213973799126638,0.7765607886089814,0.19342251950947603,0.6518883415435139,0.7861050328227571,0.9729938271604939,NA,NA,0.6270959087860496,0.7084245076586433
TOL,25,16677.54524,0.897834536368684,0.6134499726626572,0.7396416573348265,0.7608100711548987,0.6648471615720524,0.6252045826513911,0.88264192139738,0.7338444687842278,0.2792642140468227,0.7608100711548987,0.8468271334792122,0.6442901234567902,NA,NA,0.7867203219315896,0.09518599562363239
C,40,134033.95055,0.2798445308162132,0.7162383816293056,0.05039193729003355,0.006568144499178982,0.8351528384279476,0.9705400981996727,0.8160480349344978,0.9901423877327492,0.451505016722408,0.3393541324575807,0.2647702407002188,0.007716049382716049,NA,NA,0.2300469483568075,0.04978118161925604
ECL,15,70442.21074000001,0.5291504719600222,0.6211044286495353,0.46696528555431127,0.39627805145046524,0.2876637554585153,0.24331696672122205,0.3859170305676856,0.30503833515881706,0.564659977703456,0.6995073891625616,0.6931072210065645,0.7222222222222222,0.6712418300653595,0.7398692810457517,0.5828303152246814,0.5317286652078774
UNM,40,14042.8628,0.7456968350916158,0.5604155276107162,0.5979843225083987,0.7766830870279147,0.7680131004366813,0.8221494817239499,0.9061135371179039,0.8472070098576122,0.11872909698996656,0.6064586754241926,0.4234135667396061,0.32407407407407407,NA,NA,0.7196512407780014,0.11870897155361049
SON,15,5097.7288,0.9772348695169351,0.6090759978130126,0.8090705487122061,0.8631636562671046,0.8624454148471615,0.6890343698854338,0.9115720524017468,0.8302300109529025,0.26477146042363436,0.7575259989053093,0.7100656455142232,0.9012345679012346,0.4862745098039216,0.8287581699346405,0.5385647216633133,0.6077680525164113
AWR,55,3224.4620700000005,0.34369794558578565,0.2815746309458721,0.21612541993281076,0.12534209085933223,0.24290393013100436,0.4909983633387889,0.5966157205240175,0.4556407447973713,0.6661092530657748,0.6743295019157088,0.6602844638949672,NA,0.7039215686274509,0.8862745098039215,0.5010060362173038,0.05853391684901532
TFC,40,63296.20128,0.47917823431426987,0.82941498086386,0.1349384098544233,0.926655719759168,0.6140829694323144,0.8434260774686306,0.18013100436681223,0.8072289156626506,0.7642140468227425,0.23097974822112752,0.2401531728665208,0.3279320987654321,NA,NA,NA,0.274617067833698
STAA,35,1433.9316000000001,0.14380899500277625,0.16566429743028976,0.33258678611422177,0.22058018609742747,0.30458515283842796,0.4702673213311511,0.3356986899563319,0.25903614457831325,0.9286510590858417,0.35577449370552816,0.5995623632385121,0.05787037037037037,0.0816993464052288,0.10457516339869277,0.9959758551307847,0.08369803063457326
NHC,35,1933.2132,0.4303164908384231,0.5691634773100055,0.5235162374020157,0.5796387520525451,0.6501091703056768,0.6764866339334424,0.5513100436681223,0.3253012048192771,0.06020066889632107,0.3935413245758073,0.6219912472647703,NA,0.4411764705882353,0.24640522875816995,0.9664654594232059,0.41739606126914663
STT,40,28878.30501,0.24153248195446975,0.7556041552761071,0.1142217245240762,0.21455938697318008,0.675764192139738,0.8194217130387343,0.8062227074235808,0.0208105147864184,0.7720178372352285,0.44116037219485493,0.2850109409190372,0.06635802469135803,NA,NA,NA,0.10722100656455147
STC,40,2081.64498,0.357023875624653,0.7534171678512849,0.9546472564389697,0.3820470717022441,0.8236899563318777,0.8112384069830878,0.3318777292576419,0.5328587075575028,0.051839464882943144,0.28516694033935414,0.3413566739606127,0.12037037037037036,NA,NA,0.5083836351441985,0.287199124726477
SF,40,11852.4774,0.3070516379789006,0.636960087479497,0.35890257558790595,0.5314723590585659,0.5485807860262009,0.5379159847244953,0.6473799126637555,0.6254107338444688,0.13377926421404682,0.5303776683087028,0.3725382932166302,0.14737654320987653,NA,NA,0.7129443326626426,0.12582056892778992
SYK,35,149493.85058784,0.39533592448639643,0.3400765445598688,0.38745800671892494,0.37328954570333883,0.1779475982532751,0.254228041462084,0.4028384279475983,0.27710843373493976,0.78149386845039015,0.7011494252873564,0.7647702407002188,0.7276234567901234,0.5522875816993464,0.584313725490196,0.7773306505700872,0.25492341356673964
BKR,10,43489.667700000005,0.679622431982232,0.344997266265719,0.22508398656215,0.5703338806787083,0.6555676855895196,0.5619203491543917,0.6550218340611353,0.6210295728368017,0.24693422519509475,0.5900383141762452,0.6356673960612691,0.8348765432098766,0.6934640522875817,0.6705882352941177,0.7806841046277666,0.39387308533916854
WKC,10,1681.3581,0.923375902276513,0.9261891744122471,0.9316909294512878,0.8784893267651889,1,0.9629023458810693,0.5240174672489083,0.9140197152245345,0.03901895206243032,0.2922824302134647,0.28665207877461707,0.9097222222222222,0.7679738562091503,0.8960784313725491,0.2977867203219316,0.36597374179431075
PII,25,3848.13,0.9822320932815103,0.4324767632586113,0.5733482642777156,0.9239189928845101,0.9432314410480349,0.5739225313693399,0.9574235807860262,0.911829134720701,0.23411371237458195,0.9036672140120416,0.8036105032822757,0.8726851851851852,0.6313725490196078,0.7620915032679738,0.5258215962441315,0.7352297592997812
SCHW,40,147284.82712,0.6585230427540255,0.931656642974303,0.32194848824188127,0.9168035030103996,0.2287117903930131,0.3066012002182215,0.5491266375545851,0.6708652792990142,0.5624303232998885,0.6874657909140668,0.3238512035010941,0.9922839506172839,NA,NA,0.42655935613682094,0.362144420131291
MAN,20,3021.27032,0.8289838978345364,0.8141060688901038,0.7782754759238522,0.8264915161466886,0.9912663755458515,0.8516093835242772,0.5,0.882803943044907,0.14827201783723523,0.3125342090859332,0.32439824945295404,0.30864197530864196,0.7437908496732026,0.842483660130719,0.5653923541247485,0.3708971553610503
USM,50,3363.38,0.8434203220433093,0.8162930563149262,0.8051511758118701,0.7799671592775042,0.8356986899563319,0.9863611565739225,0.34497816593886466,0.7847754654983571,0.6750278706800446,0.27148330596606457,0.2724288840262582,0.5393518518518519,0.5633986928104575,0.7516339869281046,0.1891348088531187,0.7100656455142231
MTH,25,6912.9129618,0.824541921154914,0.2886823400765446,0.7424412094064949,0.6042692939244664,0.7685589519650655,0.8090561920349154,0.9366812227074236,0.8493975903614458,0.24860646599777034,0.6869184455391352,0.8708971553610503,0.341820987654321,NA,NA,0.824279007377599,0.030087527352297583
TNC,20,1667.80701,0.8945030538589672,0.576271186440678,0.33090705487122063,0.8538587848932676,0.7237991266375546,0.5537370430987453,0.7974890829694323,0.7612267250821467,0.5657748049052397,0.7515051997810619,0.8238512035010941,NA,0.39607843137254906,0.5562091503267974,0.6794097920858484,0.6969365426695843
MIDD,20,7713.378269999999,0.8417545807884509,0.6806998359759431,0.6791713325867861,0.7569786535303776,0.6124454148471615,0.6492089470812875,0.7134279475982532,0.6484118291347207,0.4972129319955407,0.595511767925561,0.6586433260393874,0.8364197530864198,0.34967320261437906,0.6601307189542484,0.5774647887323944,0.40645514223194745
ADBE,45,227112.38159799998,0.5508051082731815,0.2996172772006561,0.40537513997760355,0.46250684181718665,0.11244541484716157,0.16202945990180032,0.4306768558951965,0.276013143483023,0.9793756967670011,0.8866995073891626,0.9617067833698031,0.4097222222222222,0.6522875816993464,0.334640522875817,0.9537223340040242,0.6668490153172866
MRTN,20,1415.5662399999999,0.6446418656302054,0.580098414434117,0.8639417693169094,0.09742747673782157,0.7418122270742358,0.7752318603382433,0.6997816593886463,0.8806133625410734,0.13489409141583056,0.4783798576902025,0.7314004376367614,0.020833333333333332,0.4764705882352941,0.518954248366013,NA,0.800328227571116
IEX,20,17463.995489999998,0.4325374791782343,0.40240568616730454,0.5907054871220605,0.5123152709359606,0.24672489082969432,0.40698308783415166,0.5469432314410481,0.3882803943044907,0.5981047937569677,0.705528188286809,0.8353391684901532,0.6342592592592593,0.2405228758169935,0.30261437908496736,0.812206572769953,0.3068927789934355
CRUS,45,5550.473,0.7540255413659078,0.34390377255330784,0.7933930571108623,0.7498631636562672,0.41975982532751094,0.5340971085651937,0.6959606986899564,0.5750273822562979,0.6465997770345596,0.6524356869184456,0.8840262582056893,0.6242283950617284,0.07450980392156858,0.13137254901960782,0.9879275653923542,0.6821663019693655
FRME,40,2566.85625,0.6968350916157691,0.5768179332968835,0.09014557670772672,0.8582375478927203,0.5016375545851528,0.9012547735951991,0.894650655021834,0.8066812705366923,0.7714604236343366,0.5095785440613027,0.3528446389496718,0.42978395061728397,NA,NA,NA,0.14934354485776802
GEN,45,19009.92425,0.8811771238200999,0.746856205576818,0.326427771556551,0.8741105637657361,0.2652838427947598,0.2607746863066012,0.5360262008733624,0.6029572836801752,0.9682274247491639,0.8297755883962781,0.5475929978118161,0.8896604938271605,0.9777777777777777,0.6313725490196078,0.34004024144869216,0.7839168490153172
CGNX,45,6857.1696999999995,0.18989450305385897,0.5560415527610716,0.9188129899216125,0.3092501368363437,0.15938864628820962,0.4511729405346427,0.3531659388646288,0.223986856516977,0.8706800445930881,0.4001094690749863,0.649343544857768,0.1427469135802469,0.12287581699346406,0.16405228758169932,NA,0.13019693654266962
TECH,35,11974.10112,0.3320377568017768,0.5850191361399673,0.6332586786114222,0.35960591133004927,0.125,0.3475177304964539,0.3231441048034934,0.25410733844468786,0.8612040133779264,0.428024083196497,0.6903719912472648,0.5208333333333334,0.1516339869281046,0.33267973856209154,0.8289738430583501,0.5399343544857769
EOG,10,74952.0813755,0.9494725152692949,0.419901585565883,0.7961926091825308,0.7482211275314724,0.4170305676855895,0.6470267321331151,0.9301310043668122,0.932092004381161,0.9336677814938684,0.8396278051450465,0.950218818380744,0.345679012345679,0.3183006535947712,0.24967320261437909,0.9470154258886653,0.7713347921225383
EA,50,42926.22190999999,0.8123264852859522,0.7222525970475671,0.635498320268757,0.625615763546798,0.23198689956331878,0.3442444080741953,0.5027292576419214,0.3647316538882804,0.9191750278706801,0.6847290640394089,0.8096280087527352,0.7407407407407407,0.6385620915032679,0.30718954248366015,0.9014084507042254,0.7259299781181618
DGII,45,1215.28726,0.34813992226540813,0.7813012575177692,0.31970884658454646,0.42309797482211275,0.47434497816593885,0.6459356246590289,0.3935589519650655,0.46166484118291345,0.7630992196209587,0.33388067870826493,0.48085339168490154,0.3881172839506173,0.43333333333333335,0.5967320261437908,0.2917505030181087,0.2543763676148797
LSCC,45,7829.85425,0.31149361465852304,0.4494259158009841,0.37458006718924974,0.4729064039408867,0.12336244541484716,0.18821603927986907,0.5425764192139738,0.2628696604600219,0.8472686733556298,0.9146141215106732,0.9950765864332604,0.5702160493827161,0.1588235294117647,0.2450980392156863,NA,0.24617067833698025
GIII,25,1300.31255,0.9838978345363687,0.7484964461454346,0.7704367301231803,0.9945265462506842,0.9454148471615721,0.9656301145662848,0.9601528384279476,0.9654983570646222,0.47881828316610925,0.5582922824302134,0.7029540481400438,NA,0.1941176470588235,0.3156862745098039,0.6472166331321261,0.9223194748358862
PTC,45,24033.00774,0.38256524153248195,0.07217058501913609,0.4529675251959686,0.4066776135741653,0.11408296943231441,0.22858701582105836,0.29748908296943233,0.2212486308871851,0.9386845039018952,0.4860426929392447,0.5815098468271335,0.6936728395061729,0.9124183006535947,0.7810457516339869,0.44399731723675384,0.6723194748358863
NEOG,35,3072.7776400000002,0.17434758467518047,0.7107709130672499,0.3577827547592385,0.1532567049808429,0.39847161572052403,0.9563557010365521,0.23744541484716158,0.39430449069003287,0.745819397993311,0.2545155993431856,0.23905908096280087,NA,0.15490196078431373,0.292156862745098,0.20389000670690813,0.225382932166302
BLFS,35,1274.2508899999998,0.13436979455857856,0.9114270092946966,0.8768197088465846,0.17515051997810618,0.15010917030567686,0.4653573376977632,0.1091703056768559,0.08433734939759036,0.44537346711259757,0.1444991789819376,0.08698030634573305,NA,0.24901960784313726,0.2679738562091504,0.04225352112676056,0.8774617067833698
CSCO,45,235819.10118,0.6157690172126596,0.12903225806451613,0.79003359462486,0.5818281335522715,0.3084061135371179,0.37043098745226405,0.644650655021834,0.48028477546549836,0.8015607580824972,0.782703886152162,0.7932166301969366,0.19521604938271606,0.8640522875816994,0.5313725490196078,0.795439302481556,0.18654266958424504
THO,25,5926.1831999999995,0.7667962243198223,0.8157463094587206,0.8527435610302352,0.7449370552818829,0.9050218340611353,0.8281505728314239,0.6555676855895196,0.7453450164293538,0.11817168338907469,0.37110016420361247,0.5393873085339168,0.18904320987654322,0.503921568627451,0.630718954248366,0.5325285043594903,0.45350109409190376
CTRA,10,19677.8104,0.9800111049416991,0.6435210497539638,0.973124300111982,0.7920087575259989,0.39792576419213976,0.8941625750136388,0.8837336244541485,0.9342825848849945,0.8110367892976589,0.5779967159277504,0.7565645514223195,0.14891975308641975,0.7150326797385621,0.46862745098039216,0.9094567404426559,0.8107221006564551
HOLX,35,18041.8095,0.4652970571904497,0.6681246582832149,0.9227323628219485,0.6299945265462507,0.30131004366812225,0.4784506273867976,0.449235807860262,0.5383351588170865,0.7525083612040134,0.46469622331691296,0.6143326039387309,0.15817901234567902,0.1823529411764706,0.16078431372549018,0.6847753185781355,0.6641137855579868
JOE,60,2982.9698399999997,0.13659078289838977,0.3991252050300711,0.049832026875699875,0.1899288451012589,0.1697598253275109,0.44789961811238405,0.4601528384279476,0.2946330777656079,0.3762541806020067,0.5522714833059661,0.6280087527352297,NA,NA,NA,0.36619718309859156,0.27188183807439825
VICR,20,1776.94795,0.23986674069961134,0.2689994532531438,0.641097424412094,0.3946360153256705,0.3078602620087336,0.508456082924168,0.5087336244541485,0.34994523548740414,0.664994425863991,0.5139573070607554,0.8090809628008753,NA,0.036601307189542465,0.05555555555555558,NA,0.4338074398249453
GVA,20,4343.760810000001,0.21765685730149917,0.08638600328048118,0.5078387458006719,0.28188286808976465,0.74617903930131,0.41243862520458263,0.29475982532751094,0.32913472070098576,0.1020066889632107,0.32457580733442803,0.399890590809628,NA,0.5457516339869282,0.54640522875817,0.5519785378940308,0.5951859956236324
KMPR,40,4578.57705,0.16379789006107717,0.8594860579551667,0.8712206047032475,0.1444991789819376,0.8209606986899564,0.7337697763229678,0.1009825327510917,0.15826944140197152,0.03400222965440357,0.17569786535303777,0.19584245076586435,NA,NA,NA,0.14285714285714285,0.23140043763676144
TYL,45,26927.84597402,0.3620210993892282,0.7195188627665391,0.5302351623740201,0.31198686371100165,0.09334061135371179,0.22695035460992907,0.27510917030567683,0.18948521358159912,0.5852842809364549,0.35741652983032296,0.5229759299781181,0.45447530864197533,0.8823529411764706,0.7784313725490196,0.7256874580818243,0.5142231947483589
BHE,45,1745.49453,0.6224319822320933,0.6014215418261345,0.7228443449048152,0.6808976464148878,0.898471615720524,0.7730496453900709,0.5780567685589519,0.6467688937568455,0.07246376811594203,0.36179529282977557,0.4759299781181619,NA,0.3529411764705882,0.5764705882352941,0.44533869885982563,0.5361050328227571
PARA,50,6795.0512,0.5935591338145475,0.910880262438491,0.7239641657334827,0.38095238095238093,0.9798034934497817,0.9978177850518276,0.021834061135371178,0.8012048192771084,0.3673355629877369,0.20689655172413793,0.19474835886214442,NA,0.6627450980392157,0.6954248366013072,0.29979879275653926,0.3933260393873085
TRMB,45,17819.85776,0.4314269850083287,0.07927829414980869,0.5951847704367301,0.4663382594417077,0.2827510917030568,0.4686306601200218,0.36080786026200873,0.307776560788609,0.7787068004459309,0.38587848932676516,0.537746170678337,0.7507716049382716,0.8300653594771241,0.834640522875817,0.4346076458752515,0.41520787746170673
EXPO,20,5010.91444,0.24708495280399778,0.28430836522689995,0.5582306830907056,0.3853311439518336,0.1408296943231441,0.15875613747954173,0.3902838427947598,0.2294633077765608,0.27814938684503904,0.8483853311439519,0.9316192560175055,0.6651234567901234,0.34248366013071896,0.26339869281045747,NA,0.49507658643326036
PRK,40,3076.0272400000003,0.5180455302609661,0.714598141060689,0.41265397536394177,0.608648056923919,0.2418122270742358,0.5788325150027278,0.6195414847161572,0.5826944140197152,0.9381270903010034,0.5385878489326765,0.3588621444201313,0.5424382716049383,NA,NA,NA,0.15536105032822756
AN,25,7092.27294,0.818989450305386,0.15254237288135597,0.6842105263157895,0.5933223864258347,0.9737991266375546,0.5297326786688489,0.9672489082969432,0.8307776560788609,0.15774804905239687,0.9255610290093049,0.800328227571116,0.10416666666666667,0.9104575163398693,0.9803921568627451,0.533869885982562,0.057986870897155374
MMSI,35,6055.1881,0.19211549139367018,0.056861673045380035,0.4328107502799552,0.3497536945812808,0.27292576419213976,0.3769776322967812,0.3422489082969432,0.31161007667031765,0.6443701226309922,0.4126984126984127,0.600656455142232,0.7523148148148148,0.0862745098039216,0.1287581699346405,0.7484909456740443,0.34245076586433265
ESE,20,3822.00273,0.32593003886729593,0.622744669218152,0.3779395296752519,0.3196496989600438,0.3329694323144105,0.5237315875613748,0.435589519650655,0.3608981380065717,0.5055741360089187,0.43787629994526545,0.6411378555798687,0.19290123456790123,0.4575163398692811,0.8274509803921568,0.8142186452045607,0.09354485776805255
CATY,40,3703.0599899999997,0.6618545252637423,0.45489338436303994,0.07726763717805152,0.8648056923918993,0.4601528384279476,0.8505182760501909,0.9181222707423581,0.9222343921139102,0.7134894091415831,0.6053639846743295,0.387308533916849,0.32947530864197533,NA,NA,NA,0.1444201312910285
MLI,20,9186.37595,0.609106052193226,0.12247129579004923,0.8986562150055991,0.735632183908046,0.4819868995633188,0.45280960174577195,0.7969432314410481,0.7207009857612268,0.31382385730211815,0.8445539135194308,0.9824945295404814,0.3819444444444444,0.06601307189542482,0.08431372549019611,0.9912810194500336,0.3643326039387309
DORM,25,4271.76966,0.6668517490283176,0.7802077638053582,0.38241881298992164,0.5424192665571976,0.5633187772925764,0.4757228587015821,0.5103711790393013,0.49780941949616647,0.44704570791527315,0.5457033388067871,0.6449671772428884,0.996141975308642,0.36274509803921573,0.9091503267973856,0.3615023474178404,0.4168490153172867
QDEL,35,2757.537,0.6096612992781788,0.815199562602515,0.8449048152295633,0.41379310344827586,0.8220524017467249,0.9901800327332242,0.23198689956331878,0.8696604600219058,0.693422519509476,0.2556102900930487,0.24288840262582057,0.0779320987654321,0.5562091503267974,0.7496732026143791,0.2676056338028169,0.40754923413566735
AZO,25,53577.90483616,0.5369239311493614,0.3646801530891197,0.5179171332586786,0.5150519978106185,0.45305676855895194,0.029459901800327332,0.699235807860262,0.5125958378970427,0.6783723522853957,0.060207991242474,0.9288840262582057,0.37962962962962965,0.8908496732026143,0.9444444444444444,0.6727028839704896,0.2981400437636762
REGN,35,81077.77259784,0.4414214325374792,0.22033898305084743,0.47256438969764836,0.615216201423098,0.21233624454148473,0.5270049099836334,0.6899563318777293,0.5060240963855421,0.9760312151616499,0.6628352490421456,0.8829321663019694,0.36574074074074076,0.08039215686274515,0.11372549019607847,0.9530516431924883,0.2970459518599562
X,15,9180.22167,0.6329816768461966,0.458720612356479,0.8997760358342666,0.10071154898741105,0.9246724890829694,0.9694489907255864,0.9219432314410481,0.9304490690032858,0.08918617614269789,0.43240284619594965,0.5831509846827133,0.05246913580246913,0.4875816993464053,0.39803921568627454,0.4352783366867874,0.6312910284463895
IONS,35,5638.658489999999,0.004441976679622432,0.1629305631492619,0.11702127659574468,0.09195402298850575,0.1812227074235808,0.15330060010911076,0.09552401746724891,0.05805038335158817,0.026198439241917504,0.042692939244663386,0.09518599562363239,NA,0.0771241830065359,0.060130718954248374,0.10462776659959759,0.30908096280087527
RDNT,35,6052.447520000001,0.1682398667406996,0.27720065609622746,0.3449048152295633,0.26929392446633826,0.35207423580786024,0.2176759410801964,0.25054585152838427,0.25958378970427165,0.3511705685618729,0.2638204707170224,0.25328227571115974,0.7623456790123457,0.6594771241830065,0.38954248366013067,0.22803487592219987,0.7614879649890591
HWC,40,5110.2428,0.6707384786229872,0.6522689994532531,0.15229563269876822,0.8336070060207992,0.4781659388646288,0.8554282596835788,0.8580786026200873,0.8838992332968236,0.8127090301003345,0.5232621784345922,0.33807439824945296,0.21296296296296297,NA,NA,NA,0.16083150984682715
ATGE,25,3427.05231,0.8622987229317046,0.7900492072170585,0.43337066069428887,0.7640941434044882,0.574235807860262,0.613202400436443,0.611353711790393,0.6533406352683461,0.697324414715719,0.4827586206896552,0.6105032822757112,0.7121913580246914,0.8830065359477124,0.5196078431372548,0.4862508383635144,0.6033916849015317
IDXX,35,34534.99875,0.48861743475846753,0.1569163477310005,0.4451287793952967,0.38752052545155996,0.13919213973799127,0.11129296235679215,0.43777292576419213,0.28039430449069,0.750278706800446,0.9655172413793104,0.9917943107221007,0.8256172839506173,0.5568627450980392,0.5222222222222221,0.898054996646546,0.29649890590809624
AES,55,9271.79208,0.4319822320932815,0.17441224712957903,0.6696528555431132,0.00875752599890531,0.87117903930131,0.3780687397708674,0.46124454148471616,0.7053669222343921,0.3076923076923077,0.6349206349206349,0.2778993435448578,NA,0.9320261437908497,0.7209150326797386,0.22199865861837692,0.6630196936542669
CRVL,35,6257.84022874,0.24486396446418657,0.19245489338436306,0.3964165733482643,0.29720853858784896,0.1653930131004367,0.10420076377523187,0.310589519650655,0.20974808324205915,0.24526198439241917,0.8801313628899836,0.9507658643326039,0.6188271604938271,0.5281045751633987,0.4725490196078431,NA,0.5798687089715536
VRTX,35,120557.05077,0.2698500832870627,0.10716238381629306,0.39977603583426646,0.43349753694581283,0.10589519650655022,0.2935079105291871,0.5065502183406113,0.3176341730558598,0.9743589743589743,0.7837985769020251,0.9485776805251641,0.3472222222222222,0.1444444444444445,0.11503267973856213,0.9684775318578136,0.10776805251641142
PRGS,45,2935.13105,0.5558023320377568,0.21377802077638053,0.3085106382978723,0.6759715380405036,0.3215065502183406,0.3158756137479542,0.43122270742358076,0.5098576122672508,0.9654403567447045,0.6666666666666666,0.5951859956236324,0.38580246913580246,0.8542483660130719,0.6045751633986929,0.4795439302481556,0.6832603938730853
ZBRA,45,20993.06,0.34980566352026654,0.8064516129032258,0.9356103023516238,0.21510673234811165,0.2920305676855895,0.2956901254773595,0.32368995633187775,0.27163198247535597,0.584726867335563,0.49917898193760263,0.5552516411378556,0.05555555555555555,0.8006535947712419,0.8803921568627451,0.48893360160965793,0.04431072210065645
MTG,40,6653.3649000000005,0.9555802332037757,0.452159650082012,0.7178051511758119,0.8719211822660099,0.2292576419213974,0.8597926895799236,0.9372270742358079,0.8997809419496167,0.9342251950947603,0.6299945265462507,0.8495623632385121,0.5270061728395061,NA,NA,0.8933601609657947,0.13183807439824946
HAE,35,4393.09328,0.3225985563575791,0.2159650082012028,0.3650615901455767,0.41981390257252327,0.3930131004366812,0.41843971631205673,0.46888646288209607,0.49069003285870755,0.7090301003344481,0.5944170771756979,0.6482494529540481,0.27314814814814814,0.292156862745098,0.46143790849673205,0.7672702883970489,0.3911378555798687
PRA,40,855.32832,0.16490838423098278,0.750683433570257,0.5918253079507279,0.08045977011494253,0.861353711790393,0.972176759410802,0.1222707423580786,0.3138006571741512,0.0379041248606466,0.22112753147235906,0.21936542669584244,NA,NA,NA,0.19517102615694165,0.1154266958424508
FIZZ,30,4623.64485,0.32481954469739033,0.07271733187534168,0.6377379619260919,0.5199781061850027,0.3395196506550218,0.2564102564102564,0.5933406113537117,0.4315443592552026,0.44481605351170567,0.8987411056376574,0.9885120350109409,0.591820987654321,0.1496732026143791,0.15751633986928104,NA,0.3944201312910285
BIIB,35,23406.842969999998,0.7878956135480288,0.3083652268999453,0.7569988801791714,0.6551724137931034,0.5343886462882096,0.8036006546644845,0.6975982532751092,0.7606790799561884,0.9096989966555183,0.421455938697318,0.5842450765864332,0.529320987654321,0.41699346405228754,0.6437908496732025,0.7404426559356136,0.2576586433260394
FCFS,40,4871.702719999999,0.37978900610771793,0.29086932750136685,0.332026875699888,0.685823754789272,0.6812227074235808,0.6382978723404256,0.6572052401746725,0.5772179627601315,0.18729096989966554,0.5314723590585659,0.6334792122538293,0.3256172839506173,0.14901960784313728,0.5875816993464053,0.4782025486250838,0.5322757111597374
AAON,20,11081.7152,0.3020544142143254,0.1897211591033352,0.13605823068309075,0.2567049808429119,0.13755458515283842,0.15057283142389524,0.34443231441048033,0.2322015334063527,0.4342251950947603,0.8243021346469622,0.9699124726477024,0.9699074074074074,0.20915032679738566,0.9026143790849673,0.9416498993963782,0.0661925601750547
BOKF,40,7621.70666,0.4142143253747918,0.49972662657189726,0.054871220604703286,NA,0.5191048034934498,0.812329514457174,0.8193231441048034,0.5503833515881709,0.7636566332218506,0.5194307608100711,0.3358862144420131,NA,NA,NA,NA,0.0929978118161926
STRL,20,5972.142849999999,0.5702387562465298,0.11919081465281578,0.37905935050391937,0.7509578544061303,0.42958515283842796,0.23949809056192034,0.4230349344978166,0.37568455640744797,0.1588628762541806,0.8073344280240832,0.7768052516411379,0.8811728395061729,0.6973856209150326,0.4228758169934641,0.6552649228705567,0.9633479212253829
TRNS,20,964.88311,0.2792892837312604,0.04866047020229636,0.35386338185890254,0.36288998357963875,0.35425764192139736,0.4320785597381342,0.32532751091703055,0.2907995618838992,0.4442586399108138,0.4318555008210181,0.6466083150984683,0.8757716049382716,0.2196078431372549,0.31176470588235294,0.7652582159624414,0.7335886214442013
ODFL,20,48066.93972,0.42420877290394227,0.21049753963914708,0.8040313549832027,0.3371647509578544,0.15884279475982532,0.19967266775777415,0.4557860262008734,0.3209200438116101,0.3779264214046823,0.8615216201423098,0.9819474835886215,0.37114197530864196,0.3928104575163399,0.3830065359477124,0.9986586183769283,0.6515317286652078
WNC,20,859.37271,0.991671293725708,0.21979223619464183,0.6483762597984323,0.9819376026272578,0.9606986899563319,0.800872885979269,0.99235807860262,0.9895947426067908,0.18115942028985507,0.9299397920087575,0.9518599562363238,0.9220679012345679,0.4326797385620915,0.5045751633986928,0.8323272971160295,0.6827133479212254
HMN,40,1706.53746,0.34147695724597443,0.48769819573537454,0.4977603583426652,0.9605911330049262,0.75764192139738,0.834151663938898,0.4650655021834061,0.20372398685651696,0.04124860646599777,0.3136288998357964,0.262035010940919,0.7916666666666666,NA,NA,0.19181757209926223,0.2800875273522976
OI,15,1948.5521999999999,0.6490838423098279,0.3920174958993986,0.5884658454647256,0.7318007662835249,0.9721615720524017,0.9045280960174578,0.10753275109170306,0.9605695509309967,0.27647714604236345,0.1986863711001642,0.2111597374179431,NA,0.7065359477124182,0.5823529411764705,0.37424547283702214,0.8063457330415755
AMSC,20,1343.7691800000002,0.053303720155469185,0.07654455986878073,0.09966405375139975,0.23371647509578544,0.14410480349344978,0.2204037097654119,0.20851528384279475,0.14238773274917854,0.26031215161649945,0.18226600985221675,0.1487964989059081,NA,0.39084967320261443,0.28169934640522876,NA,0.6608315098468271
QCOM,45,176126.83,0.7973348139922265,0.5079278294149809,0.931131019036954,0.6661193212917351,0.2680131004366812,0.24986361156573922,0.6260917030567685,0.45454545454545453,0.7240802675585284,0.89272030651341,0.9108315098468271,0.7013888888888888,0.3437908496732026,0.27647058823529413,0.784037558685446,0.7401531728665207
TTEK,20,11113.92891,0.3364797334813992,0.050300710770913026,0.1506159014557671,0.46360153256704983,0.519650655021834,0.2580469176213857,0.4388646288209607,0.3127053669222344,0.13879598662207357,0.7569786535303776,0.7751641137855579,0.49151234567901236,0.7594771241830065,0.8215686274509804,0.6887994634473508,0.37636761487964987
WT,40,1745.9427999999998,0.42309827873403666,0.918534718425369,0.2973124300111982,0.6228790366721402,0.2625545851528384,0.3496999454446263,0.75764192139738,0.3718510405257393,0.2536231884057971,0.8385331143951834,0.8315098468271335,0.7337962962962963,0.3673202614379085,0.2620915032679738,0.5620389000670691,0.07385120350109409
GILD,35,115379.30628,0.8595224875069406,0.7632586112629852,0.6948488241881299,0.7153804050355774,0.3182314410480349,0.39279869067103107,0.6937772925764192,0.6982475355969332,0.9710144927536232,0.8089764641488779,0.7910284463894968,0.3734567901234568,0.6163398692810458,0.40261437908496733,0.7464788732394366,0.437089715536105
SMG,15,4425.42854,0.6890616324264298,0.9753963914707491,0.8493840985442329,0.8549534756431308,0.743995633187773,0.03491543917075832,0.07205240174672489,0.41621029572836804,0.25863991081382387,0.993431855500821,0.11269146608315099,NA,0.46862745098039216,0.9411764705882353,0.2608987256874581,0.9715536105032823
ROP,45,60738.794760000004,0.6779566907273736,0.49261891744122477,0.312989921612542,0.48002189381499727,0.1326419213973799,0.5160938352427714,0.41593886462882096,0.29846659364731654,0.9370122630992196,0.41762452107279696,0.6110503282275711,0.8989197530864198,0.9797385620915032,0.8993464052287582,0.7551978537894031,0.33150984682713347
SNPS,45,86070.00933888,0.41921154913936703,0.2957900492072171,0.31410974244120937,0.34318555008210183,0.08788209606986899,0.16039279869067102,0.32805676855895194,0.20427163198247536,0.9459308807134894,0.7558839627805145,0.8780087527352297,0.41435185185185186,0.7490196078431373,0.4875816993464053,0.994634473507713,0.5295404814004376
MODG,25,1547.79808,0.45252637423653524,0.4133406232914161,0.4871220604703248,0.06677613574165299,0.9552401746724891,0.9956355701036552,0.769650655021834,0.676341730558598,0.45094760312151616,0.29009304871373837,0.3347921225382932,NA,0.49607843137254903,0.565359477124183,0.22266934942991282,0.38512035010940915
NBTB,40,2364.5613599999997,0.3792337590227651,0.21760524876981957,0.19316909294512874,0.7104542966611932,0.3728165938864629,0.7594108019639935,0.7041484716157205,0.7102957283680176,0.8695652173913043,0.4614121510673235,0.3211159737417943,0.3433641975308642,NA,NA,NA,0.1635667396061269
ICUI,35,4014.3968848400004,0.3220433092726263,0.8091853471842537,0.7071668533034714,0.3694581280788177,0.6419213973799127,0.7244953627932351,0.21179039301310043,0.4709748083242059,0.552396878483835,0.23700054734537493,0.21991247264770242,NA,0.29542483660130714,0.4954248366013072,0.20858484238765929,0.50054704595186
JACK,25,919.89435,0.6413103831204886,0.5735374521596501,0.30963045912653975,0.9425287356321839,0.9153930131004366,0.0016366612111292963,0.9661572052401747,0.6347207009857613,0.3311036789297659,0.14614121510673234,0.5793216630196937,0.5949074074074074,0.9633986928104575,0.6196078431372549,0.4010731052984574,0.36816192560175054
M,25,4504.53752,0.8789561354802887,0.8310552214324768,0.7911534154535275,0.9392446633825944,0.986353711790393,0.9509001636661211,0.42467248908296945,0.8455640744797371,0.4938684503901895,0.29118773946360155,0.2828227571115974,0.404320987654321,0.6379084967320261,0.7091503267973855,0.28101945003353457,0.7018599562363239
MHK,25,8763.088430000002,0.8861743475846752,0.8403499179879715,0.7849944008958567,0.8013136288998358,0.851528384279476,0.9154391707583197,0.11244541484716157,0.839539978094195,0.3450390189520624,0.20744389709906952,0.175054704595186,0.9745370370370371,0.47777777777777775,0.7457516339869281,0.670020120724346,0.8834792122538293
AGCO,20,7554.820449999999,0.9244863964464186,0.2230727173318754,0.32978723404255317,0.7848932676518884,0.9203056768558951,0.7828696126568467,0.9732532751091703,0.9698795180722891,0.29264214046822745,0.825944170771757,0.8440919037199125,0.6427469135802469,0.6013071895424836,0.8235294117647058,0.8900067069081153,0.09956236323851209
RNST,40,2391.35292,0.45197112715158244,0.598141060688901,0.13269876819708848,0.6486042692939245,0.49072052401746724,0.9274413529732679,0.7663755458515283,0.8209200438116101,0.7987736900780379,0.3700054734537493,0.3068927789934354,0.09876543209876543,NA,NA,NA,0.1334792122538293
STBA,40,1637.1453999999999,0.6518600777345919,0.47512301804264623,0.11534154535274355,0.8598795840175151,0.425764192139738,0.8712493180578287,0.898471615720524,0.8389923329682366,0.8500557413600892,0.5489874110563766,0.3862144420131291,0.2692901234567901,NA,NA,NA,0.1602844638949672
BKE,25,2644.81766,0.8450860632981677,0.4100601421541826,0.8029115341545353,0.8035030103995622,0.5829694323144105,0.3153300600109111,0.8853711790393013,0.7710843373493976,0.6181716833890747,0.9419813902572524,0.9857768052516411,0.4722222222222222,0.4156862745098039,0.24575163398692812,NA,0.4617067833698031
ARCB,20,2697.552,0.8506385341476957,0.7244395844723892,0.9210526315789473,0.48932676518883417,0.9006550218340611,0.6803055100927441,0.7199781659388647,0.7968236582694413,0.05351170568561873,0.5539135194307608,0.650984682713348,0.11574074074074074,0.6908496732026144,0.5241830065359477,0.8564721663313213,0.700765864332604
BSX,35,133617.15581999999,0.3725707940033315,0.3395297977036632,0.3600223964165733,0.31308155446086483,0.14028384279475983,0.29296235679214405,0.3078602620087336,0.2502738225629792,0.8539576365663322,0.4428024083196497,0.5984682713347921,0.8194444444444444,0.6620915032679738,0.7490196078431373,0.749832327297116,0.35722100656455147
KSS,25,1665.23286,0.9905607995558023,0.7873154729360307,0.7609182530795073,0.9906951286261632,0.9967248908296943,0.9950900163666121,0.9808951965065502,0.9227820372398685,0.4760312151616499,0.4236453201970443,0.43708971553610504,NA,0.6679738562091504,0.903921568627451,0.2944332662642522,0.6274617067833699
OLED,45,7808.28372,0.2248750694058856,0.3209404045926736,0.8101903695408734,0.30158730158730157,0.09606986899563319,0.35624659028914346,0.4585152838427948,0.28696604600219056,0.9297658862876255,0.6354679802955665,0.8823851203501094,0.5439814814814815,0.05032679738562096,0.07777777777777772,NA,0.055251641137855634
USPH,35,1490.7822,0.29650194336479735,0.18151995626025152,0.43113101903695406,0.6212370005473454,0.5169213973799127,0.5422804146208402,0.37882096069869,0.4194961664841183,0.22352285395763657,0.38040503557744937,0.4863238512035011,0.7029320987654321,0.35620915032679734,0.21895424836601307,0.6465459423205903,0.611597374179431
FCF,40,1916.57389,0.5008328706274292,0.17331875341716785,0.07222844344904811,0.7334428024083196,0.42467248908296945,0.817785051827605,0.8799126637554585,0.7782037239868566,0.8712374581939799,0.5971538040503558,0.38019693654266956,0.39891975308641975,NA,NA,NA,0.12636761487964987
CACC,40,6028.14252112,0.6357579122709606,0.28485511208310554,0.5817469204927211,0.9704433497536946,0.4115720524017467,0.5597381342062193,0.6812227074235808,0.46768893756845564,0.3851727982162765,0.6787082649151615,0.5508752735229759,0.4359567901234568,NA,NA,0.3333333333333333,0.8801969365426696
DHI,25,54207.0726,0.6996113270405331,0.2684527063969382,0.5789473684210527,0.5265462506841817,0.6997816593886463,0.6666666666666666,0.8968340611353712,0.7727272727272727,0.2670011148272018,0.7334428024083196,0.899890590809628,0.1705246913580247,NA,NA,0.9107981220657277,0.024617067833697992
COLB,40,6497.556310000001,0.35258189894503056,0.03444505194095138,0.017357222844344933,NA,0.5365720524017468,0.8652482269503546,0.7308951965065502,0.7661555312157722,0.7759197324414716,0.46852764094143406,0.30470459518599563,NA,NA,NA,NA,0.21225382932166303
SBUX,25,116169.148,0.40088839533592446,0.40131219245489336,0.6685330347144457,0.44608648056923916,0.40829694323144106,0.03218767048554282,0.5354803493449781,0.37677984665936476,0.2525083612040134,0.07881773399014778,0.8769146608315098,0.38425925925925924,0.9163398692810457,0.5810457516339869,0.704225352112676,0.7226477024070022
TSN,30,18437.6475,0.39700166574125484,0.7588846364133406,0.6909294512877939,0.1959496442255063,0.9585152838427947,0.9541734860883797,0.13646288209606988,0.5865279299014239,0.05518394648829431,0.22167487684729065,0.19967177242888404,0.05401234567901234,0.6529411764705882,0.8718954248366013,0.35747820254862506,0.6652078774617067
CAKE,25,2584.6656000000003,0.7779011660188784,0.5893931109896118,0.5688689809630458,0.4165298303229338,0.8629912663755459,0.24931805782869612,0.6020742358078602,0.38116100766703176,0.10312151616499443,0.8735632183908046,0.5295404814004376,0.6628086419753086,0.984967320261438,0.8836601307189542,0.7719651240778002,0.4764770240700219
ASGN,45,4046.51,0.8911715713492504,0.7479496992892292,0.7525195968645016,0.8653530377668309,0.8269650655021834,0.7004909983633388,0.7330786026200873,0.6987951807228916,0.31215161649944256,0.5435139573070608,0.6821663019693655,0.7291666666666666,0.3104575163398693,0.538562091503268,0.5674044265593562,0.6734135667396062
LFUS,45,6121.11605,0.668517490283176,0.5899398578458174,0.7984322508398656,0.6984126984126984,0.4978165938864629,0.629569012547736,0.6299126637554585,0.6259583789704272,0.4983277591973244,0.5259989053092501,0.7051422319474836,0.5779320987654321,0.16209150326797384,0.22026143790849673,0.7330650570087189,0.5475929978118161
MTX,15,2601.18573,0.7418101054969461,0.761071623838163,0.6304591265397537,0.6529830322933772,0.7565502183406113,0.8216039279869067,0.5338427947598253,0.7798466593647316,0.2887402452619844,0.3415435139573071,0.4535010940919037,0.9645061728395061,0.32810457516339864,0.41960784313725485,0.4869215291750503,0.5043763676148796
PDCO,35,1897.9108399999998,0.8262076624097724,0.6735921268452707,0.6416573348264278,0.009852216748768473,0.9699781659388647,0.7512274959083469,0.9235807860262009,0.8554216867469879,0.2028985507246377,0.6918445539135194,0.699671772428884,NA,0.657516339869281,0.8816993464052287,0.6613011401743796,0.003282275711159688
RDN,40,5330.31207,0.9167129372570794,0.3641334062329141,0.5671892497200448,0.8456486042692939,0.314410480349345,0.9214402618657938,0.9454148471615721,0.8893756845564075,0.8405797101449275,0.6272577996715928,0.7636761487964989,0.6766975308641975,NA,NA,0.7317236753856472,0.09026258205689275
KAI,20,4848.21866745,0.5563575791227096,0.5937670858392564,0.5201567749160134,0.4318555008210181,0.259825327510917,0.33006001091107473,0.43231441048034935,0.32201533406352684,0.5713489409141583,0.6633825944170771,0.824945295404814,0.8001543209876543,0.40326797385620916,0.5124183006535947,0.8591549295774648,0.486870897155361
LGND,35,2278.7772,0.2515269294836202,0.5505740841990159,0.9697648376259799,0.36398467432950193,0.07478165938864628,0.5280960174577196,0.4268558951965066,0.22343921139101863,0.9927536231884058,0.42638204707170224,0.7204595185995624,0.1396604938271605,0.018954248366013116,0.028758169934640532,0.8571428571428571,0.10393873085339167
SM,10,5170.54942,0.9811215991116047,0.25150355385456535,0.9636058230683091,0.8330596606458676,0.5704148471615721,0.8685215493726132,0.9759825327510917,0.9775465498357064,0.8812709030100334,0.8002189381499726,0.8949671772428884,0.21682098765432098,0.607843137254902,0.3287581699346406,0.6747149564050973,0.8780087527352297
UMBF,40,6123.66102,0.39922265408106605,0.20557681793329685,0.08566629339305709,0.7679255610290093,0.5010917030567685,0.7010365521003818,0.7505458515283843,0.9173055859802848,0.7118171683389075,0.5621237000547346,0.3074398249452954,0.23070987654320987,NA,NA,NA,0.162472647702407
IAC,50,3809.07107,0.5108273181565797,0.7189721159103335,0.9171332586786114,0.30596606458675424,0.8318777292576419,0.9869067103109657,0.8215065502183406,0.3548740416210296,0.8115942028985508,0.32348111658456485,0.4573304157549234,NA,0.33725490196078434,0.21437908496732028,0.14151576123407109,0.09682713347921224
WOLF,45,1223.49054,0.06662965019433648,0.1312192454893384,0.8840985442329228,5.473453749315818e-4,0.6861353711790393,0.8472449536279324,0.006550218340611353,0.07174151150054764,0.35674470457079155,0.08374384236453201,0.13183807439824946,NA,0.12026143790849675,0.10915032679738557,0.1301140174379611,0.06673960612691465
AORT,35,1237.4784,0.12770682953914492,0.5205030071077091,0.3493840985442329,0.277504105090312,0.3799126637554585,0.4342607746863066,0.15556768558951964,0.23658269441401972,0.7909698996655519,0.17679255610290093,0.16684901531728666,NA,0.10196078431372546,0.3176470588235294,0.17773306505700873,0.6509846827133479
PEBO,40,1246.6730400000001,0.6957245974458635,0.09677419354838712,0.05767077267637177,0.8680897646414888,0.537117903930131,0.8990725586470267,0.9055676855895196,0.8986856516976999,0.9013377926421404,0.5670498084291188,0.3714442013129103,0.5671296296296297,NA,NA,NA,0.17013129102844637
ALG,20,2411.397,0.5485841199333703,0.3603061782394751,0.37402015677491607,0.5440613026819924,0.7096069868995634,0.6050190943807965,0.74617903930131,0.6955093099671413,0.310479375696767,0.6546250684181719,0.8271334792122538,NA,0.161437908496732,0.7026143790849673,0.653252850435949,0.10940919037199126
INTU,45,179706.8549493,0.3942254303164908,0.19026790595954068,0.3387458006718925,0.4143404488232074,0.11735807860262008,0.21222040370976542,0.35152838427947597,0.23274917853231106,0.9264214046822743,0.6715927750410509,0.8227571115973742,0.43364197530864196,0.673202614379085,0.48235294117647054,0.8329979879275654,0.6542669584245077
LSTR,20,6568.739519999999,0.8312048861743476,0.8922908693275013,0.9602463605823068,0.6672140120415982,0.7467248908296943,0.3011456628477905,0.6124454148471615,0.5054764512595837,0.1716833890746934,0.8319649698960043,0.9031728665207878,0.22916666666666666,0.4163398692810457,0.38169934640522873,0.9651240778001341,0.6843544857768052
MCHP,45,36607.9717,0.9478067740144365,0.8086386003280481,0.8499440089585666,0.759168035030104,0.27565502183406115,0.35406437534097107,0.7145196506550219,0.6265060240963856,0.8021181716833891,0.8418171866447729,0.8648796498905909,0.3341049382716049,0.7222222222222222,0.8339869281045752,0.7920858484238766,0.636214442013129
SCVL,25,917.428,0.9022765130483065,0.4499726626571897,0.8152295632698768,0.7668308702791461,0.8542576419213974,0.7970540098199672,0.8717248908296943,0.7464403066812705,0.44871794871794873,0.5949644225506294,0.7324945295404814,NA,0.16013071895424835,0.3614379084967321,0.9852448021462106,0.5339168490153172
SYBT,40,2238.91756,0.3586896168795114,0.31820667031164573,0.14389697648376265,0.5927750410509032,0.2554585152838428,0.591380250954719,0.6855895196506551,0.6380065717415115,0.867335562987737,0.5987958401751505,0.3703501094091904,0.5246913580246914,NA,NA,NA,0.13074398249452956
CHDN,25,10444.658670000003,0.27595780122154356,0.24275560415527608,0.10582306830907051,0.20306513409961685,0.3193231441048035,0.24877250409165302,0.6091703056768559,0.400328587075575,0.4654403567447046,0.9436234263820471,0.6936542669584245,0.038580246913580245,0.9718954248366013,0.6555555555555556,0.3091884641180416,0.3698030634573304
BANF,40,4183.53012,0.5691282620766241,0.7113176599234554,0.11758118701007836,0.6316365626710454,0.2521834061135371,0.547190398254228,0.7085152838427947,0.9572836801752465,0.8690078037904125,0.6535303776683087,0.39606126914660833,0.4675925925925926,NA,NA,NA,0.14824945295404812
JBL,45,15327.46469,0.9600222098833981,0.9338436303991252,0.9193729003359462,0.69896004378763,0.9181222707423581,0.24768139661756683,0.9039301310043668,0.8378970427163198,0.07803790412486064,0.9480021893814997,0.7445295404814004,0.6535493827160493,0.7803921568627451,0.7640522875816993,0.6780684104627767,0.27516411378555794
ORLY,25,71772.33208807,0.441976679622432,0.29141607435757244,0.42049272116461367,0.44170771756978655,0.29475982532751094,0.04746317512274959,0.5376637554585153,0.35542168674698793,0.6521739130434783,0.021346469622331693,0.9491247264770241,0.3117283950617284,0.9241830065359478,0.9464052287581699,0.8209255533199196,0.562363238512035
SANM,45,4282.422479999999,0.5735702387562466,0.6659376708583926,0.34826427771556556,0.2846195949644226,0.9334061135371179,0.701582105837425,0.834061135371179,0.8849945235487404,0.06521739130434782,0.6486042692939245,0.6958424507658644,0.10030864197530864,0.43856209150326797,0.6235294117647059,0.790073775989269,0.08150984682713347
TCBK,40,1595.4617000000003,0.7134925041643532,0.718425369054128,0.2491601343784995,0.8095238095238095,0.4099344978165939,0.845608292416803,0.8411572052401747,0.7513691128148959,0.9108138238573021,0.5128626163108921,0.34682713347921224,0.3441358024691358,NA,NA,NA,0.15098468271334797
ATR,15,11509.277945430002,0.6574125485841199,0.423728813559322,0.5470324748040314,0.3918992884510126,0.4017467248908297,0.3818876159301691,0.43995633187772926,0.4403066812705367,0.4258639910813824,0.5894909688013136,0.7056892778993435,0.7353395061728395,0.7032679738562091,0.7738562091503268,0.7605633802816901,0.6761487964989059
GABC,40,1334.91644,0.7123820099944476,0.708037178786222,0.3292273236282195,0.776135741652983,0.3220524017467249,0.6901254773595199,0.7860262008733624,0.7579408543263965,0.9041248606465998,0.6168582375478927,0.37363238512035013,0.44598765432098764,NA,NA,NA,0.16739606126914663
RGA,40,15043.336941360001,0.6790671848972792,0.19409513395297973,0.3051511758118701,0.9857690202517789,0.8460698689956332,0.8466993998908893,0.7652838427947598,0.5848849945235487,0.05128205128205128,0.6070060207991242,0.324945295404814,0.9104938271604939,NA,NA,0.5090543259557344,0.41849015317286653
THRM,25,1304.258,0.6607440310938367,0.726079825041006,0.20660694288913772,0.7099069512862616,0.8286026200873362,0.7032187670485542,0.5158296943231441,0.787513691128149,0.2915273132664437,0.36288998357963875,0.5021881838074398,NA,0.388235294117647,0.5294117647058824,0.641851106639839,0.6531728665207878
BBSI,20,1112.95667,0.8223209328151028,0.46145434663750684,0.6455767077267638,0.6278051450465244,0.7920305676855895,0.3502454991816694,0.6604803493449781,0.5887185104052574,0.20624303232998886,0.8177339901477833,0.7308533916849015,0.9498456790123457,0.6699346405228759,0.4091503267973856,0.9872568745808182,0.3271334792122538
PZZA,25,1626.5508599999998,0.8400888395335925,0.6457080371787862,0.6382978723404256,0.7613574165298304,0.8608078602620087,0.00872885979268958,0.7074235807860262,0.6352683461117196,0.15997770345596432,0.13136288998357964,0.8057986870897156,0.9050925925925926,0.9150326797385621,0.8261437908496732,0.43326626425217973,0.8823851203501094
ALL,40,54917.49416999999,0.16268739589117157,0.44122471295790044,0.38521836506159013,0.7651888341543513,0.8122270742358079,0.44189852700491,0.23526200873362446,0.20153340635268346,0.03678929765886288,0.23973727422003285,0.2412472647702407,0.3449074074074074,NA,NA,0.19047619047619047,0.49726477024070026
LNW,25,8392.79232,0.5030538589672404,0.9054127938764353,0.3029115341545353,0.5632183908045977,0.4546943231441048,0.19476268412438624,0.3837336244541485,0.6445783132530121,0.8182831661092531,0.7131910235358512,0.47428884026258206,NA,0.44509803921568625,0.40326797385620916,0.28906773977196515,0.7073304157549234
PFC,40,993.15411,0.6601887840088839,0.604702022963368,0.18812989921612544,0.7580733442802409,0.5382096069868996,0.9312602291325696,0.9426855895196506,0.8373493975903614,0.7558528428093646,0.5561029009304871,0.3610503282275711,0.14429012345679013,NA,NA,NA,0.10831509846827136
TALO,10,2024.56125,0.8739589117157135,0.0388190267905959,0.8807390817469205,0.1685823754789272,0.7172489082969432,0.9487179487179487,0.9093886462882096,0.9835706462212487,0.8573021181716833,0.5292829775588396,0.6033916849015317,0.06327160493827161,0.9228758169934641,0.9202614379084968,0.215962441314554,0.7587527352297593
WINA,25,1449.9759648,0.5141588006662965,0.864406779661017,0.6237402015677491,0.45648604269293924,0.07423580786026202,0.03927986906710311,0.4787117903930131,0.28806133625410735,0.9949832775919732,0.05309250136836344,1,0.4513888888888889,0.5444444444444445,0.25555555555555554,0.8410462776659959,0.8845733041575492
INOD,20,1191.32,0.11438089950027762,0.11645708037178781,0.4171332586786114,0.23097974822112752,0.09443231441048035,0.08074195308237861,0.2445414847161572,0.16210295728368018,0.507803790412486,0.21674876847290642,0.20185995623632386,NA,0.6287581699346405,0.45686274509803926,0.3145539906103286,0.8807439824945296
MCRI,25,1544.8598900000002,0.9816768461965575,0.7681793329688354,0.5481522956326987,0.7941981390257252,0.42194323144104806,0.552645935624659,0.7281659388646288,0.7426067907995619,0.6516164994425864,0.6491516146688561,0.8681619256017505,0.6080246913580247,0.9581699346405229,0.6091503267973857,0.9577464788732394,0.8938730853391685
BWA,25,7505.784,0.9217101610216546,0.9579004920721705,0.858902575587906,0.7142857142857143,0.9197598253275109,0.8772504091653028,0.8875545851528385,0.9414019715224534,0.1978818283166109,0.48111658456486045,0.5574398249452954,0.2052469135802469,0.522875816993464,0.569281045751634,0.8054996646545942,0.4901531728665208
CASH,40,2023.1855999999998,0.9566907273736813,0.7069436850738109,0.3001119820828667,0.8686371100164204,0.5141921397379913,0.6121112929623568,0.9044759825327511,0.9633077765607886,0.9777034559643255,0.8045977011494253,0.449671772428884,NA,NA,NA,NA,0.4666301969365426
UHS,35,12036.575,0.8378678511937813,0.5347184253690541,0.5022396416573348,0.585112205801861,0.8406113537117904,0.7054009819967266,0.7631004366812227,0.735487404162103,0.0858416945373467,0.5544608648056923,0.62527352297593,0.8302469135802469,0.6294117647058823,0.918954248366013,0.5311871227364185,0.46115973741794314
BDC,45,4937.248799999999,0.6962798445308163,0.5833788955713505,0.7625979843225084,0.5604816639299398,0.6037117903930131,0.436442989634479,0.6943231441048034,0.5958378970427163,0.4882943143812709,0.7542419266557198,0.7461706783369803,0.5679012345679012,0.35163398692810455,0.3359477124183007,0.7391012743125419,0.3304157549234136
DECK,25,29770.636639220003,0.42032204330927264,0.12575177692728268,0.2637178051511758,0.47126436781609193,0.189410480349345,0.15766503000545554,0.45251091703056767,0.28203723986856516,0.6716833890746934,0.9025725232621784,0.9901531728665208,0.8402777777777778,0.19084967320261437,0.16797385620915029,0.9865861837692823,0.8008752735229759
IT,45,39950.01184866,0.5374791782343142,0.36796063422635317,0.46976483762597987,0.421455938697318,0.19213973799126638,0.07801418439716312,0.4115720524017467,0.2672508214676889,0.798216276477146,0.9835796387520526,0.861597374179431,0.5015432098765432,0.8647058823529412,0.6111111111111112,0.6921529175050302,0.42888402625820565
QCRH,40,1553.80359,0.7767906718489728,0.3663203936577365,0.07110862262038076,0.9775588396278051,0.4585152838427948,0.7424986361156574,0.8367903930131004,0.6538882803943045,0.7357859531772575,0.6081007115489874,0.37089715536105033,0.9390432098765432,NA,NA,NA,0.3971553610503282
AUB,40,3809.23811,0.36757357023875625,0.5369054127938764,0.13101903695408734,0.7411056376573618,0.3509825327510917,0.8117839607201309,0.7221615720524017,0.58105147864184,0.7513935340022296,0.4181718664477285,0.32330415754923414,0.24228395061728394,NA,NA,NA,0.16301969365426694
BYD,25,6527.527649999999,0.9300388672959466,0.732640787315473,0.5403135498320268,0.8040503557744937,0.6473799126637555,0.5150027277686852,0.915938864628821,0.8357064622124863,0.5735785953177257,0.8943623426382047,0.8222100656455142,0.30246913580246915,0.8738562091503268,0.5006535947712418,0.5640509725016767,0.5235229759299781
NVR,25,28297.817365119998,0.6568573014991671,0.1755057408419901,0.8393057110862262,0.6403940886699507,0.449235807860262,0.3098745226404801,0.7450873362445415,0.5815991237677984,0.2842809364548495,0.9053092501368364,0.986870897155361,0.31712962962962965,NA,NA,0.959758551307847,0.08260393873085337
FFIN,40,5917.518,0.35036091060521934,0.6571897211591033,0.3516237402015677,0.6009852216748769,0.14246724890829696,0.44844517184942717,0.5453056768558951,0.4452354874041621,0.8835005574136009,0.6245210727969349,0.3834792122538293,0.3595679012345679,NA,NA,NA,0.2018599562363238
ITRI,45,5344.5177,0.31371460299833426,0.30289775833788957,0.21892497200447925,0.35084838533114393,0.5185589519650655,0.4348063284233497,0.36844978165938863,0.32256297918948523,0.39520624303233,0.40339354132457583,0.5492341356673961,0.9938271604938271,0.4300653594771242,0.4764705882352941,0.8625083836351441,0.23741794310722097
FWRD,20,1062.32226,0.6507495835646863,0.010934937124111532,0.9652855543113101,0.9501915708812261,0.855349344978166,0.8587015821058375,0.6135371179039302,0.5580503833515882,0.2391304347826087,0.35358511220580185,0.4223194748358862,0.3055555555555556,0.6,0.42679738562091507,0.5023474178403756,0.7117067833698031
PTEN,10,3275.6304,0.9122709605774569,0.012575177692728312,0.04759238521836506,0.9036672140120416,0.8498908296943232,0.9830878341516639,0.8498908296943232,0.9786418400876232,0.36231884057971014,0.3968253968253968,0.5962800875273523,0.908179012345679,0.6202614379084967,0.7686274509803921,0.6673373574782026,0.9102844638949672
FLG,40,4968.92655,0.19156024430871738,0.09950792782941498,0.009518477043673035,0.5506294471811713,0.8449781659388647,0.9809056192034915,0.18449781659388648,0.7031763417305587,0.5635451505016722,0.24247400109469075,0.2461706783369803,0.0941358024691358,NA,NA,NA,0.16630196936542674
ROCK,20,2197.90204,0.9228206551915602,0.5243302351011482,0.7049272116461367,0.8368910782703887,0.6713973799126638,0.6410256410256411,0.7052401746724891,0.6840087623220154,0.3166109253065775,0.5801860974274767,0.7893873085339168,0.8688271604938271,0.4045751633986928,0.5457516339869282,0.9496981891348089,0.7696936542669585
VSEC,20,2393.51112,0.18267629094947252,0.06943685073810824,0.8488241881298992,0.17898193760262726,0.4672489082969432,0.45717403164211673,0.3673580786026201,0.3132530120481928,0.09866220735785954,0.41379310344827586,0.5350109409190372,NA,0.27254901960784317,0.9588235294117647,0.38967136150234744,0.03446389496717728
UFPI,20,8252.52689275,0.861188228761799,0.30453799890650624,0.9535274356103024,0.8396278051450465,0.7658296943231441,0.5733769776322968,0.7756550218340611,0.7530120481927711,0.18227424749163879,0.7115489874110563,0.8927789934354485,0.5817901234567902,0.12483660130718954,0.1705882352941176,0.9443326626425218,0.8555798687089715
VIAV,45,2204.82122,0.36424208772903943,0.88627665390924,0.851063829787234,0.5905856595511768,0.5649563318777293,0.5210038188761593,0.19596069868995633,0.3422782037239869,0.7474916387959866,0.21784345922276957,0.20678336980306344,0.7253086419753086,0.17581699346405233,0.17189542483660136,0.24748490945674045,0.7417943107221007
URBN,25,4496.609479999999,0.8850638534147696,0.25041006014215417,0.4798432250839866,0.7487684729064039,0.8324235807860262,0.6693944353518821,0.7822052401746725,0.6905805038335159,0.4136008918617614,0.6316365626710454,0.736870897155361,NA,0.6758169934640523,0.5248366013071896,0.9409792085848424,0.6022975929978118
INCY,35,14369.7635,0.35424764019988897,0.1837069436850738,0.4423292273236282,0.47783251231527096,0.33897379912663755,0.5662847790507365,0.625,0.5334063526834611,0.9955406911928651,0.571975916803503,0.8085339168490153,0.1875,0.16274509803921566,0.12549019607843137,0.9825620389000671,0.08041575492341357
MHO,25,4489.64115,0.9805663520266519,0.33734281027884094,0.7402015677491601,0.9080459770114943,0.7712882096069869,0.7370430987452264,0.9323144104803494,0.8384446878422782,0.25585284280936454,0.7411056376573618,0.8687089715536105,0.9158950617283951,NA,NA,0.9275653923541247,0.3172866520787746
SHOO,25,3290.46578,0.7395891171571349,0.37725533078184803,0.8118701007838746,0.7131910235358512,0.6604803493449781,0.45062738679759956,0.7156113537117904,0.5854326396495071,0.5089186176142698,0.7482211275314724,0.8900437636761488,0.33641975308641975,0.3601307189542484,0.4666666666666667,NA,0.5038293216630196
UFPT,35,2478.08815674,0.35091615769017215,0.3870967741935484,0.3437849944008958,0.30377668308702793,0.2101528384279476,0.23731587561374795,0.36790393013100436,0.2508214676889376,0.32608695652173914,0.6841817186644773,0.8572210065645515,0.9737654320987654,0.30718954248366015,0.8725490196078431,0.8397048960429242,0.0940919037199125
ARWR,35,3237.5072800000003,0.029428095502498614,0.2733734281027884,0.7082866741321389,0.05363984674329502,0.09770742358078603,0.1783960720130933,0.09716157205240175,0.05859802847754655,0.022296544035674472,0.05582922824302135,0.05689277899343545,NA,0.14509803921568631,0.08954248366013073,0.07109322602280349,0.6870897155361051
VLY,40,5419.675520000001,0.46640755136035533,0.4188080918534719,0.05151175811870101,0.6639299397920088,0.6670305676855895,0.9601745771958538,0.9077510917030568,0.8822562979189486,0.6616499442586399,0.4050355774493706,0.3063457330415755,0.09799382716049383,NA,NA,NA,0.11487964989059085
EMN,15,12138.40936,0.9078289838978345,0.7200656096227447,0.8885778275475924,0.5949644225506294,0.7287117903930131,0.6928532460447354,0.8422489082969432,0.6998904709748083,0.28762541806020064,0.675424192665572,0.6766958424507659,0.7283950617283951,0.6470588235294117,0.734640522875817,0.49966465459423204,0.40426695842450766
VMI,20,6969.37489965,0.5341476957245974,0.7851284855112083,0.7687569988801792,0.4575807334428024,0.6599344978165939,0.37370430987452263,0.39737991266375544,0.54216867469879515,0.35841694537346713,0.4838533114395183,0.561816192560175,0.38117283950617287,0.30980392156862746,0.6686274509803922,0.664654594232059,0.5191466083150984
AGM,40,1997.01185,0.4153248195446974,0.34937124111536355,0.02519596864501683,0.9677066228790366,0.7117903930131004,0.3993453355155483,0.9268558951965066,0.42606790799561883,0.9905239687848384,0.7881773399014779,0.28938730853391686,0.16126543209876543,NA,NA,0.2266934942991281,0.19748358862144422
ALB,15,12659.058,0.29594669627984455,0.15965008201202846,0.13829787234042556,0.07772304324028462,0.7298034934497817,0.8723404255319149,0.9519650655021834,0.42168674698795183,0.13099219620958752,0.7049808429118773,0.8025164113785558,0.02546296296296296,0.59934640522875815,0.6973856209150326,0.3199195171026157,0.08479212253829327
BZH,25,1085.1975,0.926152137701277,0.38162930563149267,0.7821948488241881,0.9370552818828681,0.9284934497816594,0.9378068739770867,0.9694323144104804,0.7820372398685652,0.17001114827201783,0.6475095785440613,0.7138949671772429,0.8626543209876543,NA,NA,0.34473507712944335,0.21663019693654262
MLM,15,36670.8,0.3753470294280955,0.6632039365773648,0.41097424412094063,0.40339354132457583,0.24344978165938866,0.430987452264048,0.5382096069868996,0.41018619934282585,0.44258639910813824,0.6513409961685823,0.7549234135667396,0.7847222222222222,0.19673202614379082,0.29803921568627456,0.7122736418511066,0.31236323851203496
TSCO,25,30307.02019839,0.6463076068850638,0.338436303991252,0.6175811870100785,0.35686918445539134,0.5851528384279476,0.16312056737588654,0.5753275109170306,0.42004381161007665,0.42251950947603123,0.9408866995073891,0.8791028446389497,0.44753086419753085,0.5856209150326797,0.7692810457516339,0.9161636485580148,0.3451859956236324
BCRX,35,1553.3925,0.14769572459744587,0.8840896664844177,0.20044792833146696,0.08264915161466886,0.2843886462882096,0.008183306055646482,0.03766375545851528,0.06955093099671412,0.9988851727982163,0.9496442255062945,0.02461706783369803,NA,0.2013071895424836,0.14183006535947718,0.14218645204560698,0.975382932166302
CPRT,20,61078.03992,0.1526929483620211,0.10880262438490984,0.42833146696528557,0.3322386425834702,0.0906113537117904,0.25368248772504093,0.41320960698689957,0.25848849945235486,0.5997770345596433,0.7389162561576355,0.9513129102844639,0.5493827160493827,0.05882352941176472,0.056862745098039236,NA,0.2554704595185996
SCSC,45,1200.66538,0.9750138811771238,0.9529797703663204,0.8964165733482643,0.9885057471264368,0.9536026200873362,0.8663393344244408,0.7849344978165939,0.7623220153340635,0.08639910813823858,0.4329501915708812,0.5563457330415755,NA,0.39346405228758174,0.6660130718954249,0.6452045606975184,0.9234135667396062
EXP,15,10362.10389543,0.6451971127151582,0.42208857299070535,0.5397536394176932,0.5774493705528189,0.2914847161572052,0.3016912165848336,0.6708515283842795,0.5262869660460022,0.43645484949832775,0.9003831417624522,0.936542669584245,0.47608024691358025,0.28104575163398693,0.807843137254902,0.8115358819584172,0.38074398249452956
AEO,25,3695.3113599999997,0.9594669627984453,0.515582285401859,0.5319148936170213,0.8812260536398467,0.8799126637554585,0.6699399890889253,0.6697598253275109,0.8723986856516976,0.46098104793756967,0.49589490968801314,0.6072210065645515,0.8958333333333334,0.542483660130719,0.503921568627451,0.9845741113346748,0.8610503282275711
ABCB,40,4854.02876,0.5674625208217657,0.6752323674138874,0.14837625979843228,0.8921729611384783,0.4104803493449782,0.8314238952536824,0.7407205240174672,0.8417305585980285,0.7313266443701226,0.41488779419813904,0.33424507658643327,0.19135802469135801,NA,NA,NA,0.24015317286652083
PENN,25,3285.1344,0.3709050527484731,0.9097867687260799,0.6954087346024636,0.45046524356869183,0.9213973799126638,0.9367157665030006,0.034388646288209604,0.45618838992332966,0.43868450390189523,0.1620142309797482,0.18216630196936542,0.08796296296296297,0.7660130718954248,0.40588235294117647,0.18779342723004694,0.5962800875273523
SSD,20,7943.69717836,0.5308162132148806,0.34882449425915796,0.555431131019037,0.5752599890530925,0.36844978165938863,0.41080196399345337,0.6528384279475983,0.5339539978094195,0.6031215161649944,0.7805145046524357,0.8982494529540481,0.4529320987654321,0.16732026143790846,0.2751633986928105,0.93158953722334,0.36487964989059085
GBX,20,2132.412,0.7656857301499167,0.3843630399125205,0.8583426651735722,0.13574165298303228,0.9028384279475983,0.8319694489907256,0.8487991266375546,0.8077765607886089,0.15663322185061315,0.5626710454296662,0.5486870897155361,NA,NA,NA,NA,0.4699124726477024
MATW,25,922.95632,0.6135480288728484,0.6916347731000547,0.49832026875699886,0.46798029556650245,0.9290393013100436,0.7921440261865794,0.63264192139738,0.8138006571741512,0.3907469342251951,0.4017515051997811,0.4261487964989059,0.1558641975308642,0.5248366013071896,0.8614379084967321,0.35144198524480214,0.31017505470459517
AMED,35,2994.0431399999998,0.5746807329261522,0.5008201202843083,0.6735722284434491,0.5900383141762452,0.7254366812227074,0.575013638843426,0.23580786026200873,0.5279299014238773,0.5434782608695652,0.24466338259441708,0.22538293216630198,0.48302469135802467,0.7973856209150327,0.6562091503267974,0.6177062374245473,0.7035010940919038
RS,15,17385.5082588,0.7956690727373681,0.6353198469108803,0.8896976483762598,0.7493158182813355,0.7603711790393013,0.6721222040370977,0.8586244541484717,0.7842278203723987,0.34002229654403565,0.7033388067870826,0.8851203501094091,0.2623456790123457,0.08104575163398697,0.2549019607843137,0.7853789403085177,0.39989059080962797
SIRI,50,9141.4939,0.8983897834536368,0.5341716785128485,0.6937290033594625,0.9206349206349206,0.7974890829694323,0.014184397163120567,0.962882096069869,0.8795180722891566,0.6426978818283167,0.08866995073891626,0.87527352297593,0.30787037037037035,0.9888888888888889,0.9098039215686274,0.5043594902749833,0.6126914660831511
DAR,30,6446.215440000001,0.7029428095502499,0.1437944231820667,0.5772676371780515,0.6502463054187192,0.8144104803493449,0.8739770867430442,0.9279475982532751,0.7349397590361446,0.2329988851727982,0.6442255062944718,0.6980306345733042,0.3248456790123457,0.45228758169934635,0.8333333333333334,0.32193158953722334,0.33807439824945296
COF,40,73253.7312849,0.6546363131593559,0.4592673592126846,0.15117581187010076,0.9846743295019157,0.6965065502183406,0.8003273322422259,0.8013100436681223,0.8576122672508215,0.18561872909698995,0.48056923918992883,0.3320568927789934,0.7229938271604939,NA,NA,0.38832997987927564,0.4102844638949672
MCK,35,79781.79,0.36646307606885065,0.3389830508474576,0.3729003359462486,0.6201423097974822,0.9748908296943232,0.054009819967266774,0.5835152838427947,0.4370208105147864,0.042363433667781496,0.025177887246852763,0.5940919037199125,0.29012345679012347,0.8620915032679739,0.8777777777777778,0.8370221327967807,0.2937636761487965
UHAL,20,1385.6973600000001,0.8234314269850084,0.455986878075451,0.7721164613661814,0.0016420361247947454,0.9776200873362445,0.9989088925259137,0.9972707423580786,0.9824753559693319,0.3177257525083612,0.4630541871921182,0.5114879649890591,NA,NA,NA,0.40040241448692154,0.5049234135667395
NWBI,40,1870.232,0.5302609661299278,0.5997813012575177,0.16909294512877937,0.5998905309250137,0.486353711790393,0.8903436988543372,0.8307860262008734,0.8220153340635268,0.8756967670011149,0.4521072796934866,0.3200218818380744,0.1736111111111111,NA,NA,NA,0.11159737417943105
VECO,45,1582.4028600000001,0.20210993892282064,0.3198469108802624,0.6024636058230683,0.37766830870279144,0.5354803493449781,0.6328423349699945,0.1730349344978166,0.47426067907995617,0.5507246376811594,0.2112753147235906,0.1898249452954048,0.14351851851851852,0.20718954248366017,0.23464052287581705,0.5928906773977196,0.7303063457330417
NSIT,45,4969.1649,0.9372570794003331,0.12356478950246041,0.8818589025755879,0.896551724137931,0.915938864628821,0.5591925804691762,0.7472707423580786,0.6418400876232202,0.15384615384615385,0.6732348111658456,0.6083150984682714,0.9945987654320988,0.677124183006536,0.8901960784313725,0.7531857813547954,0.6198030634573304
UPBD,25,1881.133,0.7634647418101055,0.7583378895571351,0.7973124300111982,0.7881773399014779,0.9344978165938864,0.536279323513366,0.2390829694323144,0.9961664841182913,0.935340022296544,0.24302134646962234,0.24070021881838075,0.13348765432098766,NA,NA,0.3675385647216633,0.7138949671772429
AZTA,35,2106.3904300000004,0.14658523042754026,0.9808638600328048,0.24300111982082861,0.19430760810071154,0.412117903930131,0.967266775777414,0.21888646288209607,0.1801752464403067,0.6020066889632107,0.2534209085933224,0.23030634573304157,NA,0.06143790849673203,0.06993464052287579,NA,0.2210065645514223
SNEX,40,3313.0568000000003,0.4614103275957801,0.27884089666484413,0.8297872340425532,0.16748768472906403,0.9983624454148472,0.6273867975995635,0.8296943231441049,0.9561883899233297,0.037346711259754736,0.7296113847837986,0.34299781181619254,NA,NA,NA,0.23943661971830985,0.08698030634573306
ACIW,45,5959.79298,0.3870072182121044,0.36960087479496995,0.6270996640537514,0.42528735632183906,0.32751091703056767,0.41680305510092747,0.3941048034934498,0.42552026286966044,0.6153846153846154,0.4789272030651341,0.5322757111597374,0.6057098765432098,0.6437908496732025,0.7973856209150327,0.4084507042253521,0.2532822757111597
WDFC,30,3755.67786,0.42254303164908386,0.5811919081465282,0.41377379619260923,0.39846743295019155,0.20305676855895197,0.14402618657937807,0.375,0.2447973713033954,0.653288740245262,0.8631636562671046,0.9223194748358862,0.42746913580246915,0.3111111111111111,0.5359477124183006,0.8779342723004695,0.5514223194748359
DLTR,30,15325.330639999998,0.7928928373126041,0.8529250956806999,0.4658454647256439,0.535303776683087,0.9263100436681223,0.7152209492635024,0.09497816593886463,0.7552026286966046,0.379041248606466,0.16967706622879036,0.16356673960612692,0.7492283950617284,0.6673202614379086,0.8091503267973856,0.8316566063044937,0.936542669584245
STGW,50,876.77514,0.6724042198778456,0.8780754510661564,0.7978723404255319,0.7777777777777778,0.959061135371179,0.651936715766503,0.24781659388646288,0.7935377875136911,0.42028985507246375,0.25779967159277506,0.24726477024070023,0.09645061728395062,0.918954248366013,0.8784313725490196,0.22736418511066397,0.3025164113785558
COR,35,48619.584,0.7595780122154359,0.2744669218151996,0.41545352743561026,0.7586206896551724,0.9868995633187773,0.11511183851609383,0.5649563318777293,0.5257393209200438,0.039576365663322184,0.9972632731253421,0.4803063457330416,0.7361111111111112,0.8758169934640523,0.9248366013071896,0.7069081153588196,0.4305251641137856
WAFD,40,2975.89274,0.6202109938922821,0.11044286495352651,0.14165733482642773,0.9315818281335523,0.5873362445414847,0.8810692853246045,0.8045851528384279,0.7667031763417306,0.6003344481605352,0.4258347016967707,0.30087527352297594,0.8425925925925926,NA,NA,NA,0.2221006564551422
CBZ,20,4144.52504,0.40921710161021657,0.32476763258611263,0.3505039193729004,0.46852764094143406,0.4950873362445415,0.37424986361156576,0.49672489082969434,0.34775465498357067,0.12486064659977704,0.6579091406677614,0.6827133479212254,0.5300925925925926,0.7209150326797386,0.8967320261437909,0.6800804828973843,0.2658643326039387
COOP,40,6313.301280000001,0.526929483620211,0.2618917441224713,0.9563269876819709,0.9310344827586207,0.37609170305676853,0.8128750681942172,0.8700873362445415,0.3849945235487404,0.4537346711259755,0.5571975916803503,0.5382932166301969,0.10339506172839506,NA,NA,0.22334004024144868,0.3741794310722101
HLIT,45,1493.88896,0.6124375347029428,0.34226353198469106,0.748040313549832,0.22495894909688013,0.5201965065502183,0.49372613202400434,0.7445414847161572,0.23603504928806135,0.649386845039019,0.765736179529283,0.8544857768052516,NA,0.7143790849673203,0.6379084967320261,0.7491616364855801,0.01641137855579866
DRI,25,20711.725,0.781787895613548,0.2755604155276107,0.44904815229563266,0.6217843459222769,0.634825327510917,0.24277141298417895,0.7003275109170306,0.5180722891566265,0.18394648829431437,0.922824302134647,0.812910284463895,0.4791666666666667,0.9928104575163399,0.8640522875816994,0.7062374245472837,0.5782275711159737
GIC,20,1080.02575,0.9172681843420322,0.23127392017495896,0.4322508398656215,0.856048166392994,0.837882096069869,0.4228041462084015,0.7953056768558951,0.6861993428258488,0.3896321070234114,0.8527640941434045,0.9097374179431073,0.8719135802469136,0.44248366013071894,0.7529411764705882,NA,0.762582056892779
WAB,20,34484.571800000005,0.39755691282620764,0.5806451612903225,0.29955207166853304,0.4521072796934866,0.37172489082969434,0.5182760501909438,0.4279475982532751,0.38608981380065716,0.3729096989966555,0.4072249589490969,0.5771334792122538,0.5570987654320988,0.7202614379084967,0.803921568627451,0.5895372233400402,0.29759299781181614
LECO,20,12327.952479999998,0.6596335369239311,0.4127938764352105,0.3812989921612542,0.6097427476737821,0.44377729257641924,0.2182214948172395,0.6490174672489083,0.47371303395399783,0.4414715719063545,0.9239189928845101,0.9359956236323851,0.8101851851851852,0.3647058823529412,0.49869281045751634,0.8061703554661301,0.43654266958424504
RMD,35,36555.13992,0.676846196557468,0.6205576817933297,0.3913773796192609,0.5106732348111659,0.16703056768558952,0.2744135297326787,0.4808951965065502,0.3307776560788609,0.7123745819397993,0.7766830870279147,0.9168490153172867,0.8572530864197531,0.2875816993464052,0.6751633986928105,0.880617035546613,0.5902625820568927
FCX,15,63512.2176,0.4292059966685175,0.5702569710224166,0.6718924972004479,0.2681992337164751,0.4683406113537118,0.5395526459356247,0.4950873362445415,0.8406352683461117,0.48773690078037907,0.5391351943076081,0.5257111597374179,0.11188271604938271,0.322875816993464,0.31699346405228757,0.6941649899396378,0.6695842450765864
WABC,40,1527.23978,0.9117157134925041,0.91470749043193,0.19540873460246355,0.8642583470169677,0.2865720524017467,0.6999454446262957,0.9355895196506551,0.9359255202628697,0.9994425863991081,0.7920087575259989,0.44912472647702406,0.6813271604938271,NA,NA,NA,0.12746170678336977
IART,35,1896.69112,0.5541365907828983,0.7987971569163477,0.6808510638297872,0.541871921182266,0.7521834061135371,0.900709219858156,0.5627729257641921,0.8088718510405257,0.810479375696767,0.31417624521072796,0.4026258205689278,0.12191358024691358,0.1843137254901961,0.32091503267973853,0.5204560697518444,0.2828227571115973
KFRC,20,1144.6091999999999,0.9777901166018879,0.9190814652815746,0.8628219484882419,0.7690202517788725,0.8646288209606987,0.28205128205128205,0.7270742358078602,0.6297918948521358,0.2959866220735786,0.8877941981390257,0.9321663019693655,0.4583333333333333,0.3339869281045752,0.9967320261437909,0.9631120053655265,0.74945295404814
MD,35,1284.7648000000002,0.5985563575791227,0.8753417167851285,0.6349384098544233,0.7969348659003831,0.892467248908297,0.8199672667757774,0.11790393013100436,0.7568455640744798,0.18171683389074694,0.19759168035030103,0.18654266958424506,0.2986111111111111,0.6993464052287581,0.5320261437908497,0.4493628437290409,0.7647702407002188
THG,40,5945.80496967,0.1665741254858412,0.49316566429743025,0.4249720044792833,0.6874657909140668,0.8067685589519651,0.6224768139661757,0.27347161572052403,0.19058050383351588,0.03567447045707915,0.2731253420908593,0.25820568927789933,0.17669753086419754,NA,NA,0.3085177733065057,0.32002188183807445
DVA,35,13625.939999999999,0.9194891726818434,0.7173318753417168,0.5587905935050392,0.879584017515052,0.769650655021834,0.2629569012547736,0.7079694323144105,0.7201533406352684,0.35228539576365664,0.963327859879584,0.562363238512035,0.7330246913580247,0.7287581699346406,0.773202614379085,0.4647887323943662,0.7483588621444202
ERIE,40,20349.02584,0.21154913936701833,0.2821213778020777,0.3113101903695409,0.31800766283524906,0.20851528384279475,0.1756683033278778,0.4093886462882096,0.2475355969331873,0.13823857302118173,0.8379857690202518,0.9600656455142232,0.42901234567901236,0.6640522875816993,0.6320261437908496,NA,0.05689277899343548
MYGN,35,1481.13945,0.18212104386451972,0.8540185893931109,0.3891377379619261,0.043787629994526546,0.6026200873362445,0.7146753955264593,0.026746724890829694,0.08105147864184009,0.8366778149386845,0.1056376573617953,0.06783369803063458,NA,0.41437908496732023,0.34509803921568627,0.034875922199865864,0.888402625820569
POOL,25,14350.53704,0.8972792892837312,0.8365226899945325,0.8622620380739081,0.6792556102900931,0.49836244541484714,0.20021822149481724,0.5731441048034934,0.39868565169769987,0.3394648829431438,0.9074986316365626,0.9163019693654267,0.8155864197530864,0.338562091503268,0.8810457516339869,NA,0.8282275711159738
AEIS,45,4333.90192,0.3187118267629095,0.0918534718425369,0.8611422172452408,0.4969896004378763,0.4923580786026201,0.46699399890889254,0.5092794759825328,0.3910186199342826,0.45429208472686733,0.5528188286808976,0.6542669584245077,0.5825617283950617,0.09738562091503267,0.11764705882352944,0.6995305164319249,0.4179431072210066
BANR,40,2570.2968100000003,0.7740144364242088,0.7446692181519956,0.2844344904815229,0.8390804597701149,0.3837336244541485,0.7894162575013639,0.8275109170305677,0.7508214676889375,0.9347826086956522,0.5517241379310345,0.34573304157549234,0.5138888888888888,NA,NA,NA,0.18326039387308535
HSIC,35,9606.671049999999,0.5880066629650195,0.12465828321487149,0.7418812989921613,0.5216201423097975,0.8548034934497817,0.5957446808510638,0.6413755458515283,0.6056955093099672,0.3517279821627648,0.5473453749315819,0.5754923413566739,0.26774691358024694,0.5130718954248366,0.9130718954248366,0.6827632461435278,0.21881838074398252
NTAP,45,24933.44784,0.9006107717934481,0.6708583925642427,0.7161254199328108,0.7027914614121511,0.3346069868995633,0.11838516093835243,0.6048034934497817,0.4846659364731654,0.8684503901895206,0.9666119321291735,0.8260393873085339,0.7924382716049383,0.7248366013071895,0.3856209150326797,0.8584842387659289,0.6909190371991247
SAM,30,2978.0319858299995,0.8589672404219878,0.6714051394204483,0.7676371780515118,0.7367268746579091,0.6954148471615721,0.602291325695581,0.45360262008733626,0.6035049288061336,0.5730211817168339,0.3787629994526546,0.6329321663019694,0.8055555555555556,0.3620915032679739,0.2431372549019608,0.993963782696177,0.8949671772428884
EL,30,16835.40432,0.9039422543031649,0.9026790595954073,0.734602463605823,0.8144499178981938,0.7816593886462883,0.5515548281505729,0.42139737991266374,0.7458926615553122,0.8935340022296544,0.3825944170771757,0.3977024070021882,0.8271604938271605,0.6326797385620915,0.4607843137254902,0.4788732394366197,0.7685995623632385
WAT,35,22843.134720000002,0.3348139922265408,0.055221432476763255,0.6920492721164614,0.3585112205801861,0.16866812227074235,0.12274959083469722,0.4847161572052402,0.32694414019715223,0.7664437012263099,0.9627805145046524,0.9310722100656456,0.46064814814814814,0.36797385620915035,0.5104575163398692,0.7002012072434608,0.0908096280087527
CLB,10,955.4325000000001,0.3759022765130483,0.6396938217605248,0.5711086226203808,0.32457580733442803,0.6184497816593887,0.4402618657937807,0.5944323144104804,0.45728368017524645,0.18896321070234115,0.6984126984126984,0.6909190371991247,0.42824074074074076,0.29607843137254897,0.7823529411764706,0.4574111334674715,0.06783369803063455
TGTX,35,5417.142,0.0555247084952804,0.028977583378895555,5.599104143336753e-4,0.20634920634920634,0.05895196506550218,0.088379705400982,0.259825327510917,0.16100766703176342,0.9916387959866221,0.5440613026819924,0.6066739606126915,NA,0.07516339869281041,0.08300653594771246,0.2622401073105298,0.007658643326039383
EME,20,23466.54024,0.5763464741810106,0.14762165117550574,0.33314669652855544,0.50519978106185,0.6217248908296943,0.2198581560283688,0.4737991266375546,0.34008762322015335,0.1399108138238573,0.836343732895457,0.8326039387308534,0.8047839506172839,0.6882352941176471,0.7215686274509804,0.9450033534540577,0.5
AMRX,35,2562.4098799999997,0.5946696279844531,0.9168944778567523,0.4613661814109743,0.8998357963875205,0.7849344978165939,0.06710310965630115,0.13973799126637554,0.6681270536692223,0.540133779264214,0.07006020799124248,0.1936542669584245,0.9915123456790124,0.5352941176470588,0.8457516339869281,0.21260898725687458,0.863238512035011
HIG,40,35746.45921,0.7373681288173237,0.4565336249316566,0.37737961926091823,0.8888888888888888,0.7014192139737991,0.6170212765957447,0.8236899563318777,0.7316538882803943,0.10479375696767002,0.6956759715380405,0.5076586433260394,0.48996913580246915,NA,NA,0.8262910798122066,0.3194748358862144
MSM,20,4801.035519999999,0.9283731260410882,0.8124658283214872,0.7816349384098544,0.7203065134099617,0.7396288209606987,0.4899072558647027,0.7314410480349345,0.6801752464403067,0.5267558528428093,0.7022441160372195,0.8304157549234136,0.18441358024691357,0.4281045751633987,0.9339869281045752,0.8283031522468142,0.6329321663019694
NVAX,35,1396.49056,0.17601332593003888,0.9743028977583379,0.9832026875699889,0.0071154898741105635,0.7112445414847162,0.005455537370430988,0.008187772925764192,0.0038335158817086527,0.024526198439241916,0.9649698960043788,0.060175054704595186,NA,0.9287581699346406,0.607843137254902,0.03621730382293763,0.021881838074398252
SCCO,15,79317.74385,0.6368684064408662,0.811372334609076,0.7183650615901456,0.4789272030651341,0.162117903930131,0.19694489907255866,0.5131004366812227,0.46221248630887185,0.6376811594202898,0.8609742747673782,0.9048140043763676,0.6759259259259259,0.21307189542483662,0.26078431372549016,0.761234071093226,0.6777899343544858
WLY,50,2363.8583599999997,0.8350916157690172,0.9409513395297977,0.8219484882418813,0.6628352490421456,0.7385371179039302,0.5575559192580469,0.07259825327510917,0.828039430449069,0.8784838350055741,0.1297208538587849,0.13730853391684902,0.26003086419753085,0.9751633986928104,0.8679738562091504,0.5157612340710932,0.9059080962800875
WSM,25,21175.662,0.8856191004997224,0.2225259704756698,0.8678611422172453,0.7558839627805145,0.4737991266375546,0.20840152755046373,0.6566593886462883,0.5470974808324206,0.5535117056856187,0.9321291735084839,0.9633479212253829,0.8449074074074074,0.6071895424836602,0.4320261437908497,NA,0.9146608315098468
ANDE,30,1626.5018,0.9850083287062743,0.9617277200656096,0.9042553191489362,0.9950738916256158,0.9950873362445415,0.8892525913802509,0.773471615720524,0.9676889375684556,0.04738015607580825,0.4154351395730706,0.44693654266958427,0.9421296296296297,0.4973856209150327,0.580392156862745,0.5499664654594232,0.9540481400437637
CMCO,20,1127.2300999999998,0.4158800666296502,0.36358665937670853,0.4591265397536394,0.5298303229337712,0.7723799126637555,0.884342607746863,0.6206331877729258,0.7332968236582694,0.45819397993311034,0.3470169677066229,0.4638949671772429,0.2191358024691358,0.42679738562091507,0.5490196078431373,0.3983903420523139,0.23905908096280093
CSGS,20,1594.58733,0.7978900610771793,0.38217605248769815,0.4843225083986562,0.7230432402846196,0.7205240174672489,0.33769776322967815,0.6244541484716157,0.696604600219058,0.6053511705685619,0.7553366174055829,0.6017505470459519,0.9351851851851852,0.5705882352941176,0.6202614379084967,0.49631120053655264,0.5240700218818382
GEF,15,1836.05447,0.9766796224319823,0.3193001640240568,0.9244120940649496,0.9781061850027367,0.9574235807860262,0.9678123295144572,0.982532751091703,0.952354874041621,0.26755852842809363,0.7285166940339354,0.6892778993435449,0.3873456790123457,0.60392156862745106,0.7601307189542483,0.5935613682092555,0.5525164113785558
CENX,15,2118.60117,0.2881732370905053,0.10552214324767628,0.9400895856662934,0.2583470169677066,0.8116812227074236,0.381342062193126,0.1675764192139738,0.4140197152245345,0.05852842809364549,0.17405582922824303,0.18818380743982493,NA,0.8261437908496732,0.8450980392156863,0.2635814889336016,0.7768052516411379
HUBG,20,3139.0923199999997,0.9344808439755691,0.48824494259158013,0.9395296752519597,0.8275862068965517,0.865174672489083,0.7435897435897436,0.7276200873362445,0.7365826944140197,0.0713489409141583,0.5041050903119869,0.6597374179431073,0.5794753086419753,0.6751633986928105,0.6633986928104575,0.8303152246814218,0.774617067833698
SASR,40,1700.72448,0.5619100499722376,0.6391470749043193,0.18197088465845468,0.7684729064039408,0.5278384279475983,0.9203491543917076,0.8318777292576419,0.7360350492880613,0.7430323299888517,0.41050903119868637,0.3112691466083151,0.22608024691358025,NA,NA,NA,0.14168490153172864
BRK,40,641666.45665553,0.8045530260966129,0.23018042646254788,0.025755879059350506,0.6081007115489874,0.699235807860262,0.9383524277141299,0.9710698689956332,0.9671412924424972,0.34225195094760313,0.7137383689107827,0.811816192560175,0.6682098765432098,NA,NA,0.8873239436619719,0.03993435448577676
FCN,20,7279.378880000001,0.5285952248750694,0.5773646801530892,0.3101903695408734,0.4039408866995074,0.5846069868995634,0.49154391707583195,0.5851528384279476,0.4605695509309967,0.38127090301003347,0.6365626710454296,0.7691466083150985,0.6396604938271605,0.48954248366013076,0.5973856209150327,0.89738430583501,0.08205689277899342
NBIX,35,12833.05725,0.2059966685174903,0.062329141607435745,0.1657334826427772,0.44116037219485493,0.19159388646288208,0.34206219312602293,0.384825327510917,0.27984665936473163,0.20011148272017837,0.5796387520525451,0.7866520787746171,0.5370370370370371,0.3150326797385621,0.21111111111111114,0.9644533869885983,0.5459518599562363
FDS,40,18640.06300989,0.575235980011105,0.590486604702023,0.5257558790593505,0.4849480021893815,0.15502183406113537,0.2127659574468085,0.4912663755458515,0.35213581599123767,0.7129319955406912,0.8538587848932676,0.8933260393873085,0.49382716049382713,0.6947712418300653,0.4045751633986928,0.7706237424547284,0.4677242888402626
WOR,20,2056.6392,0.5202665186007773,0.9989065062875888,0.9927211646136618,0.8571428571428571,0.6615720524017468,0.6726677577741408,0.3597161572052402,0.2710843373493976,0.2753623188405797,0.2928297755883963,0.36542669584245074,0.1388888888888889,0.15816993464052287,0.2379084967320262,0.7961099932930918,0.8019693654266958
ANSS,45,30703.695874499997,0.3014991671293726,0.30344450519409516,0.4143337066069429,0.38970990695128627,0.09661572052401747,0.3486088379705401,0.3482532751091703,0.23001095290251916,0.9899665551839465,0.48330596606458676,0.7292122538293216,0.5555555555555556,0.3509803921568627,0.3294117647058824,0.7987927565392354,0.38949671772428884
CNOB,40,1055.175,0.5036091060521932,0.5992345544013122,0.14501679731243,0.7974822112753147,0.5835152838427947,0.9230769230769231,0.8831877729257642,0.663198247535597,0.6282051282051282,0.41105637657361793,0.312363238512035,0.1728395061728395,NA,NA,NA,0.13840262582056895
OCFC,40,1209.03552,0.5707940033314826,0.5451066156369602,0.14053751399776038,0.8472906403940886,0.6168122270742358,0.9743589743589743,0.8913755458515283,0.7404162102957283,0.7168338907469343,0.3667214012041598,0.29978118161925604,0.18132716049382716,NA,NA,NA,0.14660831509846828
PEGA,45,8144.05738,0.3742365352581899,0.25915800984144344,0.4456886898096305,0.4094143404488232,0.23089519650655022,0.11183851609383524,0.2838427947598253,0.19331872946330778,0.8723522853957637,0.8292282430213465,0.600109409190372,NA,0.47581699346405226,0.4065359477124183,0.8162307176391683,0.8293216630196937
STRA,25,2427.66289,0.5641310383120489,0.7654455986878075,0.5067189249720045,0.48659003831417624,0.5758733624454149,0.8248772504091653,0.4896288209606987,0.5460021905805038,0.5992196209587514,0.3196496989600438,0.5010940919037199,0.43287037037037035,0.5581699346405229,0.3084967320261438,0.8269617706237424,0.3140043763676149
GES,25,846.40612,0.9900055524708495,0.38928376161837075,0.6035834266517357,0.9890530925013684,0.9645196506550219,0.8821603927986906,0.9890829694323144,0.8231106243154436,0.5340022296544036,0.8702791461412152,0.7532822757111597,0.9174382716049383,0.565359477124183,0.534640522875817,0.6042924211938296,0.5705689277899344
OPCH,35,4050.3078000000005,0.7712382009994447,0.544013121924549,0.43673012318029114,0.7991242474001095,0.8176855895196506,0.5651936715766503,0.7996724890829694,0.5963855421686747,0.2084726867335563,0.7208538587848933,0.7729759299781181,0.6952160493827161,0.4816993464052287,0.4784313725490196,0.5861837692823608,0.40536105032822756
WLFC,20,1440.13434604,0.3786785119378123,0.5598687807545106,0.1114221724524076,0.5708812260536399,0.3771834061135371,0.5793780687397708,0.5114628820960698,0.5739320920043811,0.6778149386845039,0.50519978106185,0.39332603938730853,NA,NA,NA,0.27095908786049633,0.6920131291028446
ANF,25,7646.01551,0.8156579677956691,0.2990705303444505,0.2984322508398656,0.7197591680350302,0.6391921397379913,0.27495908346972175,0.6370087336244541,0.6111719605695509,0.749721293199554,0.8981937602627258,0.8588621444201313,NA,0.5490196078431373,0.3392156862745098,0.8403755868544601,0.8512035010940919
NOV,10,6233.12568,0.6079955580233204,0.2547840349917988,0.2592385218365062,0.16365626710454298,0.8733624454148472,0.9350791052918712,0.976528384279476,0.8433734939759037,0.2508361204013378,0.6934865900383141,0.8008752735229759,NA,0.3294117647058824,0.6169934640522876,0.6659959758551308,0.0224288840262582
TGI,20,1488.9875,0.1937812326485286,0.7638053581191908,0.9031354983202687,0.19923371647509577,0.7434497816593887,0.031642116748499725,0.16048034934497818,0.5043811610076671,0.2798216276477146,0.39846743295019155,0.19693654266958424,NA,0.2784313725490196,0.2941176470588235,NA,0.34682713347921224
PAG,25,11119.708592309998,0.8056635202665186,0.2629852378348825,0.5106382978723405,0.7170224411603722,0.9519650655021834,0.7190398254228041,0.9153930131004366,0.6292442497261774,0.12931995540691194,0.7941981390257252,0.7242888402625821,0.22530864197530864,0.8274509803921568,0.9758169934640523,0.5881958417169685,0.1580962800875274
BJRI,25,877.08548,0.6535258189894503,0.6489885183160197,0.5795072788353863,0.2720306513409962,0.888646288209607,0.6246590289143481,0.4148471615720524,0.5273822562979189,0.09587513935340022,0.34811165845648606,0.4075492341356674,NA,0.9869281045751634,0.8084967320261438,0.4708249496981891,0.7510940919037199
ZION,40,8939.469720000001,0.6935036091060522,0.7944231820667031,0.09350503919372899,0.8188286808976464,0.6086244541484717,0.7217675941080196,0.8548034934497817,0.8811610076670318,0.7709030100334449,0.6157635467980296,0.29704595185995625,0.2222222222222222,NA,NA,NA,0.1537199124726477
PLUS,45,2167.29058,0.8428650749583565,0.17277200656096225,0.47536394176931696,0.8845101258894362,0.8100436681222707,0.6230223677032187,0.7298034934497817,0.6922234392113911,0.24358974358974358,0.6102900930487137,0.7439824945295405,NA,0.43071895424836604,0.5849673202614378,0.9362843729040912,0.7642231947483589
STLD,15,22116.63115,0.9050527484730705,0.44887916894477853,0.9092945128779395,0.8106185002736727,0.7592794759825328,0.6432078559738135,0.9410480349344978,0.9052573932092004,0.221850613154961,0.8407224958949097,0.938183807439825,0.1882716049382716,0.23921568627450984,0.3457516339869281,0.9061032863849765,0.7045951859956237
UNFI,30,1487.54047,0.3242642976124375,0.6194641880809185,0.6220604703247481,0.0842911877394636,0.9994541484716157,0.9530823786142935,0.08133187772925764,0.6911281489594743,0.10869565217391304,0.20087575259989054,0.20568927789934355,0.05015432098765432,0.6098039215686275,0.9771241830065359,0.19651240778001342,0.538840262582057
LAD,25,10305.85503363,0.4997223764575236,0.08201202843083655,0.3986562150055991,0.07443897099069513,0.962882096069869,0.7850518276050191,0.9208515283842795,0.7393209200438116,0.14102564102564102,0.6902025177887247,0.6553610503282276,NA,0.6228758169934641,0.761437908496732,0.4399731723675386,0.020787746170678356
VSAT,45,1197.9160200000001,0.18767351471404775,0.014215418261344981,0.03639417693169089,0.0049261083743842365,0.9705240174672489,0.9983633387888707,0.002183406113537118,0.9485213581599123,0.6538461538461539,0.12588943623426382,0.12144420131291028,NA,0.273202614379085,0.22287581699346404,0.1636485580147552,0.9113785557986871
VYX,45,2117.99568,0.750694058856191,0.9994532531437944,0.9854423292273237,0.9835796387520526,0.9126637554585153,0.024004364429896344,0.01146288209606987,0.7809419496166484,0.4007803790412486,0.041050903119868636,0.13566739606126915,0.7777777777777778,0.8666666666666667,0.7555555555555555,0.1790744466800805,0.9272428884026258
DGX,35,18155.295899999997,0.6846196557468073,0.31164570803717884,0.8062709966405375,0.6141215106732348,0.605349344978166,0.5679214402618658,0.6774017467248908,0.6013143483023001,0.4319955406911929,0.615216201423098,0.6942013129102844,0.2507716049382716,0.6653594771241831,0.5882352941176471,0.6773977196512407,0.39168490153172864
ROK,20,33320.42170897,0.5896724042198779,0.45981410606889006,0.2793952967525196,0.5210727969348659,0.35753275109170307,0.2220403709765412,0.6255458515283843,0.43373493975903615,0.5356744704570792,0.9151614668856048,0.8801969365426696,0.7970679012345679,0.6019607843137256,0.6300653594771242,0.7826961770623743,0.12035010940919033
NSP,20,2947.6495499999996,0.637423653525819,0.5172225259704757,0.43449048152295633,0.6524356869184456,0.9388646288209607,0.09056192034915439,0.7543668122270742,0.7267250821467689,0.12263099219620958,0.9841269841269841,0.7642231947483589,0.17746913580246915,0.7692810457516339,0.48692810457516345,0.670690811535882,0.2467177242888403
SSB,40,8444.87217,0.43586896168795114,0.5954073264078732,0.14221724524076151,0.6951286261631089,0.34989082969432317,0.7975995635570103,0.7554585152838428,0.7814895947426068,0.8534002229654404,0.4674329501915709,0.33916849015317285,0.11651234567901235,NA,NA,NA,0.14387308533916854
WWD,20,10662.50251131,0.29317046085508053,0.444505194095134,0.2021276595744681,0.3831417624521073,0.36080786026200873,0.3873431533006001,0.4066593886462882,0.30010952902519167,0.29654403567447046,0.5462506841817186,0.6652078774617067,0.7662037037037037,0.33267973856209154,0.711764705882353,0.5995975855130785,0.28884026258205686
HLIO,20,1739.22144,0.34314269850083284,0.32914160743575727,0.7905935050391937,0.4455391351943076,0.5856986899563319,0.7097654118930715,0.4039301310043668,0.5553121577217963,0.4169453734671126,0.3251231527093596,0.45076586433260396,0.23842592592592593,0.2647058823529411,0.7235294117647059,0.40509725016767273,0.3834792122538293
VCEL,35,2864.2671,0.09106052193225986,0.08747949699289226,0.23012318029115342,0.26053639846743293,0.09006550218340612,0.171303873431533,0.24399563318777293,0.1456736035049288,0.8322185061315496,0.23535851122058019,0.212253829321663,0.720679012345679,0.12222222222222223,0.1333333333333333,0.07176391683433937,0.8725382932166302
CIEN,45,10069.450439999999,0.167129372570794,0.27829414980863865,0.22228443449048152,0.26436781609195403,0.5496724890829694,0.48226950354609927,0.45032751091703055,0.3932092004381161,0.5501672240802675,0.46250684181718665,0.6039387308533917,NA,0.15294117647058825,0.273202614379085,0.494299128101945,0.07986870897155363
SLGN,15,6143.91635,0.7040533037201555,0.529797703663204,0.8113101903695409,0.5648604269293924,0.7969432314410481,0.5859247135842881,0.7232532751091703,0.7004381161007667,0.18004459308807136,0.7038861521620142,0.5776805251641138,0.16666666666666666,0.8196078431372549,0.6725490196078432,0.431924882629108,0.3047045951859956
MTN,25,6714.689254620001,0.8411993337034981,0.8490978676872608,0.6847704367301232,0.6666666666666666,0.5453056768558951,0.2989634478996181,0.5485807860262009,0.6621029572836802,0.5189520624303233,0.8171866447728516,0.5525164113785558,0.5694444444444444,0.8986928104575164,0.6477124183006535,0.4238765928906774,0.6373085339168489
EEFT,40,4618.57116,0.7362576346474181,0.3154729360306179,0.41825307950727886,0.90311986863711,0.7407205240174672,0.4789961811238407,0.7669213973799127,0.80065717415115,0.21850613154960982,0.7706622879036672,0.6099562363238512,0.3479938271604938,0.5699346405228758,0.434640522875817,0.6606304493628438,0.6559080962800875
WTFC,40,9176.56025508,0.4469739033870072,0.40841990158556585,0.06159014557670772,0.7772304324028462,0.4710698689956332,0.6917621385706492,0.8094978165938864,0.8028477546549836,0.7731326644370122,0.5982484948002189,0.3424507658643326,0.19212962962962962,NA,NA,NA,0.15153172866520792
ALV,25,7805.89824,0.9100499722376457,0.3521049753963915,0.26091825307950733,0.6436781609195402,0.8662663755458515,0.5384615384615384,0.7762008733624454,0.8614457831325302,0.1767001114827202,0.7175697865353038,0.6734135667396062,0.9182098765432098,0.8379084967320262,0.838562091503268,0.7303822937625755,0.6394967177242888
LNG,10,50260.00140634999,0.9211549139367018,0.49371241115363584,0.9776035834266518,0.9129720853858785,0.517467248908297,0.26568466993998907,0.9836244541484717,0.968236582694414,0.9520624303232998,0.9961685823754789,0.9797592997811816,0.2816358024691358,0.5339869281045752,0.2784313725490196,0.778672032193159,0.049234135667396095
TTWO,50,33084.614259999995,0.27207107162687394,0.9825041006014216,0.6819708846584547,0.2112753147235906,0.21124454148471616,0.3513366066557556,0.05458515283842795,0.1982475355969332,0.8188405797101449,0.07389162561576355,0.061269146608315096,NA,0.8549019607843137,0.5575163398692811,0.08584842387659289,0.9803063457330415
APH,45,87587.78445,0.39977790116601886,0.3531984691088026,0.6931690929451289,0.4088669950738916,0.18668122270742357,0.20621931260229132,0.4104803493449782,0.2732749178532311,0.4141583054626533,0.8051450465243569,0.8698030634573304,0.595679012345679,0.37777777777777777,0.49607843137254903,0.8504359490274983,0.44091903719912473
AMZN,25,2185965.63679,0.410882842865075,0.20831055221432482,0.368421052631579,0.3218390804597701,0.3482532751091703,0.19258046917621385,0.3215065502183406,0.255750273822563,0.6337792642140468,0.6896551724137931,0.6810722100656456,NA,0.8019607843137255,0.4947712418300654,0.7712944332662642,0.8457330415754923
RMBS,45,6161.10075,0.31426985008328706,0.11317659923455436,0.6478163493840985,0.4389709906951286,0.0982532751091703,0.3333333333333333,0.7336244541484717,0.22836801752464403,0.9693422519509476,0.8921729611384783,0.9939824945295405,0.32175925925925924,0.05816993464052289,0.07058823529411762,0.9550637156270959,0.013676148796498921
SRPT,35,12736.6368,0.0416435313714603,0.4958993985784582,0.12150055991041431,0.1111111111111111,0.12718340611353712,0.15111838516093834,0.12609170305676856,0.11117196056955093,0.9704570791527313,0.03776683087027915,0.0836980306345733,NA,0.14640522875816997,0.14379084967320266,0.0670690811535882,0.23577680525164113
PPBI,40,2738.9244,0.5791227096057746,0.9398578458173865,0.9204927211646137,0.8253968253968254,0.3433406113537118,0.9459901800327333,0.30403930131004364,0.5038335158817087,0.7352285395763657,0.26929392446633826,0.2549234135667396,0.22299382716049382,NA,NA,NA,0.23468271334792123
QRVO,45,6527.089349999999,0.6385341476957246,0.7774740295243302,0.5263157894736843,0.8762999452654625,0.6512008733624454,0.7299509001636661,0.19923580786026202,0.7497261774370209,0.600891861761427,0.2326217843459223,0.21170678336980306,0.4799382716049383,0.41960784313725485,0.373202614379085,0.6069751844399732,0.9026258205689278
FIX,20,17556.958754069998,0.5463631315935591,0.09622744669218153,0.17189249720044797,0.4652435686918446,0.3913755458515284,0.1625750136388434,0.37117903930131,0.24534501642935377,0.16387959866220736,0.8347016967706623,0.8446389496717724,0.8479938271604939,0.7699346405228759,0.8437908496732026,0.9329309188464118,0.8364332603938731
MMS,20,4491.9775,0.6762909494725152,0.7135046473482778,0.5184770436730124,0.6283524904214559,0.8258733624454149,0.6235679214402619,0.5676855895196506,0.6330777656078861,0.19286510590858416,0.48987411056376573,0.5601750547045952,0.42592592592592593,0.6006535947712418,0.7849673202614379,0.460093896713615,0.4463894967177243
RL,25,9306.21339783,0.966129927817879,0.797156916347731,0.6058230683090706,0.8483853311439519,0.712882096069869,0.46317512274959083,0.8182314410480349,0.7469879518072289,0.7876254180602007,0.8149972632731254,0.8167396061269147,0.9490740740740741,0.35424836601307186,0.26928104575163403,0.8558014755197854,0.6477024070021882
HLX,10,1625.99176,0.5330372015546918,0.38272279934390374,0.06662933930571113,0.8007662835249042,0.7390829694323144,0.9318057828696127,0.21561135371179038,0.8926615553121577,0.3004459308807135,0.24849480021893816,0.2275711159737418,0.9714506172839507,0.5620915032679739,0.4019607843137255,0.5211267605633803,0.6684901531728665
DXPE,20,1149.97265,0.6718489727928928,0.2154182613449973,0.33818589025755874,0.8002189381499726,0.8842794759825328,0.5357337697763229,0.763646288209607,0.7584884994523549,0.35507246376811596,0.7110016420361248,0.6843544857768052,0.9976851851851852,0.23986928104575167,0.3921568627450981,0.3655264922870557,0.41301969365426694
OZK,40,5668.94659,0.7412548584119933,0.11536358665937674,0.0414333706606943,0.9403393541324576,0.5087336244541485,0.8717948717948718,0.9508733624454149,0.963855421686747,0.7391304347826086,0.6376573617952929,0.4365426695842451,0.5717592592592593,NA,NA,NA,0.19693654266958427
JLL,60,13313.06747445,0.50694058856191,0.5576817933296884,0.6914893617021276,0.45101258894362345,0.8930131004366813,0.6748499727223132,0.3558951965065502,0.45673603504928806,0.043478260869565216,0.3092501368363437,0.3769146608315099,NA,0.7901960784313725,0.8633986928104576,0.5271629778672032,0.31455142231947486
AME,20,44961.64904,0.5913381454747363,0.13449972662657195,0.48600223964165734,0.5101258894362343,0.19050218340611352,0.3960720130932897,0.4972707423580786,0.3335158817086528,0.5,0.6611932129173509,0.813457330415755,0.7430555555555556,0.8398692810457516,0.8163398692810457,0.863849765258216,0.38840262582056895
VLO,10,44030.641800000005,0.9739033870072182,0.5412793876435211,0.9288913773796192,0.9682539682539683,0.9656113537117904,0.8401527550463721,0.9847161572052402,0.9802847754654983,0.06911928651059086,0.8856048166392994,0.9037199124726477,0.30169753086419754,0.5607843137254902,0.6274509803921569,0.8551307847082495,0.1985776805251641
LKFN,40,1873.6707599999997,0.36923931149361466,0.6375068343357025,0.0985442329227324,0.6781609195402298,0.2718340611353712,0.5521003818876159,0.7025109170305677,0.6818181818181818,0.7229654403567447,0.6436781609195402,0.37800875273522977,0.2492283950617284,NA,NA,NA,0.16411378555798684
YUM,25,38774.26368,0.3170460855080511,0.39529797703663205,0.5923852183650615,0.49589490968801314,0.2390829694323144,0.015275504637206765,0.618995633187773,0.4069003285870756,0.6343366778149386,0.14395183360700603,0.9890590809628009,0.5648148148148148,0.692156862745098,0.4836601307189542,0.46277665995975853,0.1411378555798687
PSMT,30,2753.85138,0.6879511382565242,0.6648441771459814,0.38185890257558786,0.31746031746031744,0.9110262008733624,0.613747954173486,0.7063318777292577,0.7754654983570646,0.1544035674470457,0.5697865353037767,0.7177242888402626,0.125,0.7104575163398692,0.6183006535947713,0.8350100603621731,0.4157549234135668
INVX,10,1094.0761499999999,0.110494169905608,0.4313832695462001,0.27099664053751404,0.1620142309797482,0.49890829694323147,0.8832515002727769,0.2521834061135371,0.2858707557502738,0.39297658862876256,0.2594417077175698,0.24945295404814005,NA,0.0725490196078431,0.1823529411764706,NA,0.20678336980306344
GPI,25,5670.80426682,0.640199888950583,0.18862766539092402,0.4070548712206047,0.2326217843459223,0.9650655021834061,0.707037643207856,0.9361353711790393,0.7951807228915663,0.1326644370122631,0.8007662835249042,0.7664113785557987,0.07098765432098765,0.7640522875816993,0.9673202614379085,0.5788061703554661,0.03336980306345738
CHRW,20,12480.0839,0.7906718489727929,0.9393110989611809,0.9613661814109742,0.668856048166393,0.8771834061135371,0.23677032187670485,0.4596069868995633,0.3592552026286966,0.11538461538461539,0.7898193760262726,0.6580962800875274,0.1566358024691358,0.6248366013071895,0.9032679738562092,0.5855130784708249,0.7029540481400438
CWST,20,7055.81325,0.13603553581343697,0.027337342810278886,0.2849944008958567,0.2955665024630542,0.23526200873362446,0.29132569558101473,0.2652838427947598,0.296276013143483,0.41471571906354515,0.3021346469622332,0.3572210065645514,0.38657407407407407,0.5732026143790849,0.38627450980392153,0.30784708249496984,0.8276805251641137
OSIS,45,2964.53123289,0.25707940033314824,0.1115363586659377,0.22732362821948493,0.12698412698412698,0.6108078602620087,0.49318057828696127,0.6397379912663755,0.5240963855421686,0.4397993311036789,0.6590038314176245,0.7363238512035011,0.023919753086419752,0.5901960784313726,0.8464052287581699,NA,0.013129102844638973
CHH,25,7094.21514907,0.5113825652415325,0.21104428649535267,0.36674132138857785,0.4132457580733443,0.2903930131004367,0.06382978723404255,0.5725982532751092,0.45125958378970427,0.5607580824972129,0.9896004378762999,0.8577680525164114,0.24614197530864199,0.9973856209150327,0.9568627450980393,0.5975855130784709,0.26969365426695846
AMG,40,5668.396197749999,0.9411438089950028,0.6052487698195735,0.8790593505039194,0.9419813902572524,0.4721615720524017,0.8385160938352427,0.949235807860262,0.7524644030668127,0.6761426978818283,0.7328954570333881,0.7428884026258206,0.33101851851851855,NA,NA,0.5707578806170356,0.31783369803063455
MTD,35,26404.072544849998,0.6835091615769017,0.8381629305631493,0.7581187010078387,0.48056923918992883,0.18722707423580787,0.058919803600654665,0.5043668122270742,0.328039430449069,0.7212931995540691,0.0021893814997263274,0.9775711159737418,0.5740740740740741,0.8052287581699347,0.9196078431372549,0.778001341381623,0.561816192560175
SAH,25,1532.21154,0.5019433647973348,0.3581191908146528,0.6136618141097425,0.033388067870826495,0.9956331877729258,0.7501363884342608,0.9470524017467249,0.7886089813800657,0.11761426978818283,0.735632183908046,0.5169584245076586,0.027777777777777776,0.7738562091503268,0.7947712418300654,0.3205902079141516,0.046498905908096244
ADSK,45,62907.07494491,0.3903387007218212,0.462547840349918,0.4176931690929452,0.36617405582922824,0.11517467248908297,0.0889252591380251,0.3296943231441048,0.21412924424972618,0.9888517279821628,0.9490968801313628,0.8030634573304157,0.2361111111111111,0.8973856209150327,0.5,NA,0.48140043763676144
INGR,30,9600.37972,0.8933925596890616,0.6539092400218699,0.612541993281075,0.7843459222769568,0.759825327510917,0.5886524822695035,0.8034934497816594,0.7387732749178533,0.23076923076923078,0.7263273125342091,0.7735229759299781,NA,0.4372549019607843,0.7137254901960784,NA,0.5826039387308534
URI,20,56828.652,0.7623542476401999,0.42755604155276106,0.19484882418812988,0.29666119321291734,0.3356986899563319,0.36770321876704853,0.6331877729257642,0.71960569550931,0.6917502787068004,0.8659003831417624,0.8183807439824945,0.35030864197530864,0.9026143790849673,0.8647058823529412,0.5955734406438632,0.7855579868708972
POWI,45,3725.2261500000004,0.1810105496946141,0.7895024603608529,0.9664053751399776,0.30049261083743845,0.15611353711790393,0.3807965084560829,0.3373362445414847,0.2157721796276013,0.7151616499442587,0.39025725232621783,0.7111597374179431,0.1095679012345679,0.0326797385620915,0.045098039215686225,NA,0.24234135667396062
PRDO,25,1803.9042,0.7462520821765686,0.45325314379442316,0.6282194848824187,0.6852764094143404,0.5043668122270742,0.6650300054555374,0.8793668122270742,0.8953997809419496,0.9331103678929766,0.7170224411603722,0.9179431072210066,0.30941358024691357,0.07647058823529407,0.057516339869281063,0.98859825620389,0.04704595185995619
HFWA,40,903.3733,0.7357023875624653,0.5686167304537999,0.26259798432250836,0.8801313628899836,0.4366812227074236,0.9236224768139661,0.8127729257641921,0.7217962760131434,0.9124860646599777,0.39299397920087575,0.31017505470459517,0.5254629629629629,NA,NA,NA,0.20350109409190376
MRCY,20,2452.70529,0.1799000555247085,0.729907053034445,0.8992161254199328,0.2895457033388068,0.44541484716157204,0.7572285870158211,0.1037117903930131,0.12376779846659365,0.3015607580824972,0.18609742747673783,0.14551422319474835,NA,0.1405228758169934,0.3928104575163399,0.11200536552649229,0.7543763676148796
HOPE,40,1644.46518,0.7884508606329816,0.7129579004920722,0.0828667413213886,0.9874110563765737,0.6899563318777293,0.9716312056737588,0.8766375545851528,0.9288061336254108,0.60479375696767,0.3672687465790914,0.2882932166301969,0.43209876543209874,NA,NA,NA,0.27407002188183804
VRSN,45,17987.997039,0.5335924486396446,0.6610169491525424,0.5509518477043673,0.5987958401751505,0.10807860262008734,0.028368794326241134,0.6599344978165939,0.43811610076670315,0.9765886287625418,0.07279693486590039,0.9978118161925602,0.45601851851851855,0.8941176470588236,0.3901960784313725,0.7974513749161637,0.3014223194748359
IESC,20,6188.424259719999,0.4608550805108273,0.4630945872061236,0.42105263157894735,0.38478379857690204,0.49563318777292575,0.16148390616475722,0.33679039301310043,0.24808324205914567,0.16499442586399107,0.7788724685276409,0.8178336980306345,NA,0.5111111111111111,0.7633986928104575,0.9423205902079141,0.6537199124726477
CADE,40,7041.319439999999,0.29872293170460856,0.6763258611262986,0.48824188129899215,0.7219485495347564,0.4093886462882096,0.8183306055646481,0.25163755458515286,0.44359255202628695,0.6404682274247492,0.25998905309250137,0.24781181619256018,0.19907407407407407,NA,NA,NA,0.23796498905908092
PWR,20,50855.28476388,0.2876179900055525,0.13887370147621647,0.20324748040313545,0.3880678708264915,0.5229257641921398,0.2591380250954719,0.3324235807860262,0.27053669222343923,0.11705685618729098,0.5823754789272031,0.6154266958424508,0.7561728395061729,0.596078431372549,0.6993464052287581,0.5814889336016097,0.5913566739606126
SCS,20,1265.61426,0.9677956690727374,0.6320393657736467,0.736842105263158,0.9726327312534209,0.9475982532751092,0.8325150027277687,0.7838427947598253,0.8504928806133626,0.39855072463768115,0.4745484400656814,0.5333698030634574,0.9768518518518519,0.5529411764705883,0.4973856209150327,0.5103957075788061,0.8211159737417943
BRKL,40,1121.7438200000001,0.38312048861743475,0.11427009294696555,0.04087346024636063,0.836343732895457,0.62882096069869,0.9492635024549918,0.8029475982532751,0.5640744797371303,0.6633221850613155,0.37328954570333883,0.29431072210065645,0.40046296296296297,NA,NA,NA,0.17450765864332607
COLM,25,4989.60456,0.8883953359244864,0.8316019682886824,0.6646136618141097,0.8960043787629994,0.7106986899563319,0.5990180032733224,0.7057860262008734,0.6489594742606791,0.6103678929765887,0.5878489326765188,0.7702407002188184,NA,0.19215686274509802,0.2542483660130719,NA,0.8851203501094091
IBOC,40,4548.90539,0.8362021099389229,0.7993439037725534,0.10526315789473684,0.8527640941434045,0.28329694323144106,0.7212220403709766,0.9033842794759825,0.8762322015334063,0.9425863991081382,0.7104542966611932,0.4655361050328228,0.6003086419753086,NA,NA,NA,0.17560175054704596
CNXN,45,1908.0556199999999,0.8734036646307607,0.3466375068343357,0.8437849944008958,0.8544061302681992,0.8859170305676856,0.6481178396072013,0.6430131004366813,0.567907995618839,0.14715719063545152,0.5046524356869184,0.7346827133479212,0.9691358024691358,0.2124183006535948,0.3464052287581699,0.9973172367538564,0.8112691466083151
MAR,25,80336.08737,0.362576346474181,0.5358119190814653,0.32810750279955203,0.49370552818828684,0.3902838427947598,0.05673758865248227,0.5938864628820961,0.36911281489594744,0.14771460423634336,0,0.8725382932166302,0.6589506172839507,0.9862745098039216,0.9392156862745098,0.630449362843729,0.1668490153172867
BBY,25,19325.25,0.9200444197667962,0.8731547293603061,0.8017917133258678,0.5041050903119869,0.9410480349344978,0.31642116748499727,0.7854803493449781,0.8285870755750274,0.22965440356744704,0.9135194307608101,0.7598468271334792,0.2962962962962963,0.830718954248366,0.6934640522875817,0.9181757209926223,0.25711159737417943
SEE,15,5332.327200000001,0.6857301499167129,0.18753417167851283,0.7469204927211646,0.6354679802955665,0.8105895196506551,0.22422258592471359,0.7811135371179039,0.7749178532311063,0.3756967670011148,0.9616858237547893,0.6170678336980306,0.2808641975308642,0.6705882352941177,0.7163398692810458,0.3762575452716298,0.35120350109409193
CRAI,20,1322.3034,0.7856746252082176,0.6839803171131766,0.526875699888018,0.5862068965517241,0.5791484716157205,0.32242225859247137,0.49563318777292575,0.3888280394304491,0.31995540691192864,0.7066228790366721,0.7226477024070022,0.8881172839506173,0.7588235294117647,0.7588235294117647,0.8148893360160966,0.45131291028446385
MANH,45,17433.248,0.3331482509716824,0.16183706943685072,0.21836506159014557,0.31527093596059114,0.06986899563318777,0.07583196944899072,0.29639737991266374,0.18455640744797372,0.6510590858416946,0.9556650246305419,0.9923413566739606,0.6844135802469136,0.6647058823529413,0.403921568627451,NA,0.8468271334792122
IOSP,15,2958.37062,0.745141588006663,0.3996719518862767,0.700447928331467,0.6239737274220033,0.6839519650655022,0.6066557555919257,0.6768558951965066,0.5624315443592552,0.3573021181716834,0.5812807881773399,0.7707877461706784,0.9259259259259259,0.3313725490196079,0.48039215686274506,NA,0.47045951859956237
AMKR,45,6520.923640000001,0.928928373126041,0.7359212684527063,0.8370660694288914,0.7936507936507936,0.8018558951965066,0.7665030005455538,0.7390829694323144,0.9315443592552026,0.23244147157190637,0.4723590585659551,0.6296498905908097,0.8912037037037037,0.3503267973856209,0.2830065359477124,0.6639839034205232,0.8971553610503282
HCKT,45,864.76462,0.6918378678511938,0.7731000546746856,0.6567749160134378,0.5413245758073344,0.45032751091703055,0.23186033824331698,0.6042576419213974,0.47261774370208104,0.4659977703455964,0.9211822660098522,0.9551422319474836,0.22685185185185186,0.5810457516339869,0.5620915032679739,0.823608316566063,0.2735229759299781
SBSI,40,1064.41696,0.4119933370349806,0.3007107709130673,0.11198208286674127,0.7454844006568144,0.48034934497816595,0.84506273867976,0.87882096069869,0.7371303395399781,0.7279821627647715,0.5363984674329502,0.33698030634573306,0.12345679012345678,NA,NA,NA,0.12253829321663023
FHI,40,3497.16375,0.7162687395891172,0.5144887916894478,0.4042553191489362,0.8204707170224411,0.5676855895196506,0.5837424986361156,0.8908296943231441,0.8269441401971522,0.2692307692307692,0.8270388615216201,0.9075492341356673,0.4220679012345679,0.3013071895424837,0.17385620915032685,0.9154929577464789,0.19803063457330417
SRE,55,59330.48433,0.47307051637978903,0.26571897211591033,0.2978723404255319,0.1297208538587849,0.37390829694323147,0.723949809056192,0.712882096069869,0.5093099671412924,0.411371237458194,0.535303776683087,0.5388402625820569,NA,0.9712418300653595,0.9581699346405229,0.3192488262910798,0.4425601750547046
CTSH,45,39908.873759999995,0.7245974458634092,0.5319846910880263,0.6898096304591266,0.6327312534209086,0.5895196506550219,0.5444626295690126,0.7248908296943232,0.671960569550931,0.3957636566332218,0.6726874657909141,0.8637855579868708,0.37885802469135804,0.36339869281045756,0.38692810457516336,0.9610999329309189,0.23687089715536103
MSTR,45,81522.13812,0.34925041643531374,0.016949152542372836,0.6942889137737962,0.22933771209633277,0.035480349344978165,0.0851063829787234,0.2718340611353712,0.1484118291347207,0.9136008918617614,0.9277504105090312,0.8670678336980306,0.9884259259259259,0.8954248366013072,0.8052287581699347,0.1529175050301811,0.01422319474835887
RSG,20,68361.0816,0.600777345918934,0.34445051940951343,0.39529675251959684,0.4493705528188287,0.2931222707423581,0.309328968903437,0.45087336244541487,0.4244249726177437,0.47324414715719065,0.6830870279146142,0.6526258205689278,0.5617283950617284,0.9666666666666667,0.9503267973856209,0.6130114017437961,0.6449671772428884
LEU,10,1426.607,0.19988895058300943,0.2296336796063423,0.43952967525195974,0.25998905309250137,0.3029475982532751,0.0812875068194217,0.759825327510917,0.3543263964950712,0.4069119286510591,0.00875752599890531,0.8512035010940919,0.1381172839506173,0.6045751633986929,0.5568627450980392,0.9369550637156271,0.01695842450765861
RBCAA,40,1319.2524,0.46696279844530814,0.22416621104428647,0.11086226203807392,0.7832512315270936,0.4203056768558952,0.8243316966721222,0.8138646288209607,0.8110624315443593,0.8545150501672241,0.4969896004378763,0.3785557986870897,0.26080246913580246,NA,NA,NA,0.16192560175054704
CSGP,60,33346.146400000005,0.14325374791782344,0.41498086386003286,0.3555431131019037,0.28735632183908044,0.09497816593886463,0.40807419530823785,0.3034934497816594,0.1900328587075575,0.9437012263099219,0.3437328954570334,0.574398249452954,0.38040123456790126,0.02679738562091505,0.024183006535947738,0.6981891348088531,0.24835886214442016
EBAY,25,30315.91,0.7568017767906718,0.5287042099507928,0.5996640537513998,0.7214012041598249,0.4339519650655022,0.49045280960174575,0.9066593886462883,0.6675794085432639,0.8896321070234113,0.926655719759168,0.887308533916849,0.5192901234567902,0.31895424836601305,0.17320261437908502,0.6854460093896714,0.07768052516411383
BUSE,40,1518.07382,0.8134369794558579,0.7277200656096228,0.18756998880179176,0.8752052545155994,0.5081877729257642,0.8957992362247681,0.875,0.9468784227820373,0.855072463768116,0.49370552818828684,0.32603938730853393,0.4660493827160494,NA,NA,NA,0.1761487964989059
PB,40,7976.53845,0.501388117712382,0.5926735921268453,0.1528555431131019,0.7810618500273673,0.26473799126637554,0.9099836333878887,0.7177947598253275,0.48576122672508215,0.8054626532887402,0.361247947454844,0.337527352297593,0.6520061728395061,NA,NA,NA,0.19420131291028442
GDEN,25,925.45446,0.8017767906718489,0.833242208857299,0.8001119820828667,0.5145046524356869,0.8302401746724891,0.7495908346972177,0.9929039301310044,0.8581599123767798,0.5211817168338907,0.9430760810071155,0.9420131291028446,0.12422839506172839,0.3405228758169935,0.3483660130718954,0.27230046948356806,0.019146608315098512
NVDA,45,3385742.5,0.2082176568573015,0.03717878622197923,0.014557670772676334,0.27257799671592775,0.04312227074235808,0.07255864702673213,0.2854803493449782,0.1768893756845564,0.8795986622073578,0.9693486590038314,0.9989059080962801,0.966820987654321,0.13725490196078427,0.1516339869281046,0.9738430583501007,0.05251641137855578
KFY,20,4074.54174,0.6252082176568573,0.5631492618917442,0.7407614781634939,0.6683087027914614,0.7030567685589519,0.6322967812329514,0.6233624454148472,0.73986856516977,0.19509476031215162,0.48932676518883417,0.5968271334792122,0.3387345679012346,0.4738562091503268,0.3111111111111111,0.8081824279007378,0.3955142231947484
EWBC,40,15204.828720000001,0.4625208217656857,0.33023510114816845,0.05543113101903696,NA,0.34661572052401746,0.6557555919258047,0.8564410480349345,0.8499452354874042,0.741917502787068,0.69896004378763,0.3982494529540481,NA,NA,NA,NA,0.17286652078774623
MKSI,45,7647.85836,0.25930038867295946,0.9759431383269547,0.62989921612542,0.4608648056923919,0.5802401746724891,0.6126568466993999,0.014192139737991267,0.524644030668127,0.5891861761426979,0.07115489874110564,0.08205689277899343,0.23765432098765432,0.2150326797385621,0.3137254901960784,0.21730382293762576,0.962253829321663
BKNG,25,172169.93139806,0.7023875624652971,0.8425369054127939,0.17749160134378494,0.5571975916803503,0.1615720524017467,0.05128205128205128,0.44377729257641924,0.3154435925520263,1,1,0.9414660831509847,0.5478395061728395,0.6803921568627451,0.3339869281045752,0.6398390342052314,0.8741794310722101
CNX,10,6048.46092,0.9516935036091061,0.6429743028977584,0.01007838745800671,0.38697318007662834,0.6441048034934498,0.8979814511729405,0.9934497816593887,0.9890470974808324,0.899108138238573,0.9244663382594417,0.9688183807439825,0.09490740740740741,0.9784313725490196,0.9986928104575163,0.8249496981891348,0.015864332603938713
TREX,20,8039.01432,0.8478622987229317,0.7096774193548387,0.7077267637178051,0.43568691844553914,0.17685589519650655,0.20240043644298963,0.45305676855895194,0.31653888280394304,0.5562987736900781,0.8741105637657361,0.9764770240700219,0.9621913580246914,0.4437908496732026,0.9699346405228758,NA,0.9529540481400438
ATLC,40,858.6941400000001,0.9305941143808995,0.21815199562602516,0.6998880179171332,0.9972632731253421,0.6282751091703057,0.6202945990180033,0.9497816593886463,0.7075575027382256,0.6270903010033445,0.8368910782703887,0.5590809628008753,0.6566358024691358,NA,NA,0.3058350100603622,0.9070021881838074
CFFN,40,869.01456,0.2665186007773459,0.8895571350464735,0.017917133258678608,0.4329501915708812,0.5551310043668122,0.9623567921440261,0.6441048034934498,0.28313253012048195,0.5312151616499443,0.3097974822112753,0.26531728665207877,0.21450617283950618,NA,NA,NA,0.12417943107221008
EXTR,45,2193.441,0.28373126041088287,0.9196282121377802,0.9048152295632699,0.3393541324575807,0.6042576419213974,0.07474086197490452,0.13209606986899564,0.16265060240963855,0.7040133779264214,0.030103995621237,0.1323851203501094,0.08873456790123457,0.8679738562091504,0.6483660130718953,0.14017437961099932,0.887308533916849
HSII,20,941.67126,0.4991671293725708,0.8042646254784035,0.7681970884658454,0.11603721948549535,0.8275109170305677,0.690671031096563,0.7527292576419214,0.9611171960569551,0.27424749163879597,0.5708812260536399,0.5979212253829321,0.047839506172839504,0.5535947712418301,0.30000000000000004,NA,0.026258205689277947
GS,40,191036.2118391,0.1693503609106052,0.21213778020776386,0.0464725643896976,0.06568144499178982,0.644650655021834,0.6884888161483906,0.6533842794759825,0.8910186199342826,0.6839464882943144,0.41160372194854955,0.2762582056892779,0.013888888888888888,NA,NA,0.2307176391683434,0.08588621444201316
WCC,20,10367.35363002,0.7151582454192116,0.6260251503553855,0.5627099664053752,0.5435139573070608,0.9361353711790393,0.6759410801963993,0.8433406113537117,0.7486308871851041,0.19063545150501673,0.6595511767925561,0.6192560175054704,NA,0.30915032679738563,0.8013071895424837,0.45271629778672035,0.07221006564551424
CBU,40,3638.7288000000003,0.5391449194891726,0.7692728266812465,0.47592385218365063,0.6787082649151615,0.27347161572052403,0.6655755591925805,0.5704148471615721,0.5717415115005476,0.9537346711259754,0.4143404488232074,0.3057986870897155,0.4876543209876543,NA,NA,NA,0.19584245076586437
SKX,25,8398.26526,0.9061632426429761,0.30399125205030075,0.4792833146696529,0.8757525998905309,0.7887554585152838,0.6775777414075287,0.7898471615720524,0.7656078860898138,0.6544035674470458,0.6234263820470717,0.7450765864332604,NA,0.33333333333333337,0.39607843137254906,0.9228705566733736,0.7959518599562363
FFIV,45,14674.26583615,0.7062742920599667,0.38381629305631493,0.6786114221724524,0.6392993979200876,0.25109170305676853,0.397708674304419,0.5960698689956332,0.42661555312157723,0.9431438127090301,0.722495894909688,0.8331509846827133,0.6296296296296297,0.6196078431372549,0.41045751633986927,NA,0.475382932166302
JNPR,45,11892.71688,0.6290949472515269,0.6030617823947513,0.5475923852183651,0.6934865900383141,0.5764192139737991,0.585379159847245,0.4606986899563319,0.4720700985761227,0.7268673355629878,0.37438423645320196,0.5065645514223195,NA,0.4699346405228758,0.465359477124183,0.6338028169014085,0.6241794310722101
UTHR,35,16540.52560355,0.4308717379233759,0.1574630945872061,0.22956326987681974,0.6004378762999453,0.18231441048034935,0.5668303327877796,0.7620087336244541,0.6768893756845564,0.9832775919732442,0.7093596059113301,0.9141137855579868,0.5432098765432098,0.12418300653594772,0.09281045751633987,0.8631790744466801,0.12144420131291034
AIOT,45,930.2585600000001,0.16324264297612437,0.6960087479496992,0.7105263157894737,0.23426382047071703,0.18777292576419213,0.04800872885979269,0.21943231441048036,0.1593647316538883,0.6878483835005574,0.1899288451012589,0.18708971553610504,NA,0.6274509803921569,0.6228758169934641,0.11602951039570758,0.5185995623632385
LII,20,23765.17199,0.6679622431982232,0.3187534171678513,0.5274356103023516,0.367816091954023,0.2789301310043668,0.07037643207855974,0.4421397379912664,0.29518072289156627,0.37068004459308806,0.9983579638752053,0.975929978118162,0.8657407407407407,0.6209150326797386,0.907843137254902,0.818242790073776,0.5820568927789934
COST,30,431458.35095999995,0.5918933925596891,0.6473482777474029,0.5447928331466965,0.3284072249589491,0.6566593886462883,0.132569558101473,0.35917030567685587,0.23986856516976998,0.09754738015607581,0.8516694033935414,0.8391684901531729,0.44058641975308643,0.8457516339869281,0.6359477124183006,0.9490274983232729,0.6061269146608315
BMRN,35,12584.19549,0.20932815102720712,0.36905412793876435,0.3062709966405375,0.25779967159277506,0.25163755458515286,0.6044735406437534,0.3160480349344978,0.21686746987951808,0.907469342251951,0.30596606458675424,0.45568927789934355,0.5540123456790124,0.30065359477124187,0.34444444444444444,0.7357478202548625,0.11925601750547044
ZD,50,2515.30785,0.6635202665186007,0.768726079825041,0.7318029115341546,0.8089764641488779,0.6271834061135371,0.8679759956355702,0.35207423580786024,0.9145673603504929,0.3717948717948718,0.28407224958949095,0.34846827133479213,0.39814814814814814,0.261437908496732,0.1915032679738562,0.7478202548625084,0.7428884026258206
ECPG,40,1165.241835,0.5419211549139367,0.5724439584472389,0.883538633818589,0.8817733990147784,0.8149563318777293,0.8968903436988543,0.027292576419213975,0.5629791894852135,0.7051282051282052,0.14012041598248495,0.1613785557986871,0.28703703703703703,NA,NA,0.2347417840375587,0.7346827133479212
DVN,10,24929.355000000003,0.9966685174902832,0.5494805904866047,0.9339305711086227,0.8675424192665572,0.665938864628821,0.7332242225859247,0.9716157205240175,0.9726177437020811,0.6293199554069119,0.8686371100164204,0.9212253829321663,0.3001543209876543,0.7875816993464052,0.6522875816993464,0.7981220657276995,0.8572210065645514
NTCT,45,1569.16796,0.5924486396446419,0.9092400218698743,0.8471444568868981,0.48987411056376573,0.6162663755458515,0.9650845608292417,0.0638646288209607,0.7415115005476451,0.9219620958751393,0.1932129173508484,0.14824945295404815,0.13194444444444445,0.5013071895424837,0.303921568627451,0.6237424547283702,0.7204595185995624
BLK,40,158410.23965121002,0.33092726263187117,0.4778567523236742,0.6825307950727884,0.4050355774493706,0.15065502183406113,0.4713584288052373,0.5545851528384279,0.332420591456736,0.447603121516165,0.6201423097974822,0.5891684901531729,0.35648148148148145,NA,NA,0.8698859825620389,0.08916849015317285
AKAM,45,14124.34254,0.5652415324819545,0.15199562602515038,0.5347144456886899,0.5873015873015873,0.35534934497816595,0.5335515548281505,0.5971615720524017,0.5399780941949617,0.8333333333333334,0.5637657361795293,0.6679431072210066,0.2978395061728395,0.3803921568627451,0.3130718954248366,0.932260228034876,0.7724288840262582
EGBN,40,886.73072,0.7201554691837868,0.4838709677419355,0.0778275475923852,0.9753694581280788,0.7199781659388647,0.9781778505182761,0.9459606986899564,0.7940854326396495,0.5306577480490524,0.4121510673234811,0.31072210065645517,0.45987654320987653,NA,NA,NA,0.21717724288840268
TKO,50,11195.454811500002,0.35147140477512495,0.0010934937124111865,0.14669652855543114,0.5287356321839081,0.19541484716157206,0.6082924168030551,0.37663755458515286,0.42716319824753557,0.81438127090301,0.458128078817734,0.48194748358862144,0.9243827160493827,0.8045751633986928,0.5117647058823529,0.3474178403755869,0.4349015317286652
LCII,25,3076.06422,0.77623542476402,0.9207217058501913,0.9568868980963046,0.9408866995073891,0.8471615720524017,0.6508456082924168,0.4012008733624454,0.47754654983570644,0.20122630992196208,0.331143951833607,0.424507658643326,0.44212962962962965,0.2522875816993464,0.7862745098039216,0.3970489604292421,0.9168490153172867
KTOS,20,4092.59466,0.13103831204886174,0.45270639693821757,0.30459126539753645,0.24521072796934865,0.33679039301310043,0.4260774686306601,0.24017467248908297,0.1955093099671413,0.2909698996655518,0.2435686918445539,0.22210065645514224,NA,0.4084967320261438,0.6986928104575163,0.24882629107981222,0.5218818380743983
A,35,39642.644159999996,0.5841199333703498,0.5975943138326955,0.687010078387458,0.5259989053092501,0.22762008733624453,0.29623567921440264,0.5201965065502183,0.3247535596933187,0.6566332218506131,0.7684729064039408,0.8610503282275711,0.7021604938271605,0.2830065359477124,0.32352941176470584,0.8202548625083836,0.5464989059080962
TDY,45,22614.086986020004,0.614658523042754,0.6478950246036086,0.5985442329227324,0.47400109469074986,0.3324235807860262,0.6317512274959084,0.601528384279476,0.42059145673603504,0.5518394648829431,0.49480021893814996,0.6799781181619255,0.8040123456790124,0.5052287581699346,0.6,0.8001341381623072,0.11050328227571116
UPS,20,99261.53640000001,0.889505830094392,0.7249863313285949,0.8477043673012318,0.6371100164203612,0.7783842794759825,0.3949809056192035,0.8073144104803494,0.7771084337349398,0.10813823857302118,0.8894362342638205,0.8063457330415755,0.19753086419753085,0.7758169934640523,0.6124183006535948,0.7578806170355467,0.5437636761487965
BGC,40,3606.39084,0.3581343697945586,0.547840349917988,0.34882418812989924,0.8440065681444991,0.6402838427947598,0.4451718494271686,0.2953056768558952,0.37130339539978097,0.06744704570791528,0.3284072249589491,0.34463894967177244,0.8433641975308642,NA,NA,0.2528504359490275,0.862144420131291
PKG,15,22347.975148049998,0.606329816768462,0.3335155822854019,0.8309070548712206,0.5320197044334976,0.4568777292576419,0.38461538461538464,0.5480349344978166,0.5268346111719606,0.3054626532887402,0.7361795292829776,0.7970459518599562,0.6234567901234568,0.2915032679738562,0.34967320261437906,0.8497652582159625,0.6679431072210066
EW,35,42082.23,0.28151027207107165,0.22744669218151992,0.37681970884658456,0.32676518883415434,0.18504366812227074,0.31751227495908346,0.5436681222707423,0.35268346111719606,0.9158305462653289,0.7733990147783252,0.9245076586433261,0.25308641975308643,0.19281045751633985,0.23660130718954253,0.9678068410462777,0.03282275711159732
EPC,30,1782.21418,0.8822876179900055,0.6686714051394205,0.5851063829787234,0.8374384236453202,0.8493449781659389,0.9219858156028369,0.787117903930131,0.7825848849945235,0.5546265328874025,0.39901477832512317,0.4896061269146608,0.9290123456790124,0.4601307189542484,0.5660130718954248,0.40643863179074446,0.3588621444201313
EXPD,20,17026.680640000002,0.7990005552470849,0.9693821760524877,0.9820828667413214,0.6902025177887247,0.631004366812227,0.2864157119476268,0.648471615720524,0.4874041621029573,0.10367892976588629,0.8237547892720306,0.9130196936542669,0.17592592592592593,0.41241830065359475,0.3529411764705882,0.9805499664654594,0.6208971553610503
WULF,45,3044.8141199999995,0.10716268739589117,0.15363586659376705,0.0050391937290034106,0.16037219485495346,0.04585152838427948,0.14948172394980905,0.15775109170305676,0.14786418400876233,0.721850613154961,0.08483853311439518,0.07330415754923414,NA,0.9882352941176471,0.6084967320261438,0.14352783366867874,0.9704595185995624
SLAB,45,3590.3712,0.1260410882842865,0.9939857845817387,0.9490481522956327,0.1839080459770115,0.29093886462882096,0.5439170758319695,0.20305676855895197,0.1796276013143483,0.7413600891861761,0.2260536398467433,0.1985776805251641,0.032407407407407406,0.1189542483660131,0.13725490196078427,0.11804158283031523,0.15317286652078776
MET,40,61092.2166,0.49250416435313715,0.5533078184800437,0.7715565509518477,0.9759168035030104,0.8264192139737991,0.6415711947626841,0.4568777292576419,0.6571741511500547,0.0947603121516165,0.3486590038314176,0.2576586433260394,0.4853395061728395,NA,NA,0.3950368879946345,0.2768052516411379
GBCI,40,6564.61022,0.31593559133814547,0.5057408419901586,0.2463605823068309,0.7476737821565408,0.22816593886462883,0.6579378068739771,0.5463973799126638,0.359802847754655,0.8205128205128205,0.39627805145046524,0.3041575492341357,0.4567901234567901,NA,NA,NA,0.2275711159737418
MNST,30,53615.0276,0.32704053303720154,0.17386550027337344,0.3426651735722285,0.4373289545703339,0.1730349344978166,0.3087834151663939,0.5120087336244541,0.32365826944140197,0.6588628762541806,0.7597153804050356,0.9529540481400438,0.8464506172839507,0.10392156862745094,0.13267973856209148,0.9993293091884641,0.22374179431072205
EXEL,35,10419.5388,0.2887284841754581,0.8496446145434664,0.3337066069428891,0.44061302681992337,0.23034934497816595,0.4037097654118931,0.388646288209607,0.21358159912376778,0.9972129319955407,0.44772851669403396,0.7182713347921226,0.36496913580246915,0.19738562091503264,0.14771241830065363,NA,0.4775711159737418
HSTM,35,1006.7365,0.7679067184897279,0.6828868234007655,0.5576707726763718,0.7022441160372195,0.36572052401746724,0.5586470267321331,0.3384279475982533,0.46276013143483025,0.782608695652174,0.3240284619594964,0.486870897155361,0.6180555555555556,0.773202614379085,0.4581699346405229,0.9745137491616365,0.8041575492341356
ON,45,30282.68264,0.49416990560799556,0.28321487151448876,0.7043673012318029,0.31089217296113847,0.35917030567685587,0.45444626295690127,0.8302401746724891,0.7322015334063526,0.6415830546265329,0.8604269293924466,0.9431072210065645,0.10802469135802469,0.2712418300653595,0.2849673202614379,0.9215291750503019,0.07877461706783373
FULT,40,3928.0994999999994,0.5347029428095502,0.5877528704209951,0.09798432250839861,0.8100711548987412,0.49290393013100436,0.7632296781232951,0.8335152838427947,0.7141292442497261,0.8076923076923077,0.5396825396825397,0.3309628008752735,0.20833333333333334,NA,NA,NA,0.15973741794310725
BHLB,40,1309.90848,0.6807329261521377,0.39584472389283765,0.10750279955207165,0.9014778325123153,0.5796943231441049,0.8690671031096563,0.7237991266375546,0.9819277108433735,0.7307692307692307,0.37766830870279144,0.2773522975929978,0.6319444444444444,NA,NA,NA,0.20951859956236318
CRL,35,10179.132160000001,0.634647418101055,0.3548387096774194,0.578387458006719,0.5128626163108921,0.5163755458515283,0.5782869612656847,0.6746724890829694,0.5766703176341731,0.5016722408026756,0.6267104542966612,0.6673960612691466,0.6095679012345679,0.5758169934640522,0.6816993464052288,0.5117370892018779,0.3544857768052516
VC,25,2578.78603,0.866740699611327,0.25806451612903225,0.538073908174692,0.6611932129173509,0.8908296943231441,0.6219312602291326,0.980349344978166,0.9036144578313253,0.11148272017837235,0.9425287356321839,0.9562363238512035,0.7685185185185185,0.49215686274509807,0.47777777777777775,0.8383635144198525,0.021334792122538304
INSM,35,13446.349479999999,0.1265963353692393,0.9726626571897211,0.18365061590145582,0.11877394636015326,0.0453056768558952,0.0447354064375341,0.10425764192139737,0.0755750273822563,0.9303232998885173,0.9928845101258894,0.016958424507658644,NA,0.13921568627450975,0.10196078431372546,0.09926224010731052,0.9097374179431073
ISRG,35,193049.018,0.10938367573570239,0.15308911973756156,0.3208286674132139,0.24904214559386972,0.05294759825327511,0.15439170758319695,0.2903930131004367,0.18127053669222343,0.8433667781493869,0.632183908045977,0.8818380743982495,0.3109567901234568,0.10718954248366008,0.11568627450980395,NA,0.14332603938730848
MRVL,45,80195.388,0.23653525818989452,0.878622197922362,0.816909294512878,0.307608100711549,0.08897379912663755,0.358974358974359,0.1965065502183406,0.18181818181818182,0.7285395763656634,0.20415982484948003,0.16466083150984684,0.4251543209876543,0.5045751633986928,0.4980392156862745,0.12541918175720992,0.8304157549234136
ACLS,45,2413.24544,0.5163797890061077,0.10060142154182616,0.196528555431131,0.6694033935413246,0.5780567685589519,0.563557010365521,0.9312227074235808,0.8663745892661555,0.5412486064659978,0.8680897646414888,0.9721006564551422,0.2569444444444444,0.15751633986928104,0.19084967320261437,0.9429912810194501,0.023522975929978096
ENTG,45,15949.918740000001,0.21599111604664076,0.946965554948059,0.4820828667413214,0.29064039408866993,0.29639737991266374,0.3971631205673759,0.30458515283842796,0.35815991237677985,0.5813823857302118,0.34756431308155444,0.412472647702407,NA,0.15228758169934642,0.35163398692810455,0.266934942991281,0.525711159737418
ILMN,35,22862.188414,0.34258745141588004,0.9644614543466375,0.7273236282194848,0.30268199233716475,0.25818777292576417,0.4440807419530824,0.11135371179039301,0.21193866374589265,0.8277591973244147,0.14504652435686918,0.11105032822757112,0.8850308641975309,0.5183006535947712,0.43137254901960786,0.1743796109993293,0.9135667396061269
BRKR,35,8785.1041,0.5524708495280399,0.16839803171131762,0.2698768197088466,0.4340448823207444,0.4388646288209607,0.3262411347517731,0.6894104803493449,0.49014238773274915,0.6594202898550725,0.8817733990147784,0.8429978118161926,0.7739197530864198,0.47058823529411764,0.5699346405228758,0.9128101945003353,0.0683807439824945
AVNT,15,4682.405,0.337034980566352,0.7725533078184801,0.8258678611422172,0.34209085933223865,0.6937772925764192,0.7321331151118385,0.34661572052401746,0.6139101861993428,0.43478260869565216,0.30049261083743845,0.3561269146608315,0.11265432098765432,0.465359477124183,0.4183006535947712,0.28504359490274983,0.3036105032822757
ITGR,35,4712.651,0.2920599666851749,0.44723892837616186,0.2933930571108623,0.3065134099616858,0.4421397379912664,0.5570103655210038,0.38209606986899564,0.3937568455640745,0.3350055741360089,0.3634373289545703,0.49398249452954046,0.7037037037037037,0.25620915032679736,0.8601307189542484,0.4567404426559356,0.3922319474835886
TTMI,45,2486.00422,0.3181565796779567,0.7036632039365773,0.864501679731243,0.2922824302134647,0.7707423580786026,0.7768685215493726,0.21124454148471616,0.6697699890470975,0.22073578595317725,0.23918992884510126,0.22319474835886213,0.08950617283950617,0.40980392156862744,0.4444444444444444,0.323943661971831,0.6427789934354486
TPR,25,14513.48208,0.61188228761799,0.01913613996719521,0.6752519596864501,0.7909140667761357,0.5709606986899564,0.4026186579378069,0.743995633187773,0.6653888280394304,0.8846153846153846,0.8620689655172413,0.7543763676148797,0.7052469135802469,0.0934640522875817,0.08039215686274515,0.5063715627095908,0.48905908096280093
JKHY,40,12853.91589041,0.8367573570238757,0.44231820667031163,0.4994400895856663,0.5511767925561029,0.22707423580786026,0.32351336606655756,0.5032751091703057,0.43099671412924423,0.6159420289855072,0.7668308702791461,0.8938730853391685,0.7129629629629629,0.8326797385620915,0.9169934640522875,0.914822266934943,0.6635667396061269
FLR,20,9627.193080000001,0.21043864519711272,0.6008747949699289,0.3527435610302352,0.2939244663382594,0.8979257641921398,0.3900709219858156,0.33024017467248906,0.3072289156626506,0.04180602006688963,0.3918992884510126,0.4201312910284464,NA,0.5450980392156863,0.37712418300653594,0.4815560026827633,0.2319474835886215
ALGN,35,17376.978810000004,0.7284841754580789,0.5910333515582286,0.5929451287793953,0.5046524356869184,0.29967248908296945,0.3917075831969449,0.45414847161572053,0.3828039430449069,0.8639910813823858,0.5659551176792557,0.7385120350109409,0.8503086419753086,0.7313725490196079,0.5235294117647059,NA,0.5979212253829322
EXAS,35,11489.51808,0.11771238200999445,0.5183160196828869,0.2357222844344905,0.2441160372194855,0.28875545851528384,0.475177304964539,0.1779475982532751,0.13253012048192772,0.9052396878483835,0.2014230979748221,0.17450765864332604,NA,0.34705882352941175,0.21830065359477124,0.08115358819584172,0.600109409190372
GPN,40,30274.7252,0.6240977234869517,0.2290869327501367,0.477043673012318,0.645320197044335,0.4153930131004367,0.8925259138025096,0.5365720524017468,0.6741511500547646,0.9175027870680045,0.3218390804597701,0.42396061269146607,0.4375,0.8339869281045752,0.673202614379085,0.4473507712944333,0.3533916849015317
FLO,30,4763.72676,0.8395335924486397,0.5374521596500821,0.5173572228443448,0.6064586754241926,0.8198689956331878,0.5062738679759956,0.4574235807860262,0.6073384446878423,0.5908584169453734,0.44991789819376027,0.5344638949671773,0.566358024691358,0.8032679738562092,0.938562091503268,0.7015425888665325,0.675601750547046
IDT,50,1222.52536,0.8023320377568017,0.3608529250956807,0.7458006718924972,0.6185002736726875,0.7996724890829694,0.3802509547190398,0.7216157205240175,0.7020810514786419,0.3874024526198439,0.8461959496442255,0.8703501094091903,0.8070987654320988,0.580392156862745,0.31895424836601305,NA,0.3473741794310722
BFH,40,2924.7334499999997,0.9694614103275958,0.9218151995626025,0.26315789473684215,0.9983579638752053,0.9093886462882096,0.933442444080742,0.9907205240174672,0.984118291347207,0.2870680044593088,0.8352490421455939,0.48577680525164113,0.5177469135802469,NA,NA,0.45875251509054327,0.5596280087527352
FIS,40,45921.59619999999,0.7756801776790672,0.9453253143794423,0.9675251959686451,0.8319649698960043,0.28602620087336245,0.6601200218221495,0.29967248908296945,0.348302300109529,0.6098104793756968,0.2835249042145594,0.3085339168490153,0.5578703703703703,0.9176470588235294,0.9640522875816994,0.30181086519114686,0.6591903719912473
MDLZ,30,86850.7503,0.8051082731815657,0.6878075451066157,0.32306830907054873,0.5637657361795293,0.5283842794759825,0.5701036552100381,0.75,0.5153340635268346,0.483835005574136,0.7000547345374931,0.7215536105032823,0.5910493827160493,0.954248366013072,0.865359477124183,0.7592219986586184,0.10995623632385121
AXON,20,49333.936325099996,0.1110494169905608,0.13996719518862766,0.1293393057110862,0.2413793103448276,0.05131004366812227,0.09328968903436989,0.26419213973799127,0.16046002190580505,0.7536231884057971,0.5610290093048714,0.6405908096280087,0.279320987654321,0.23202614379084963,0.20392156862745103,0.8725687458081824,0.18544857768052514
PDFS,45,1225.2268000000001,0.10494169905607996,0.5101148168398032,0.3734602463605823,0.24302134646962234,0.17576419213973798,0.3606110201854883,0.2603711790393013,0.1714129244249726,0.8584169453734671,0.27367268746579093,0.3364332603938731,0.08487654320987655,0.15032679738562094,0.13921568627450975,NA,0.4644420131291028
ZBH,35,22316.195399999997,0.7940033314825097,0.6036085292509568,0.503919372900336,0.5889436234263821,0.4306768558951965,0.7452264048008729,0.6653930131004366,0.6637458926615553,0.8946488294314381,0.42966611932129173,0.6050328227571116,0.5748456790123457,0.5398692810457517,0.8111111111111111,0.6485580147551978,0.35010940919037203
OMCL,35,2157.9090300000003,0.43864519711271516,0.6697648988518317,0.8773796192609182,0.7186644772851669,0.6179039301310044,0.7304964539007093,0.20414847161572053,0.2902519167579409,0.6025641025641025,0.23426382047071703,0.2149890590809628,0.9483024691358025,0.29803921568627456,0.23986928104575167,0.1374916163648558,0.7811816192560175
OVV,10,11823.91608,0.9961132704053304,0.07490431930016406,0.8857782754759238,0.8478379857690203,0.7800218340611353,0.9088925259138025,0.9792576419213974,0.9764512595837898,0.5707915273132664,0.7854406130268199,0.8665207877461707,0.24845679012345678,0.961437908496732,0.9973856209150327,0.6767270288397049,0.8659737417943107
ELV,35,94383.38176077,0.7234869516935036,0.42099507927829416,0.42889137737961924,0.7619047619047619,0.9137554585152838,0.6377523186033824,0.7805676855895196,0.8625410733844469,0.14604236343366778,0.6540777230432403,0.6471553610503282,0.4058641975308642,0.6111111111111112,0.36078431372549025,0.7209926224010731,0.2893873085339168
PFG,40,19919.747339999998,0.47695724597445865,0.49425915800984144,0.9440089585666294,0.9660645867542419,0.6926855895196506,0.7812329514457174,0.5212882096069869,0.37075575027382257,0.04793756967670011,0.35686918445539134,0.25601750547045954,0.5972222222222222,NA,NA,0.4245472837022133,0.23249452954048144
AMN,35,991.06622,0.9955580233203776,0.6451612903225806,0.958006718924972,0.9863163656267104,0.9743449781659389,0.9028914348063284,0.9874454148471615,0.9731653888280394,0.375139353400223,0.7723043240284619,0.7335886214442013,0.16203703703703703,0.6784313725490196,0.8869281045751634,NA,0.5897155361050328
AYI,20,9897.45547,0.6651860077734592,0.24384909786768727,0.751959686450168,0.6677613574165299,0.49945414847161573,0.4315330060010911,0.6337336244541485,0.5235487404162102,0.5830546265328874,0.7257799671592775,0.8632385120350109,0.5131172839506173,0.2686274509803922,0.2666666666666667,0.8712273641851107,0.5815098468271335
AAP,25,2470.04225,0.4619655746807329,0.6003280481137234,0.6511758118701008,0.34811165845648606,0.9808951965065502,0.9607201309328969,0.3089519650655022,0.5306681270536692,0.5161649944258639,0.2698412698412698,0.2592997811816193,0.08641975308641975,0.7189542483660131,0.869281045751634,0.24949698189134809,0.3074398249452954
PRU,40,46069.96,0.7157134925041644,0.48605795516675776,0.832026875699888,0.933223864258347,0.8367903930131004,0.762684124386252,0.732532751091703,NA,0.32998885172798215,0.5298303229337712,0.26422319474835887,0.6257716049382716,NA,NA,0.37290409121395035,0.19146608315098468
CNC,35,30291.9,0.8939478067740144,0.2870420995079278,0.5044792833146696,0.9797482211275315,0.9852620087336245,0.9050736497545008,0.9001091703056768,0.9244249726177437,0.07357859531772576,0.5199781061850027,0.5082056892778993,0.6736111111111112,0.7705882352941177,0.4862745098039216,0.5251509054325956,0.6701312910284464
SYNA,45,3213.53176,0.2076624097723487,0.34281027884089665,0.9624860022396416,0.47181171319102355,0.3941048034934498,0.6633933442444081,0.6004366812227074,0.17798466593647316,0.6711259754738016,0.4663382594417077,0.5935448577680525,0.12654320987654322,0.13594771241830061,0.1143790849673203,0.13883299798792756,0.17067833698030632
CCOI,50,4029.28256,0.21987784564131038,0.006014215418261304,0.0543113101903695,0.14559386973180077,0.29694323144104806,0.46808510638297873,0.993995633187773,0.21522453450164294,0.5468227424749164,0.9989053092501369,0.99945295404814,0.030864197530864196,0.6372549019607843,0.6450980392156862,0.13682092555331993,0
GME,25,12971.1155,0.11604664075513603,0.9458720612356479,0.8717805151175813,0.17569786535303777,0.5180131004366813,0.2133115111838516,0.25109170305676853,0.15717415115005476,0.23801560758082496,0.2627257799671593,0.2565645514223195,0.006172839506172839,0.3901960784313725,0.2522875816993464,NA,0.025711159737417888
UCB,40,4033.0934700000003,0.31204886174347585,0.21268452706396934,0.09630459126539759,0.6600985221674877,0.42248908296943233,0.8608837970540099,0.6724890829694323,0.8466593647316539,0.729654403567447,0.3694581280788177,0.2948577680525164,0.1404320987654321,NA,NA,NA,0.17669584245076586
ABG,25,5089.29001413,0.7806774014436424,0.09896118097320938,0.7726763717805152,0.4904214559386973,0.9601528384279476,0.806873977086743,0.9486899563318777,0.7694414019715224,0.15217391304347827,0.7323481116584565,0.7084245076586433,0.11419753086419752,0.7908496732026143,0.9738562091503268,0.6096579476861167,0.051969365426695835
JBLU,20,2070.85569,0.3470294280955025,0.4111536358665938,0.5459126539753639,0.0120415982484948,0.9814410480349345,0.9907255864702673,0.03384279475982533,0.7294633077765608,0.24749163879598662,0.18719211822660098,0.19420131291028447,NA,0.9620915032679739,0.5542483660130719,0.1488933601609658,0.5716630196936543
NFLX,50,379074.02897999994,0.4869516935036091,0.6889010388190269,0.49888017917133254,0.3492063492063492,0.1168122270742358,0.1287506819421713,0.3269650655021834,0.20481927710843373,0.5128205128205128,0.8133552271483306,0.849015317286652,0.9398148148148148,0.7607843137254902,0.3790849673202614,0.7364185110663984,0.44693654266958427
PNFP,40,9818.611949999999,0.27373681288173235,0.20667031164570804,0.0571108622620381,0.5582922824302134,0.3646288209606987,0.7419530823786143,0.7516375545851528,0.6456736035049289,0.6811594202898551,0.49206349206349204,0.3550328227571116,0.28780864197530864,NA,NA,NA,0.11597374179431075
VRNT,45,1569.582,0.8128817323709051,0.8343357025697102,0.6573348264277716,0.8166392993979201,0.6533842794759825,0.4724495362793235,0.4383187772925764,0.7048192771084337,0.8745819397993311,0.3262178434592228,0.3949671772428884,0.5941358024691358,0.6405228758169934,0.4673202614379085,0.7397719651240778,0.5421225382932167
NPO,20,3969.58740992,0.36812881732370906,0.8769819573537452,0.7631578947368421,0.5878489326765188,0.35152838427947597,0.5946535733769777,0.2609170305676856,0.43428258488499455,0.5139353400222966,0.2654625068418172,0.2675054704595186,0.7939814814814815,0.20065359477124178,0.17908496732026147,0.40710932260228033,0.7221006564551422
RUSHA,20,3861.4674000000005,0.5941143808995003,0.20721705850191363,0.3751399776035834,0.1746031746031746,0.9301310043668122,0.7114020731042008,0.9028384279475983,0.8543263964950711,0.19620958751393533,0.7241379310344828,0.774617067833698,0.023148148148148147,0.6490196078431373,0.8568627450980393,0.7189805499664654,0.08752735229759301
BANC,40,2728.0259,0.21265963353692394,0.8906506287588847,0.8286674132138858,0.5922276956759716,0.6353711790393013,0.906164757228587,0.0032751091703056767,0.02683461117196057,0.11204013377926421,0.05747126436781609,0.15919037199124728,0.09722222222222222,NA,NA,NA,0.5552516411378556
SAIA,20,15134.6831319,0.3931149361465852,0.156369600874795,0.6013437849944009,0.2769567597153804,0.25,0.27932351336606653,0.42631004366812225,0.3357064622124863,0.19843924191750278,0.7383689107827038,0.9146608315098468,0.6458333333333334,0.4130718954248366,0.3431372549019608,0.9785378940308518,0.7904814004376368
KMX,25,13008.96828,0.27151582454192114,0.5210497539639147,0.8482642777155656,0.22660098522167488,0.9377729257641921,0.6661211129296236,0.5775109170305677,0.26013143483023,0.08082497212931995,0.4187192118226601,0.4048140043763676,0.06790123456790123,0.36078431372549025,0.5254901960784314,0.539906103286385,0.12308533916849018
CMCSA,50,164860.37623999998,0.9666851749028318,0.562055768179333,0.677491601343785,0.8511220580186097,0.7221615720524017,0.8025095471903982,0.912117903930131,0.8855421686746988,0.3455964325529543,0.7164750957854407,0.6630196936542669,0.48842592592592593,0.9607843137254902,0.7960784313725491,0.5593561368209256,0.548687089715536
WYNN,25,10364.339699999999,0.24597445863409217,0.4969928922908693,0.03303471444568873,0.7859879584017515,0.6730349344978166,0.045280960174577195,0.8253275109170306,0.6237677984665937,0.5245261984392419,0.025725232621784347,0.6307439824945296,NA,0.434640522875817,0.19738562091503264,0.22468142186452045,0.4414660831509847
DKS,25,12000.025539040002,0.9389228206551916,0.5314379442318207,0.5464725643896977,0.7887246852764094,0.8231441048034934,0.4053464266230224,0.8951965065502183,0.8083242059145673,0.4459308807134894,0.9064039408866995,0.8561269146608315,0.7785493827160493,0.48039215686274506,0.4398692810457516,0.8819584171696848,0.5683807439824946
SAFT,40,1273.6939200000002,0.25652415324819544,0.41443411700382726,0.2665173572228443,0.5489874110563766,0.7177947598253275,0.7817785051827605,0.3351528384279476,0.20262869660460023,0.038461538461538464,0.2862616310892173,0.31783369803063455,0.5848765432098766,NA,NA,0.8417169684775319,0.2647702407002188
CME,40,85765.442,0.725152692948362,0.9879715691634773,0.38689809630459127,0.5478927203065134,0.0824235807860262,0.5804691762138571,0.5829694323144105,0.3466593647316539,0.8049052396878483,0.5588396278051451,0.4310722100656455,0.5532407407407407,0.8202614379084967,0.9509803921568627,0.869215291750503,0.14551422319474838
PFS,40,2755.90656,0.3553581343697946,0.5554948059048661,0.17413213885778278,0.6956759715380405,0.33624454148471616,0.7697763229678123,0.6741266375545851,0.4589266155531216,0.7736900780379041,0.4028461959496442,0.3161925601750547,0.3603395061728395,NA,NA,NA,0.1657549234135668
HTLF,40,2897.7394499999996,0.4297612437534703,0.8458173865500274,0.2894736842105263,0.8385331143951834,0.41866812227074235,0.7539552645935624,0.47652838427947597,0.5761226725082147,0.7146042363433668,0.32731253420908596,0.26641137855579866,0.2847222222222222,NA,NA,NA,0.22702407002188185
FORM,45,3102.68706,0.2048861743475847,0.2941498086386003,0.8751399776035834,0.2435686918445539,0.2854803493449782,0.49536279323513366,0.46779475982532753,0.2031763417305586,0.5418060200668896,0.47783251231527096,0.7516411378555798,0.08410493827160494,0.1287581699346405,0.15032679738562094,0.9195171026156942,0.07603938730853388
MOH,35,17039.879428,0.8339811215991116,0.13340623291416076,0.5033594624860023,0.8347016967706623,0.9268558951965066,0.4386252045826514,0.7832969432314411,0.9348302300109529,0.09197324414715718,0.8533114395183361,0.7571115973741794,0.8595679012345679,0.5712418300653594,0.29084967320261434,0.8256203890006707,0.4797592997811816
CVCO,25,4171.0515,0.6057745696835092,0.5330781848004373,0.9132138857782754,0.6272577996715928,0.5458515283842795,0.4408074195308238,0.5867903930131004,0.4134720700985761,0.24414715719063546,0.6502463054187192,0.8654266958424508,0.4382716049382716,0.22026143790849673,0.23333333333333328,0.9704896042924211,0.549234135667396
GPK,15,9031.212599999999,0.8722931704608551,0.34171678512848547,0.6836506159014557,0.5309250136836344,0.8133187772925764,0.6006546644844517,0.8722707423580786,0.8548740416210295,0.31605351170568563,0.8467432950191571,0.7117067833698031,0.2345679012345679,0.7745098039215687,0.9150326797385621,0.5553319919517102,0.45240700218818386
TCBI,40,4087.4514,0.7340366463076069,0.7178786221979223,0.07950727883538633,0.8221127531472359,0.5534934497816594,0.784506273867976,0.6713973799126638,0.9030668127053669,0.677257525083612,0.3716475095785441,0.2855579868708972,0.8804012345679012,NA,NA,NA,0.2007658643326039
UVSP,40,922.4056800000001,0.580788450860633,0.3586659376708584,0.10470324748040316,0.8281335522714833,0.5917030567685589,0.9143480632842335,0.8597161572052402,0.8422782037239869,0.7608695652173914,0.4488232074438971,0.32056892778993434,0.31790123456790126,NA,NA,NA,0.15645514223194745
CNO,40,4118.0391,0.5874514158800667,0.44833242208857305,0.2945128779395296,0.9337712096332786,0.8062227074235808,0.7206764866339335,0.8040393013100436,0.8094194961664841,0.17224080267558528,0.6414887794198139,0.30196936542669583,0.5771604938271605,NA,NA,0.33668678739101277,0.22045951859956237
LKQ,25,10213.8284,0.8767351471404775,0.10661563696008747,0.4563269876819709,0.8505747126436781,0.8695414847161572,0.7937806873977087,0.9088427947598253,0.7831325301204819,0.4866220735785953,0.6617405582922824,0.7210065645514223,0.4351851851851852,0.5980392156862745,0.873202614379085,0.6156941649899397,0.3856673960612691
ANIP,35,1205.8360999999998,0.27262631871182674,0.15418261344997264,0.05095184770436734,0.8314176245210728,0.5147379912663755,0.5450081833060556,0.3411572052401747,0.656078860898138,0.7469342251950948,0.3399014778325123,0.437636761487965,NA,0.17124183006535942,0.21568627450980393,0.25083836351441985,0.8681619256017505
CRI,25,1966.64823,0.9994447529150472,0.7922361946418808,0.8387458006718925,0.9792008757525998,0.8870087336244541,0.6503000545553737,0.9481441048034934,0.8899233296823659,0.6075808249721293,0.8336070060207992,0.8161925601750547,0.9807098765432098,0.38169934640522873,0.4254901960784314,0.7310529845741114,0.87472647702407
SNX,45,10124.62112,0.9272626318711826,0.7457627118644068,0.828107502799552,0.9118773946360154,0.9890829694323144,0.9110747408619749,0.7723799126637555,0.8263964950711938,0.05239687848383501,0.40120415982484947,0.4299781181619256,NA,0.7196078431372549,0.9156862745098039,0.49295774647887325,0.3517505470459519
MGRC,20,2991.53935,0.277623542476402,0.08583925642427559,0.33762597984322507,0.08866995073891626,0.3673580786026201,0.6039279869067103,0.5813318777292577,0.6336254107338445,0.717948717948718,0.5856595511767926,0.649890590809628,NA,NA,NA,0.5238095238095238,0.09573304157549234
NXST,50,5292.04298,0.9161576901721266,0.861673045379989,0.7872340425531915,0.9512862616310892,0.7838427947598253,0.8423349699945445,0.7942139737991266,0.7376779846659365,0.5746934225195095,0.6097427476737821,0.4726477024070022,0.2638888888888889,0.5751633986928104,0.8032679738562092,0.26626425217974514,0.5711159737417943
ADEA,45,1324.2917999999997,0.863964464186563,0.9179879715691635,0.8762597984322509,0.8894362342638205,0.3881004366812227,0.469721767594108,0.709061135371179,0.8532311062431545,0.7480490523968785,0.7443897099069513,0.6591903719912473,0.36419753086419754,0.4117647058823529,0.3758169934640523,0.3319919517102616,0.7062363238512035
KRO,15,1301.05716,0.15824541921154914,0.865500273373428,0.8936170212765957,0.13628899835796388,0.8537117903930131,0.7801418439716312,0.13427947598253276,0.13417305585980285,0.09364548494983277,0.20799124247400108,0.187636761487965,0.017746913580246913,0.22941176470588232,0.49215686274509807,0.11468812877263582,0.37144420131291034
NNI,40,2791.075,0.5074958356468628,0.9518862766539092,0.19876819708846583,0.9173508483853311,0.7281659388646288,0.9645390070921985,0.5398471615720524,0.5969331872946331,0.6059085841694537,0.2955665024630542,0.27297592997811815,0.21064814814814814,NA,NA,0.22132796780684105,0.2833698030634574
PIPR,40,6098.3620222,0.4430871737923376,0.7709130672498633,0.7877939529675252,0.5845648604269293,0.3002183406113537,0.348063284233497,0.32259825327510916,0.27546549835706463,0.10925306577480491,0.4099616858237548,0.5519693654266958,NA,NA,NA,0.8309859154929577,0.7718818380743983
TPX,25,9721.094939999999,0.8561910049972238,0.4893384363039912,0.6802911534154535,0.5495347564313081,0.601528384279476,0.11620294599018004,0.5884279475982532,0.4660460021905805,0.5590858416945373,0.9885057471264368,0.7653172866520788,0.9591049382716049,0.7137254901960784,0.888235294117647,0.5244802146210596,0.5120350109409191
UTI,25,1392.24579,0.169905607995558,0.07326407873154728,0.0750279955207167,0.20853858784893267,0.5502183406113537,0.32405891980360063,0.2865720524017467,0.27765607886089816,0.6042363433667781,0.35030103995621237,0.41192560175054704,NA,0.7718954248366013,0.36797385620915035,0.3843058350100604,0.6028446389496718
APLD,45,2175.1259,0.10216546363131594,0.007654455986878084,0.007278835386338223,0.09085933223864258,0.09934497816593886,0.1347517730496454,0.09006550218340612,0.14512595837897044,0.6962095875139354,0.022441160372194856,0.053610503282275714,NA,1,0.9124183006535947,0.1153588195841717,0.9890590809628009
DVAX,35,1689.0967,0.27429205996668515,0.6511755057408419,0.9921612541993281,0.6743295019157088,0.1784934497816594,0.5722858701582105,0.2314410480349345,0.11281489594742607,0.9225195094760312,0.24192665571975916,0.2210065645514223,0.7870370370370371,0.02026143790849677,0.02352941176470591,0.10731052984574112,0.838074398249453
HTH,40,2056.0472999999997,0.5491393670183231,0.6440677966101696,0.40817469204927215,0.9742747673782156,0.7308951965065502,0.9416257501363884,0.726528384279476,0.9687842278203724,0.17725752508361203,0.34318555008210183,0.2861050328227571,0.13657407407407407,NA,NA,0.289738430583501,0.29540481400437635
AIZ,40,11647.27821287,0.7751249305941144,0.6309458720612356,0.43505039193729,0.7947454844006568,0.7903930131004366,0.6197490452809602,0.7385371179039302,0.7995618838992333,0.08695652173913043,0.6185002736726875,0.41466083150984684,0.8580246913580247,NA,NA,0.7035546613011402,0.2565645514223195
NRG,55,20582.73126,0.26096612992781787,0.9332968835429196,0.8409854423292273,0.12205801860974275,0.8744541484716157,0.1718494271685761,0.2019650655021834,0.4173055859802848,0.046822742474916385,0.20032840722495895,0.21772428884026257,NA,0.8169934640522876,0.9071895424836601,0.18376928236083165,0.12472647702407003
UCTT,45,1731.6558,0.334258745141588,0.8627665390924002,0.9552071668533034,0.5030103995621237,0.8051310043668122,0.6895799236224768,0.17685589519650655,0.42113910186199344,0.1527313266443701,0.2200328407224959,0.20295404814004375,NA,0.2431372549019608,0.32418300653594767,0.20590207914151576,0.7680525164113785
CORT,35,6043.422,0.21488062187673515,0.39639147074904324,0.23404255319148937,0.3738368910782704,0.10480349344978165,0.1789416257501364,0.3624454148471616,0.2059145673603505,0.9983277591973244,0.7547892720306514,0.9474835886214442,0.4992283950617284,0.12745098039215685,0.09999999999999998,NA,0.4190371991247265
CYTK,35,6113.72354,0.09883398112159911,0.967741935483871,0.9955207166853304,0.0755336617405583,0.028930131004366814,0.033278777959629025,0.07150655021834061,0.05147864184008762,0.006131549609810479,0.9852216748768473,0.010940919037199124,NA,0.07189542483660127,0.04967320261437913,0.08383635144198524,0.8708971553610503
GNW,40,3330.8496,0.529705719044975,0.46036085292509565,0.6875699888017917,0.9622331691297209,0.9405021834061136,0.994544462629569,0.4181222707423581,0.9906900328587076,0.04905239687848383,0.26655719759168034,0.2510940919037199,0.20601851851851852,NA,NA,0.43729040912139505,0.19310722100656452
XPO,20,17740.82882,0.2226540810660744,0.14926189174412252,0.6702127659574468,0.1056376573617953,0.5513100436681223,0.19094380796508456,0.29858078602620086,0.3565169769989047,0.09085841694537347,0.6759715380405036,0.47155361050328226,0.015432098765432098,0.8287581699346405,0.6895424836601307,0.4131455399061033,0.6931072210065645
ACAD,35,2714.8646400000002,0.0971682398667407,0.09568069983597594,0.08902575587905937,0.2638204707170224,0.35262008733624456,0.31860338243316966,0.16102620087336245,0.09090909090909091,0.9464882943143813,0.1592775041050903,0.11761487964989059,NA,0.3222222222222222,0.1941176470588235,NA,0.8583150984682714
ALNY,35,32641.22295981,0.11271515824541921,0.35101148168398033,0.03191489361702127,0.23645320197044334,0.07259825327510917,0.05564648117839607,0.19104803493449782,0.1276013143483023,0.9587513935340022,0.9874110563765737,0.10284463894967177,NA,0.22352941176470587,0.14836601307189545,0.12206572769953052,0.9157549234135667
CBRE,60,42839.46288018,0.2687395891171571,0.28977583378895566,0.5867861142217246,0.25068418171866447,0.7243449781659389,0.375886524822695,0.41975982532751094,0.3263964950711939,0.048494983277591976,0.5643130815544609,0.5908096280087527,0.08333333333333333,0.7372549019607844,0.7908496732026143,0.6975184439973172,0.06345733041575496
CRM,45,315470.43044,0.4425319267073848,0.6582832148715145,0.3863381858902576,0.4570333880678708,0.14737991266375547,0.36442989634478995,0.31495633187772926,0.24863088718510407,0.931438127090301,0.37547892720306514,0.5672866520787746,0.7175925925925926,0.7777777777777778,0.48954248366013076,NA,0.6378555798687089
DPZ,25,16443.79308,0.3631315935591338,0.48551120831055217,0.713885778275476,0.45320197044334976,0.3586244541484716,0.012002182214948172,0.5262008733624454,0.32968236582694416,0.48327759197324416,0.16803503010399562,0.9956236323851203,0.6195987654320988,0.5882352941176471,0.47124183006535947,0.4768611670020121,0.4945295404814004
ENS,20,3849.0011999999997,0.9383675735702388,0.8480043739748496,0.7597984322508399,0.8467432950191571,0.7832969432314411,0.6606655755591926,0.8220524017467249,0.791894852135816,0.3377926421404682,0.6573617952928298,0.7467177242888403,0.8217592592592593,0.31176470588235294,0.5300653594771242,0.6539235412474849,0.5733041575492341
BLKB,45,4257.2689199999995,0.4169905607995558,0.7955166757791143,0.5638297872340425,0.6037219485495348,0.3422489082969432,0.3938897981451173,0.24945414847161573,0.3893756845564075,0.7686733556298774,0.26108374384236455,0.25,0.46296296296296297,0.9084967320261438,0.4529411764705882,0.3594902749832327,0.675054704595186
MNKD,35,1869.77484,0.03331482509716824,0.036085292509568045,0.019596864501679745,0.2140120415982485,0.13973799126637554,0.02236770321876705,0.21724890829694324,0.16812705366922234,0.054626532887402456,0.3344280240831965,0.17833698030634573,NA,0.1705882352941176,0.12745098039215685,0.1676727028839705,0.8665207877461707
CNS,40,5291.40028,0.5080510827318157,0.306178239475123,0.893057110862262,0.38149972632731255,0.12063318777292577,0.16093835242771412,0.4366812227074236,0.26889375684556405,0.3935340022296544,0.8888888888888888,0.9535010940919038,0.8294753086419753,NA,NA,NA,0.6345733041575492
WLK,15,16525.84911294,0.6746252082176568,0.5888463641334063,0.9344904815229563,0.7898193760262726,0.7292576419213974,0.8379705400981997,0.49344978165938863,0.8143483023001096,0.2463768115942029,0.3333333333333333,0.43982494529540483,0.20679012345679013,0.334640522875817,0.2758169934640523,0.6653252850435949,0.776258205689278
GOOGL,50,987174.8499999999,0.8539700166574126,0.2864953526517222,0.44680851063829785,0.7553366174055829,0.4077510917030568,0.4849972722313148,0.8466157205240175,0.7677984665936474,0.7224080267558528,0.8264915161466886,0.9638949671772429,0.5709876543209876,0.3941176470588236,0.24117647058823533,0.9778672032193159,0.7040481400437637
BECN,20,6994.58176,0.9033870072182121,0.5407326407873154,0.4636058230683091,0.8407224958949097,0.8569868995633187,0.46262956901254776,0.7729257641921398,0.6796276013143483,0.25808249721293197,0.7887246852764094,0.7281181619256017,0.845679012345679,0.4555555555555556,0.9300653594771242,0.5586854460093896,0.6105032822757112
ONTO,45,8109.013886090001,0.2071071626873959,0.40295243302351014,0.9305711086226204,0.3524904214559387,0.13155021834061134,0.39879978177850517,0.33624454148471616,0.2393209200438116,0.6354515050167224,0.3853311439518336,0.7035010940919038,0.6265432098765432,0.04379084967320257,0.07124183006535945,NA,0.35940919037199126
MOS,15,8404.886700000001,0.9733481399222654,0.7577911427009295,0.9585666293393057,0.9042145593869731,0.8995633187772926,0.9858156028368794,0.9634279475982532,0.9534501642935378,0.22519509476031216,0.4767378215654078,0.6159737417943107,0.13734567901234568,0.7091503267973855,0.8705882352941177,0.5714285714285714,0.5754923413566739
HURN,20,2178.77221,0.711271515824542,0.4510661563696009,0.2228443449048152,0.6803503010399562,0.6774017467248908,0.45390070921985815,0.4885371179039301,0.4923329682365827,0.33054626532887404,0.5413245758073344,0.6181619256017505,0.7854938271604939,0.6607843137254902,0.9424836601307189,0.6284372904091214,0.6192560175054704
INVA,35,1188.79299,0.7834536368684064,0.65882996172772,0.8045912653975364,0.9003831417624522,0.34497816593886466,0.7392253136933988,0.972707423580786,0.7634173055859803,0.9944258639910813,0.8423645320197044,0.9080962800875274,0.26697530864197533,0.04052287581699343,0.06339869281045751,0.6425217974513749,0.05306345733041573
TXRH,25,13694.382780000002,0.4181010549694614,0.2750136686714051,0.3079507278835386,0.33388067870826493,0.4405021834061135,0.18221494817239497,0.4126637554585153,0.2842278203723987,0.12040133779264214,0.8325123152709359,0.8566739606126915,0.3271604938271605,0.9830065359477124,0.8202614379084967,NA,0.8052516411378556
HALO,35,6130.220600000001,0.6390893947806774,0.8829961727720066,0.17301231802911532,0.7006020799124247,0.17521834061135372,0.07310420076377523,0.6670305676855895,0.4550930996714129,0.8996655518394648,0.986863711001642,0.9234135667396062,0.7476851851851852,0.06339869281045751,0.12352941176470589,0.8470824949698189,0.6263676148796499
ORA,55,4936.13274,0.21932259855635758,0.22635319846910884,0.34546472564389696,0.08319649698960044,0.2210698689956332,0.6813966175668303,0.44868995633187775,0.4611171960569551,0.5886287625418061,0.3563218390804598,0.4551422319474836,NA,0.7183006535947712,0.48496732026143796,0.24346076458752516,0.4403719912472648
MKTX,40,9753.64776,0.4441976679622432,0.10606889010388187,0.4893617021276596,0.44718117131910234,0.10425764192139737,0.2684124386252046,0.4672489082969432,0.3493975903614458,0.6382385730211817,0.7635467980295566,0.9042669584245077,0.5810185185185185,NA,NA,0.97719651240778,0.47811816192560175
MPWR,45,27689.479687799998,0.2915047196002221,0.15910333515582287,0.6405375139977604,0.3727422003284072,0.08351528384279476,0.16584833606110203,0.3406113537117904,0.21084337349397592,0.6956521739130435,0.7832512315270936,0.9611597374179431,0.9128086419753086,0.04967320261437913,0.06928104575163396,NA,0.7910284463894968
NWE,55,3386.98536,0.7545807884508606,0.5215965008201202,0.765397536394177,0.16091954022988506,0.5338427947598253,0.9339879978177851,0.7521834061135371,0.635815991237678,0.4230769230769231,0.3793103448275862,0.4600656455142232,NA,0.9137254901960784,0.9359477124183007,0.34808853118712274,0.45787746170678334
TBBK,40,2800.6667599999996,0.753470294280955,0.7916894477856753,0.0621500559910414,0.7082649151614668,0.29912663755458513,0.4888161483906165,0.8149563318777293,0.9249726177437021,0.8450390189520625,0.8084291187739464,0.4513129102844639,0.716820987654321,NA,NA,NA,0.12363238512035013
BXC,20,1053.4917,0.7673514714047751,0.5511208310552214,0.9641657334826428,0.983032293377121,0.9617903930131004,0.7583196944899072,0.6703056768558951,0.8975903614457831,0.13154960981047936,0.40777230432402845,0.4961706783369803,0.30324074074074076,0.09607843137254901,0.15620915032679739,0.568075117370892,0.9414660831509847
LVS,25,38469.87956,0.5197112715158245,0.7501366867140514,0.012318029115341522,0.6765188834154351,0.3548034934497817,0.22640480087288598,0.5278384279475983,0.5821467688937568,0.6081382385730212,0.856048166392994,0.6444201312910285,NA,0.6666666666666667,0.2823529411764706,0.3755868544600939,0.7850109409190372
CE,15,8002.731519999999,0.852859522487507,0.6468015308911974,0.34322508398656215,0.9551176792556103,0.8717248908296943,0.9372613202400436,0.9896288209606987,0.7447973713033954,0.3115942028985507,0.8576902025177887,0.7407002188183808,0.48919753086419754,0.5738562091503268,0.5431372549019609,0.2749832327297116,0.112144420131291
DLB,45,4680.7948,0.6263187118267629,0.2695462001093494,0.5856662933930571,0.7629994526546251,0.3662663755458515,0.6972176759410802,0.6364628820960698,0.6829134720700986,0.992196209587514,0.4466338259441708,0.7248358862144421,0.6134259259259259,0.17843137254901964,0.16013071895424835,NA,0.6165207877461707
HUN,15,3387.18336,0.3448084397556913,0.9371241115363587,0.9496080627099664,0.20361247947454844,0.912117903930131,0.9410801963993454,0.2232532751091703,0.5832420591456736,0.15942028985507245,0.25177887246852765,0.23796498905908095,0.06558641975308642,0.42418300653594776,0.5281045751633987,0.2414486921529175,0.37253829321663023
PBH,35,4188.06185,0.6662965019433648,0.7452159650082012,0.6858902575587906,0.6748768472906403,0.3531659388646288,0.6873977086743044,0.7019650655021834,0.547645125958379,0.6800445930880713,0.6031746031746031,0.6887308533916849,0.5069444444444444,0.21111111111111114,0.5758169934640522,0.5331991951710262,0.23960612691466088
WEX,40,7505.46078,0.6946141032759579,0.1427009294696555,0.45464725643896975,0.8626163108921729,0.4432314410480349,0.45608292416803053,0.5600436681222707,0.8992332968236583,0.782051282051282,0.6431308155446086,0.42833698030634576,0.6620370370370371,0.7986928104575164,0.45228758169934635,0.4104627766599598,0.5508752735229759
EFSC,40,2249.58552,0.7301499167129373,0.25970475669764903,0.07446808510638303,0.8954570333880679,0.4787117903930131,0.8276050190943808,0.8930131004366813,0.9353778751369113,0.8355629877369007,0.5736179529282978,0.37527352297593,0.6033950617283951,NA,NA,NA,0.18763676148796504
NDAQ,40,47699.166419999994,0.29761243753470296,0.04155276107162387,0.7441209406494961,0.4756431308155446,0.16593886462882096,0.4582651391162029,0.412117903930131,0.33187294633077763,0.4124860646599777,0.5714285714285714,0.5547045951859956,0.4444444444444444,0.8241830065359477,0.3647058823529412,0.607645875251509,0.3298687089715536
PFBC,40,1244.11837,0.8200999444752916,0.5292509568069983,0.04423292273236279,0.9304871373836892,0.5021834061135371,0.7343153300600109,0.9503275109170306,0.9950711938663745,0.705685618729097,0.776135741652983,0.43927789934354483,0.5964506172839507,NA,NA,NA,0.17231947483588617
ULH,20,1371.43098,0.832870627429206,0.5073810825587752,0.9238521836506159,0.16420361247947454,0.8444323144104804,0.6453900709219859,0.8084061135371179,0.8214676889375685,0.1688963210702341,0.7192118226600985,0.7456236323851203,0.04938271604938271,0.6333333333333333,0.8745098039215686,0.5781354795439303,0.7981400437636761
AX,40,4730.0722,0.7001665741254859,0.23892837616183704,0.0907054871220605,0.6737821565407772,0.4890829694323144,0.6835788325150027,0.9170305676855895,0.9780941949616648,0.7084726867335563,0.7602627257799671,0.42560175054704596,0.783179012345679,NA,NA,NA,0.09737417943107218
DXCM,35,30462.504049999996,0.27484730705163796,0.18206670311645712,0.1814109742441209,0.3366174055829228,0.15556768558951964,0.15220949263502456,0.365174672489083,0.23548740416210295,0.802675585284281,0.8095238095238095,0.8014223194748359,0.7746913580246914,0.25163398692810457,0.19215686274509802,0.9114688128772636,0.4239606126914661
LAZ,40,6548.32162,0.14936146585230428,0.9764898851831602,0.8353863381858903,0.37110016420361247,0.50764192139738,0.14784506273867976,0.1970524017467249,0.2727272727272727,0.06465997770345597,0.15708812260536398,0.2062363238512035,0.09182098765432099,NA,NA,0.3568075117370892,0.5136761487964989
MORN,40,15187.36817116,0.3720155469183787,0.7780207763805358,0.4406494960806271,0.30870279146141216,0.17412663755458516,0.18930714675395527,0.2898471615720524,0.24589266155531217,0.6989966555183946,0.5276409414340448,0.562910284463895,0.5756172839506173,0.8601307189542484,0.5444444444444445,0.4835680751173709,0.5541575492341357
ATSG,20,1444.0896,0.784564131038312,0.34335702569710225,0.6500559910414334,0.05747126436781609,0.8815502183406113,0.9579923622476814,0.62117903930131,0.927710843373494,0.26644370122630995,0.32019704433497537,0.38949671772428884,NA,0.8803921568627451,0.8248366013071895,0.3460764587525151,0.9327133479212254
BLDR,20,21459.89995,0.9700166574125486,0.7413887370147622,0.9524076147816349,0.8139025725232621,0.740174672489083,0.41625750136388434,0.8291484716157205,0.776013143483023,0.41081382385730214,0.8653530377668309,0.9102844638949672,0.2029320987654321,0.4810457516339869,0.9483660130718954,0.7699530516431925,0.7024070021881839
OSK,20,7392.0346500000005,0.7118267629094948,0.16129032258064513,0.28163493840985443,0.524904214559387,0.8591703056768559,0.6993998908892526,0.8755458515283843,0.816538882803943,0.15105908584169453,0.6880131362889984,0.725929978118162,0.3487654320987654,0.6065359477124184,0.9418300653594771,0.7833668678739101,0.13293216630196936
THS,30,1758.2080000000003,0.5863409217101611,0.8234007654455987,0.696528555431131,0.2983032293377121,0.9235807860262009,0.9361702127659575,0.5447598253275109,0.78039430449069,0.17391304347826086,0.3065134099616858,0.3758205689277899,NA,0.5869281045751634,0.5352941176470588,0.3024815560026828,0.32549234135667393
WAL,40,10303.55909,0.2870627429205997,0.4822307271733187,0.08174692049272114,0.11548987411056376,0.5332969432314411,0.7163120567375887,0.824235807860262,0.7880613362541073,0.7073578595317725,0.5993431855500821,0.3304157549234136,0.05632716049382716,NA,NA,NA,0.08315098468271331
EXPE,25,22675.582260000003,0.8567462520821766,0.6861673045379989,0.4092945128779395,0.7985769020251778,0.6435589519650655,0.15548281505728315,0.5573144104803494,0.7086527929901424,0.9687848383500557,0.9091406677613574,0.5366520787746171,0.25617283950617287,0.907843137254902,0.5183006535947712,0.5761234071093226,0.7702407002188184
CF,15,15602.633199999998,0.9011660188784009,0.3515582285401859,0.9798432250839866,0.9365079365079365,0.5398471615720524,0.6339334424440808,0.9224890829694323,0.9446878422782037,0.6243032329988851,0.8330596606458676,0.8462800875273523,0.25540123456790126,0.15620915032679739,0.14509803921568631,0.8135479543930249,0.775711159737418
ATRC,35,1762.9084799999998,0.09994447529150471,0.47348277747402956,0.22116461366181406,0.21565407772304324,0.3056768558951965,0.464266230223677,0.17958515283842794,0.1248630887185104,0.9024526198439242,0.2019704433497537,0.15590809628008753,NA,0.17189542483660136,0.18300653594771243,0.10395707578806171,0.613785557986871
RBC,20,10525.46967591,0.30927262631871183,0.7206123564789502,0.509518477043673,0.3924466338259442,0.19268558951965065,0.4337152209492635,0.38919213973799127,0.3088718510405257,0.5579710144927537,0.40831964969896006,0.5826039387308534,0.6635802469135802,0.2032679738562092,0.7287581699346406,0.48960429242119385,0.2510940919037199
AMP,40,55683.69663955,0.4847307051637979,0.27665390924002187,0.3628219484882419,0.79584017515052,0.38209606986899564,0.18166939443535188,0.665938864628821,0.6182913472070098,0.5774804905239688,0.9512862616310892,0.38457330415754926,0.5046296296296297,NA,NA,0.7639168343393695,0.2456236323851203
EVRI,25,1161.74709,0.9339255968906163,0.27173318753417164,0.6002239641657334,0.9140667761357416,0.7063318777292577,0.386797599563557,0.8329694323144105,0.9299014238773274,0.9186176142697882,0.8970990695128627,0.5667396061269147,0.4591049382716049,0.7941176470588236,0.6392156862745098,0.34071093226022803,0.8222100656455142
FNF,40,17345.97621,0.5569128262076624,0.1241115363586659,0.6366181410974244,0.9912424740010947,0.6981441048034934,0.607746863066012,0.50382096069869,0.5996714129244249,0.06967670011148272,0.42309797482211275,0.29048140043763676,0.7191358024691358,NA,NA,0.5298457411133467,0.75
AMSF,40,1124.331,0.4802887284841755,0.8108255877528704,0.5699888017917134,0.41707717569786534,0.36026200873362446,0.45662847790507366,0.740174672489083,0.6095290251916758,0.25752508361204013,0.7432950191570882,0.611597374179431,0.5401234567901234,NA,NA,NA,0.060722100656455114
UAA,25,1833.46162,0.9683509161576902,0.7758337889557135,0.7603583426651735,0.8866995073891626,0.9634279475982532,0.9618112384069831,0.9536026200873362,0.9430449069003286,0.5936454849498328,0.5287356321839081,0.6061269146608315,NA,0.3137254901960784,0.3973856209150327,0.8014755197853789,0.34135667396061264
BKD,35,1131.52984,0.25596890616324264,0.8851831601968289,0.42665173572228443,0.08374384236453201,0.9525109170305677,0.5673758865248227,0.028930131004366814,0.5082146768893757,0.14381270903010032,0.09469074986316366,0.17286652078774617,NA,0.903921568627451,0.46797385620915033,0.15694164989939638,0.636761487964989
ICE,40,92419.37470176001,0.5963353692393115,0.9917987971569163,0.6097424412094066,0.4871373836891078,0.1413755458515284,0.5286415711947627,0.4546943231441048,0.3614457831325301,0.7591973244147158,0.48440065681444994,0.3774617067833698,0.44675925925925924,0.826797385620915,0.9627450980392157,0.5600268276324615,0.2062363238512035
LYV,50,31880.31175,0.14825097168239867,0.18698742482230724,0.1035834266517357,0.451559934318555,0.7134279475982532,0.06928532460447354,0.2942139737991266,0.3658269441401972,0.22742474916387959,0.021893814997263273,0.4037199124726477,0.2330246913580247,0.8477124183006536,0.44705882352941173,0.39302481556002683,0.6203501094091903
CMG,25,83826.72136,0.2487506940588562,0.1831601968288682,0.3236282194848824,0.32129173508483855,0.1544759825327511,0.10147299509001637,0.3329694323144105,0.21905805038335158,0.26588628762541805,0.9184455391351943,0.9338074398249453,0.7044753086419753,0.5549019607843138,0.261437908496732,NA,0.7089715536105032
CLMT,10,1936.27616,0.3603553581343698,0.6872607982504101,0.8689809630459127,0.031198686371100164,0.9366812227074236,0.011456628477905073,0.44268558951965065,0.7902519167579408,0.1164994425863991,0.1839080459770115,0.40043763676148797,NA,0.9261437908496732,0.9816993464052287,0.24077800134138164,0.06400437636761491
HEES,20,2187.14114,0.807329261521377,0.19464188080918532,0.26483762597984317,0.028461959496442254,0.6943231441048034,0.601745771958538,0.861353711790393,0.9326396495071194,0.8244147157190636,0.8899835796387521,0.7160831509846827,NA,NA,NA,0.500335345405768,0.799781181619256
CROX,25,6154.579199999999,0.9672404219877846,0.5527610716238381,0.37961926091825304,0.922824302134647,0.6784934497816594,0.425531914893617,0.9557860262008734,0.8680175246440307,0.6822742474916388,0.9545703338806787,0.9425601750547046,0.7592592592592593,0.669281045751634,0.7326797385620916,0.6089872568745808,0.3812910284463895
UAL,20,31845.06308,0.5974458634092171,0.4390377255330782,0.24692049272116456,0.20032840722495895,0.9044759825327511,0.5155482815057283,0.8820960698689956,0.8877327491785323,0.32051282051282054,0.8691844553913519,0.5443107221006565,0.05709876543209876,0.892156862745098,0.4411764705882353,0.35881958417169685,0.6433260393873086
TDG,20,70454.5014131,0.10882842865074958,0.28376161837069436,0.21388577827547595,0.3415435139573071,0.12172489082969433,0.048554282596835786,0.37172489082969434,0.29572836801752467,0.7196209587513935,0.08538587848932677,0.7144420131291028,0.7137345679012346,0.13267973856209148,0.1633986928104575,0.35077129443326627,0.17396061269146612
GYRE,35,1073.63322,0.11493614658523042,0.003827227993439042,0,0.33497536945812806,0.1381004366812227,0.03000545553737043,0.07041484716157205,0.20920043811610076,0.9966555183946488,0.9917898193760263,0.002188183807439825,NA,0.2503267973856209,0.2013071895424836,NA,1
POR,55,5053.4515200000005,0.4863964464186563,0.37561509021323125,0.40033594624860025,0.024630541871921183,0.652292576419214,0.8576104746317512,0.6582969432314411,0.6730558598028478,0.3171683389074693,0.3924466338259442,0.4288840262582057,NA,0.8895424836601307,0.9915032679738562,0.29845741113346747,0.27297592997811815
DK,10,1203.86475,0.9444752915047196,0.9425915800984145,0.9154535274356103,0.9956212370005474,0.9978165938864629,0.9176213857064921,0.3509825327510917,0.9539978094194962,0.045707915273132664,0.2846195949644226,0.25984682713347923,0.9567901234567902,0.834640522875817,0.6431372549019607,0.20187793427230047,0.8867614879649891
MA,40,485384.69792000006,0.4175458078845086,0.3001640240568617,0.3443449048152296,0.4028461959496442,0.06823144104803494,0.07419530823786143,0.4203056768558952,0.2634173055859803,0.7290969899665551,0.9813902572523262,0.9912472647702407,0.5084876543209876,0.742483660130719,0.47320261437908495,0.8913480885311871,0.28774617067833697
MWA,20,3912.55008,0.3048306496390894,0.6812465828321488,0.6226203807390818,0.33169129720853857,0.42358078602620086,0.37970540098199673,0.4077510917030568,0.37513691128148957,0.3974358974358974,0.5686918445539135,0.6487964989059081,NA,0.20849673202614383,0.40784313725490196,0.6244131455399061,0.2620350109409191
FBMS,40,1158.7308600000001,0.5685730149916713,0.11481683980317114,0.03919372900335949,0.8292282430213465,0.435589519650655,0.8848881614839061,0.7914847161572053,0.8318729463307777,0.8494983277591973,0.4734537493158183,0.33150984682713347,0.6921296296296297,NA,NA,NA,0.1827133479212254
ATEC,35,1485.72864,0.051637978900610775,0.039365773646801494,0.09910414333706608,0.0481663929939792,0.42139737991266374,0.0927441352973268,0.047489082969432314,0.05585980284775466,0.8567447045707915,0.0038314176245210726,0.05579868708971553,NA,0.24705882352941178,0.23529411764705888,0.07377598926894702,0.938183807439825
HOMB,40,6313.82448,0.5474736257634647,0.7441224712957901,0.15901455767077266,0.6863711001642037,0.28111353711790393,0.756683033278778,0.7745633187772926,0.6851040525739321,0.8578595317725752,0.5166940339354132,0.3971553610503282,0.39969135802469136,NA,NA,NA,0.12691466083150982
TNL,25,3821.7873499999996,0.4597445863409217,0.7217058501913614,0.5414333706606943,0.765736179529283,0.7980349344978166,0.03436988543371522,0.9317685589519651,0.7595837897042717,0.6265328874024526,0.08757525998905309,0.6570021881838074,0.27237654320987653,NA,NA,0.3299798792756539,0.10065645514223198
GTLS,20,8273.22575,0.21432537479178235,0.04209950792782946,0.01623740201567747,0.24849480021893816,0.5158296943231441,0.5613747954173486,0.27456331877729256,0.45071193866374587,0.38294314381270905,0.2796934865900383,0.2833698030634573,0.9513888888888888,0.7300653594771243,0.8588235294117648,0.24413145539906103,0.26422319474835887
KALU,15,1307.63264,0.7046085508051083,0.7424822307271733,0.8561030235162375,0.6447728516694033,0.9437772925764192,0.7043098745226405,0.5698689956331878,0.6757940854326396,0.07023411371237458,0.3886152162014231,0.425054704595186,NA,0.2738562091503268,0.7248366013071895,0.2796780684104628,0.700218818380744
EVR,40,11721.44471931,0.3453636868406441,0.5932203389830508,0.8824188129899216,0.5270935960591133,0.27510917030567683,0.2733224222585925,0.40720524017467247,0.3099671412924425,0.13600891861761427,0.6677613574165299,0.7231947483588621,0.3549382716049383,0.2477124183006536,0.16209150326797384,0.8826291079812206,0.5886214442013129
HBI,25,3066.7151999999996,0.6951693503609107,0.9491525423728814,0.8516237402015677,0.956759715380405,0.9143013100436681,0.28477905073649756,0.2210698689956332,0.5569550930996714,0.4241917502787068,0.21455938697318008,0.2335886214442013,NA,0.5320261437908497,0.8071895424836601,0.23340040241448692,0.7975929978118161
FRHC,40,7205.55456,0.1943364797334814,0.03499179879715697,0.016797312430011146,0.029009304871373837,0.31222707423580787,0.32296781232951444,0.7150655021834061,0.7502738225629791,0.6939799331103679,0.9020251778872469,0.6460612691466083,NA,NA,NA,0.28169014084507044,0.006017505470459539
WU,40,3719.1890099999996,0.9888950583009439,0.8250410060142155,0.7446808510638299,0.9715380405035577,0.8373362445414847,0.33169667212220405,0.9781659388646288,0.9567360350492881,0.5228539576365663,0.9770114942528736,0.7423413566739606,0.6751543209876543,NA,NA,0.6713615023474179,0.2822757111597374
CVLT,45,7502.94434,0.5363686840644086,0.1377802077638054,0.49328107502799556,0.4220032840722496,0.14956331877729256,0.10038188761593017,0.4153930131004367,0.1829134720700986,0.9364548494983278,0.9578544061302682,0.9660831509846827,0.5879629629629629,0.7078431372549019,0.44248366013071894,0.9798792756539235,0.4649890590809628
ICFI,20,2599.98909763,0.7207107162687396,0.8359759431383269,0.4048152295632699,0.6310892172961139,0.7270742358078602,0.5695581014729951,0.5289301310043668,0.4786418400876232,0.4119286510590858,0.4690749863163656,0.5585339168490153,0.41358024691358025,0.7888888888888889,0.9686274509803922,0.4312541918175721,0.4146608315098468
EXLS,20,7458.489519999999,0.32815102720710715,0.3794423182066703,0.303471444568869,0.3760262725779967,0.2925764192139738,0.24222585924713586,0.4405021834061135,0.30558598028477546,0.4403567447045708,0.7695675971538041,0.8905908096280087,0.6450617283950617,0.39542483660130723,0.34901960784313724,0.8457411133467472,0.2861050328227571
LMAT,35,2405.5631599999997,0.13548028872848417,0.2487698195735375,0.2435610302351624,0.3021346469622332,0.10534934497816593,0.25150027277686854,0.31277292576419213,0.21248630887185105,0.794314381270903,0.5123152709359606,0.7959518599562363,0.6558641975308642,0.065359477124183,0.1006535947712418,NA,0.29431072210065645
AWI,20,6966.670040000001,0.5502498611882287,0.7402952433023511,0.5436730123180291,0.3798576902025178,0.2450873362445415,0.2231314784506274,0.5322052401746725,0.34063526834611174,0.5512820512820513,0.90311986863711,0.8916849015317286,0.6820987654320988,0.5411764705882354,0.6026143790849674,0.6210596914822267,0.19201312910284463
OC,20,17638.90608,0.8661854525263742,0.48660470202296335,0.7032474804031354,0.7378215654077723,0.6331877729257642,0.5242771412984178,0.8089519650655022,0.8116100766703176,0.38071348940914157,0.8018609742747673,0.8435448577680525,0.3896604938271605,0.5065359477124183,0.42156862745098034,0.8846411804158283,0.5278993435448578
LDOS,20,22069.81686567,0.4636313159355913,0.8031711317659923,0.486562150055991,0.5834701696770662,0.7085152838427947,0.36715766503000546,0.28820960698689957,0.4649507119386637,0.13043478260869565,0.32950191570881227,0.38566739606126915,0.5354938271604939,0.6542483660130719,0.6372549019607843,0.5720992622401073,0.7144420131291028
ROST,25,51147.05646,0.5774569683509162,0.39475123018042646,0.43896976483762595,0.49917898193760263,0.5103711790393013,0.20458265139116202,0.5769650655021834,0.4129244249726177,0.31828316610925306,0.9069512862616311,0.8955142231947484,0.7824074074074074,0.4836601307189542,0.27908496732026145,0.8993963782696177,0.5175054704595186
HRI,20,6589.96,0.6979455857856747,0.15800984144341168,0.238521836506159,0.090311986863711,0.5971615720524017,0.5100927441352974,0.7194323144104804,0.8428258488499453,0.6867335562987736,0.8440065681444991,0.6318380743982495,NA,0.6084967320261438,0.8209150326797385,0.3869885982562039,0.8495623632385121
KBR,20,8105.11086,0.3353692393114936,0.7053034445051941,0.5162374020156775,0.46469622331691296,0.7620087336244541,0.35515548281505727,0.14028384279475983,0.45947426067908,0.11426978818283166,0.14723590585659552,0.15973741794310722,0.30632716049382713,0.7954248366013073,0.7581699346405228,0.4802146210596915,0.8358862144420132
SPR,20,3783.27232,0.14602998334258746,0.4986331328594861,0.22844344904815228,0.05582922824302135,0.8968340611353712,0.022913256955810146,0.03165938864628821,0.24260679079956188,0.06131549609810479,0.9802955665024631,0.11925601750547046,NA,0.5,0.5901960784313726,0.14688128772635814,0.6083150984682713
CPRX,35,2632.35511,0.42476401998889507,0.10770913067249865,0.02631578947368418,0.6573617952928298,0.19759825327510916,0.2945990180032733,0.47489082969432317,0.6193866374589266,0.9648829431438127,0.7493158182813355,0.9387308533916849,0.6072530864197531,0.24117647058823533,0.18496732026143792,NA,0.9420131291028446
FSLR,45,21333.44766,0.20155469183786784,0.1044286495352652,0.16629339305711088,0.12862616310892172,0.20141921397379914,0.5231860338243317,0.5987991266375546,0.46823658269441404,0.5975473801560758,0.5960591133004927,0.7882932166301969,NA,0.1751633986928105,0.20718954248366017,0.9584171696847753,0.06236323851203496
ALGT,20,1501.27296,0.6801776790671848,0.352651722252597,0.4378499440089586,0.014230979748221127,0.9033842794759825,0.9574468085106383,0.86735807860262,0.9090909090909091,0.3093645484949833,0.46579091406677614,0.4540481400437637,NA,0.8960784313725491,0.42614379084967324,0.26156941649899396,0.661925601750547
GLDD,20,849.6453600000001,0.28206551915602446,0.2214324767632586,0.8465845464725644,0.04159824849480022,0.7046943231441049,0.7119476268412439,0.34934497816593885,0.3258488499452355,0.17447045707915274,0.31089217296113847,0.36433260393873085,NA,0.6901960784313725,0.8326797385620915,0.21327967806841047,0.3982494529540481
IPGP,45,3375.0739200000003,0.7701277068295391,0.7616183706943684,0.85498320268757,0.6606458675424193,0.49181222707423583,0.8390616475722859,0.7887554585152838,0.8565169769989047,0.5691192865105908,0.4608648056923919,0.7587527352297593,0.8016975308641975,0.04117647058823526,0.05620915032679741,NA,0.36706783369803064
SBH,25,1419.20233,0.974458634092171,0.4302897758337889,0.7379619260918253,0.8883415435139573,0.9508733624454149,0.630114566284779,0.9563318777292577,0.8981380065717415,0.6187290969899666,0.9206349206349206,0.7221006564551422,0.8942901234567902,0.3856209150326797,0.7359477124183007,0.5124077800134138,0.3331509846827133
EIG,40,1318.84576,0.6812881732370905,0.8567523236741389,0.251959686450168,0.511767925561029,0.6795851528384279,0.8657937806873978,0.902292576419214,0.9151150054764513,0.1677814938684504,0.5604816639299398,0.50054704595186,0.16743827160493827,NA,NA,0.9040912139503688,0.07002188183807445
AVAV,20,5485.678,0.1243753470294281,0.12137780207763804,0.12765957446808507,0.2233169129720854,0.1703056768558952,0.3022367703218767,0.29912663755458513,0.21139101861993428,0.5457079152731327,0.4455391351943076,0.7018599562363238,NA,0.17385620915032685,0.5078431372549019,0.8390342052313883,0.038293216630196913
CENTA,30,1800.0270899999998,0.8306496390893948,0.5615090213231274,0.7026875699888018,0.9644225506294472,0.9148471615720524,0.8805237315875614,0.8209606986899564,0.812157721796276,0.3366778149386845,0.45867542419266555,0.5426695842450766,NA,0.16405228758169932,0.29607843137254897,0.47149564050972503,0.7231947483588621
MDGL,35,7156.51114,0.006662965019433648,0.025697102241662106,NA,0.11056376573617953,0,0.1336606655755592,0.10862445414847162,0.061336254107338443,NA,0.029009304871373837,0.006017505470459519,NA,0.0888888888888889,0.05882352941176472,0.043594902749832326,0.8068927789934355
BR,20,27588.14178,0.642976124375347,0.6981957353745216,0.48264277715565507,0.5194307608100711,0.31986899563318777,0.18767048554282598,0.4497816593886463,0.36308871851040525,0.4214046822742475,0.8637110016420362,0.774070021881838,0.6304012345679012,0.7816993464052288,0.7307189542483661,0.6405097250167673,0.49179431072210067
SFNC,40,3071.5155800000002,0.7773459189339256,0.7271733187534172,0.12486002239641658,0.9545703338806787,0.5594978165938864,0.955264593562466,0.7489082969432315,0.7491785323110625,0.6767001114827201,0.34209085933223865,0.2839168490153173,0.7932098765432098,NA,NA,NA,0.2489059080962801
SMCI,45,19113.004800000002,0.20266518600777345,0.008201202843083677,0.015677491601343796,0.0361247947454844,0.7368995633187773,0.4828150572831424,0.7658296943231441,0.4928806133625411,0.10256410256410256,0.8593322386425835,0.9403719912472648,0.006944444444444444,0.1568627450980392,0.4156862745098039,0.9557344064386318,5.47045951859948e-4
CNK,50,4224.0398000000005,0.6068850638534148,0.6850738108255878,0.17973124300111987,0.7542419266557198,0.7183406113537117,0.18330605564648117,0.652292576419214,0.6412924424972618,0.15496098104793757,0.9688013136288999,0.550328227571116,0.9876543209876543,0.6058823529411765,0.2797385620915033,0.3004694835680751,0.5727571115973742
DAL,20,41181.83342,0.9083842309827873,0.6178239475123017,0.31690929451287797,0.43459222769567596,0.8760917030567685,0.4920894708128751,0.9421397379912664,0.8587075575027382,0.20958751393534003,0.9381499726327313,0.6914660831509847,NA,0.9895424836601308,0.8026143790849674,0.6572769953051644,0.3419037199124726
TMUS,50,286570.65978,0.8206551915602444,0.7676325861126299,0.7133258678611423,0.46195949644225504,0.3635371179039301,0.47299509001636664,0.49399563318777295,0.5662650602409639,0.7452619843924192,0.5681444991789819,0.5541575492341356,0.9143518518518519,0.8633986928104576,0.6967320261437908,0.5030181086519114,0.537199124726477
TFSL,40,3969.25354,0.16157690172126596,0.6566429743028978,0.24020156774916013,0.38040503557744937,0.25054585152838427,0.668303327877796,0.39082969432314413,0.21303395399780942,0.48049052396878483,0.31800766283524906,0.26914660831509846,0.4506172839506173,NA,NA,NA,0.1367614879649891
ACM,20,15494.31408,0.36979455857856747,0.6653909240021869,0.4300111982082867,0.5358511220580187,0.7822052401746725,0.2907801418439716,0.28056768558951967,0.4430449069003286,0.055741360089186176,0.3366174055829228,0.3293216630196937,0.470679012345679,0.7934640522875818,0.7294117647058824,0.5231388329979879,0.5634573304157549
TRS,15,1071.9122399999999,0.6257634647418101,0.5680699835975943,0.6522956326987682,0.47071702244116037,0.756004366812227,0.7997817785051827,0.584061135371179,0.6790799561883899,0.3010033444816054,0.35960591133004927,0.48741794310722103,0.6334876543209876,0.3058823529411765,0.7267973856209151,0.5264922870556673,0.4294310722100656
FOLD,35,2980.93618,0.06607440310938367,0.3668671405139421,0.21332586786114227,0.1499726327312534,0.17358078602620086,0.1260229132569558,0.11080786026200873,0.10350492880613363,0.8455964325529542,0.033388067870826495,0.07549234135667396,NA,0.24379084967320264,0.19542483660130716,0.13078470824949698,0.8451859956236324
IBKR,40,20805.68811,0.29372570794003333,0.2536905412793876,0.02407614781634937,0.9748221127531472,0.48417030567685587,0.3393344244408074,0.4923580786026201,0.02628696604600219,0.9698996655518395,0.7153804050355774,0.2713347921225383,0.5686728395061729,NA,NA,0.28034875922199864,0.4004376367614879
PODD,35,18713.283099999997,0.12881732370905052,0.19737561509021329,0.14557670772676368,0.24794745484400657,0.11844978165938864,0.10365521003818876,0.300764192139738,0.1927710843373494,0.8160535117056856,0.8812260536398467,0.776258205689278,NA,0.17908496732026147,0.2124183006535948,0.5506371562709591,0.06126914660831506
TTGT,50,938.73585,0.2676290949472515,0.9158009841443412,0.9451287793952967,0.7033388067870826,0.32914847161572053,0.44353518821603927,0.27074235807860264,0.2185104052573932,0.8210702341137124,0.28297755883962783,0.27954048140043763,0.29552469135802467,0.03464052287581698,0.033333333333333326,0.1857813547954393,0.787199124726477
GRBK,25,3179.8270799999996,0.8833981121599112,0.19901585565882995,0.6517357222844344,0.7175697865353038,0.638646288209607,0.5864702673213311,0.9017467248908297,0.7628696604600219,0.342809364548495,0.8056923918992884,0.9272428884026258,0.8603395061728395,NA,NA,0.886653252850436,0.04540481400437635
INFN,45,1565.2612199999999,0.22931704608550804,0.6746856205576818,0.6147816349384099,0.19978106185002736,0.8111353711790393,0.28368794326241137,0.18395196506550218,0.30065717415115006,0.5144927536231884,0.16694033935413247,0.2051422319474836,NA,0.5215686274509803,0.6928104575163399,0.15560026827632462,0.5060175054704595
BX,40,137967.55327,0.3559133814547474,0.8704209950792783,0.7950727883538634,0.4351395730706076,0.07587336244541484,0.12165848336061102,0.29585152838427947,0.22782037239868566,0.5496098104793757,0.7246852764094144,0.5087527352297593,0.2337962962962963,NA,NA,0.6693494299128102,0.6575492341356675
DFS,40,45803.06244928,0.4808439755691283,0.19354838709677424,0.10974244120940646,0.9638752052545156,0.5622270742358079,0.46481178396072015,0.7691048034934498,0.6626506024096386,0.20791527313266445,0.7520525451559934,0.41684901531728663,0.5887345679012346,NA,NA,0.5378940308517773,0.4671772428884027
PRO,45,1096.08002,0.27040533037201553,0.896664844177146,0.4115341545352743,0.2654625068418172,0.365174672489083,0.031096563011456628,0.11026200873362445,0.0914567360350493,0.7792642140468228,0.9715380405035577,0.0962800875273523,NA,0.7281045751633988,0.36601307189542487,0.08718980549966465,0.9212253829321663
LULU,25,37531.97036,0.6107717934480844,0.10005467468562057,0.2586786114221724,0.5883962780514504,0.3384279475982533,0.23131478450627388,0.6200873362445415,0.5547645125958379,0.7441471571906354,0.9118773946360154,0.9835886214442013,0.9544753086419753,0.3065359477124183,0.23725490196078436,NA,0.8605032822757112
RIOT,45,4203.923900000001,0.036646307606885066,0.041006014215418274,0.45744680851063835,0.12424740010946908,0.08569868995633188,0.6486633933442444,0.19486899563318777,0.10405257393209201,0.06354515050167224,0.2227695675971538,0.18107221006564553,NA,0.04640522875816988,0.06732026143790848,0.01676727028839705,0.5393873085339169
MASI,35,9237.963604589999,0.25763464741810105,0.8715144887916895,0.6662933930571109,0.26108374384236455,0.29858078602620086,0.320240043644299,0.28602620087336245,0.24370208105147864,0.6438127090301003,0.3590585659551177,0.46061269146608314,NA,0.37450980392156863,0.6549019607843137,0.4339369550637156,0.17341356673960617
MELI,25,100642.16551788,0.38423098278734036,0.0913067249863313,0.10022396416573354,0.6048166392993979,0.18831877729257643,0.09110747408619749,0.29366812227074235,0.23822562979189485,0.6237458193979933,0.9047619047619048,0.6898249452954048,0.8125,0.6869281045751634,0.4418300653594771,0.5633802816901409,0.9792122538293216
AROC,10,4487.44548,0.47418101054969464,0.5970475669764899,0.2715565509518477,0.240831964969896,0.29585152838427947,0.37152209492635024,0.425764192139738,0.5388828039430449,0.6622073578595318,0.5615763546798029,0.5557986870897156,NA,0.626797385620915,0.9856209150326798,0.3272971160295104,0.7308533916849016
TDC,45,2957.13,0.9089394780677401,0.9015855658829962,0.6293393057110862,0.9058565955117679,0.6675764192139738,0.12056737588652482,0.4017467248908297,0.7475355969331873,0.7764771460423634,0.8626163108921729,0.4950765864332604,0.36882716049382713,0.8764705882352941,0.5143790849673202,0.6250838363514419,0.9343544857768052
UEC,10,3418.7838600000005,0.026651860077734593,0.1366867140513942,0.9977603583426652,0.13683634373289547,0.021834061135371178,0.4369885433715221,0.20578602620087336,0.11555312157721796,0.1265328874024526,0.21565407772304324,0.16958424507658643,0.021604938271604937,0.048366013071895475,0.05947712418300655,0.022803487592219986,0.018599562363238564
TOWN,40,2752.85439,0.4036646307606885,0.40951339529797703,0.173572228443449,0.5747126436781609,0.4410480349344978,0.8532460447354064,0.7412663755458515,0.9079956188389924,0.8372352285395763,0.40448823207443896,0.3189277899343545,0.12114197530864197,NA,NA,NA,0.1356673960612691
ULTA,25,18005.438625690003,0.7584675180455303,0.4067796610169492,0.41881298992161253,0.6814449917898193,0.6692139737991266,0.265139116202946,0.8286026200873362,0.732749178532311,0.5005574136008919,0.9507389162561576,0.9792122538293216,0.3742283950617284,0.49934640522875817,0.5261437908496732,NA,0.40864332603938736
CVI,10,1945.27485,0.9833425874514159,0.20612356478950244,0.9059350503919373,0.9923371647509579,0.9830786026200873,0.7605019094380796,0.9956331877729258,0.9939759036144579,0.13322185061315497,0.9748221127531472,0.9458424507658644,0.42669753086419754,0.6718954248366014,0.6104575163398693,0.7686116700201208,0.46608315098468267
MSCI,40,47777.31273,0.29983342587451417,0.2810278840896665,0.35610302351623735,0.4126984126984127,0.06932314410480349,0.05073649754500818,0.4339519650655022,0.25301204819277107,0.9420289855072463,0.02736726874657909,0.9742888402625821,0.5385802469135802,0.8568627450980393,0.645751633986928,0.6438631790744467,0.26641137855579866
ENSG,35,8377.24873296,0.339811215991116,0.13176599234554398,0.1920492721164614,0.47728516694033934,0.5605895196506551,0.3491543917075832,0.4443231441048035,0.3044906900328587,0.11984392419175027,0.6409414340448824,0.637855579868709,0.7075617283950617,0.6169934640522876,0.4130718954248366,0.9289067739771966,0.4967177242888403
SATS,50,3553.0426799999996,0.1960022209883398,0.0016402405686167798,0.0027995520716684874,0.0240831964969896,0.9836244541484717,0.9994544462629569,0.006004366812227074,0.5859802847754655,0.3255295429208473,0.16091954022988506,0.15043763676148797,0.012345679012345678,0.9575163398692811,0.6444444444444444,0.16566063044936286,0.8900437636761488
LRN,25,4658.78391,0.5408106607440311,0.31601968288682336,0.3885778275475924,0.6896551724137931,0.5529475982532751,0.44571740316421166,0.6457423580786026,0.583789704271632,0.49331103678929766,0.7252326217843459,0.8479212253829321,0.6797839506172839,0.09673202614379084,0.130718954248366,0.9027498323272971,0.4655361050328227
KW,60,1591.2309599999999,0.14158800666296503,0.8933843630399125,0.5677491601343785,0.04926108374384237,0.4596069868995633,0.22476813966175668,0.0212882096069869,0.27437020810514784,0.7842809364548495,0.12096332785987958,0.16849015317286653,NA,NA,NA,0.16096579476861167,0.5032822757111597
DAN,25,1449.79,0.40644086618545255,0.3849097867687261,0.5767077267637177,0.17788724685276408,0.9929039301310044,0.9547190398254228,0.4623362445414847,0.9512595837897043,0.08807134894091416,0.2889983579638752,0.27188183807439825,0.06172839506172839,0.5542483660130719,0.7372549019607844,0.30650570087189805,0.6012035010940919
IRDM,50,3518.34276,0.4147695724597446,0.9272826681246583,0.4294512877939529,0.746031746031746,0.30240174672489084,0.4844517184942717,0.2691048034934498,0.6232201533406353,0.8377926421404682,0.2753147235905857,0.27571115973741794,0.36959876543209874,0.40065359477124185,0.4816993464052287,0.19584171696847752,0.8331509846827133
HI,20,2390.2672000000002,0.4497501388117712,0.053581191908146475,0.767077267637178,0.2315270935960591,0.8384279475982532,0.889798145117294,0.6561135371179039,0.7869660460021906,0.41304347826086957,0.4066776135741653,0.4387308533916849,0.07021604938271606,0.6980392156862745,0.7568627450980392,0.5016767270288397,0.09628008752735229
NOG,10,4341.38925,0.9156024430871738,0.04045926735921268,0.09686450167973126,0.029556650246305417,0.597707423580786,0.6857610474631751,0.9879912663755459,0.976998904709748,0.8890746934225195,0.9540229885057471,0.9852297592997812,NA,0.661437908496732,0.9705882352941176,0.6686787391012743,0.6887308533916849
PM,30,206886.07898,0.4114380899500278,0.4259158009841444,0.39025755879059354,0.5363984674329502,0.2232532751091703,0.03764320785597381,0.5856986899563319,0.44414019715224534,0.7948717948717948,0.04159824849480022,0.87472647702407,0.32253086419753085,0.9183006535947712,0.8431372549019608,0.68142186452045606,0.31345733041575496
V,40,544491.30611895,0.5186007773459189,0.4904319300164024,0.41041433370660696,0.4997263273125342,0.08460698689956332,0.1696672122204037,0.5709606986899564,0.3702081051478642,0.8232998885172799,0.939792008757526,0.9715536105032823,0.41898148148148145,0.6777777777777778,0.3620915032679739,0.9282360831656606,0.15207877461706787
AWK,55,26688.784359999998,0.40755136035535816,0.3067249863313286,0.37234042553191493,0.14887794198139026,0.20578602620087336,0.6677577741407529,0.5589519650655022,0.44687842278203727,0.6309921962095875,0.5188834154351396,0.5158643326039387,NA,0.9470588235294117,0.7843137254901961,0.40308517773306507,0.4135667396061269
NX,20,1406.21952,0.9000555247084953,0.2017495899398578,0.8241881298992162,0.7870826491516146,0.7445414847161572,0.6142935079105292,0.7570960698689956,0.7699890470974808,0.23745819397993312,0.6661193212917351,0.8386214442013129,0.7808641975308642,0.40784313725490196,0.5496732026143791,0.8108651911468813,0.7538293216630196
ENOV,35,2727.25875,0.3403664630760688,0.44067796610169496,0.43393057110862265,0.2545155993431856,0.6708515283842795,0.9683578832515003,0.1697598253275109,0.5690032858707558,0.7463768115942029,0.2348111658456486,0.20787746170678337,NA,0.32091503267973853,0.8418300653594771,0.2052313883299799,0.4896061269146609
UNH,35,561557.30600284,0.6196557468073293,0.25587752870421,0.3185890257558791,0.6031746031746031,0.6872270742358079,0.32460447354064376,0.6069868995633187,0.4704271631982475,0.23690078037904125,0.8182813355227149,0.7773522975929978,0.5262345679012346,0.9058823529411765,0.6503267973856209,0.7370892018779343,0.3462800875273523
CAPR,35,864.3847000000001,0.00555247084952804,0.17167851284855107,0.002239641657334812,0.1384783798576902,0.04967248908296943,0.0845608292416803,0.15338427947598254,0.09419496166484119,0.021739130434782608,0.027914614121510674,0.0262582056892779,0.0023148148148148147,0.5359477124183006,0.26013071895424833,NA,0.03118161925601748
DCOM,40,1404.702,0.38034425319267073,0.5429196282121378,0.10862262038073911,0.6978653530377669,0.5698689956331878,0.8330605564648118,0.8133187772925764,0.6215772179627601,0.657190635451505,0.4526546250684182,0.29157549234135666,0.11496913580246913,NA,NA,NA,0.12800875273522971
JBT,20,4012.85486,0.32870627429205995,0.47293603061782397,0.9473684210526316,0.25506294471811713,0.5289301310043668,0.5766503000545554,0.5332969432314411,0.5027382256297919,0.49052396878483834,0.5238095238095238,0.6077680525164114,0.12808641975308643,0.35686274509803917,0.3222222222222222,0.6492287055667337,0.0672866520787746
ERII,20,900.83064,0.24430871737923376,0.1771459814106069,0.625979843225084,0.41762452107279696,0.18449781659388648,0.4331696672122204,0.42958515283842796,0.24917853231106243,0.8327759197324415,0.511767925561029,0.7948577680525164,0.8966049382716049,0.045098039215686225,0.06470588235294117,NA,0.2882932166301969
PRIM,20,4496.315229999999,0.3209328151027207,0.35046473482777474,0.1478163493840985,0.3765736179529283,0.8520742358078602,0.48827059465357336,0.48307860262008734,0.5087623220153341,0.08138238573021182,0.5177887246852764,0.5147702407002188,NA,0.6215686274509804,0.7869281045751634,0.41918175720992623,0.2904814004376368
HCI,40,1284.14419,0.9400333148250972,0.6823400765445599,0.36954087346024633,0.9589490968801314,0.5442139737991266,0.447354064375341,0.7707423580786026,0.9424972617743702,0.43924191750278707,0.8697318007662835,0.5782275711159738,NA,NA,NA,0.7692823608316566,0.7560175054704595
MYRG,20,2545.66363878,0.3575791227096058,0.2285401858939311,0.2172452407614781,0.20908593322386426,0.881004366812227,0.4746317512274959,0.5644104803493449,0.5514786418400877,0.07692307692307693,0.6371100164203612,0.6772428884026258,0.05941358024691358,0.6392156862745098,0.9490196078431372,0.8906773977196513,0.08643326039387311
LOPE,25,4797.1401399999995,0.5136035535813437,0.2476763258611263,0.5324748040313549,0.5643130815544609,0.26419213973799127,0.3131478450627387,0.6342794759825328,0.4654983570646221,0.6644370122630993,0.8511220580186097,0.9786652078774617,0.5054012345679012,0.18104575163398695,0.14901960784313728,1,0.4978118161925602
VRTS,40,1733.2354599999999,0.830094392004442,0.8977583378895572,0.7793952967525196,0.9222769567597153,0.5922489082969432,0.6912165848336062,0.8504366812227074,0.49123767798466594,0.2809364548494983,0.6469622331691297,0.5153172866520788,0.8024691358024691,NA,NA,0.19852448021462105,0.3632385120350109
AVGO,45,759506.88,0.4097723486951694,0.7304537998906506,0.4692049272116461,0.3957307060755337,0.0638646288209607,0.09001636661211129,0.37445414847161573,0.23767798466593648,0.882943143812709,0.9485495347564313,0.9649890590809628,0.5100308641975309,0.2542483660130719,0.1751633986928105,0.7451374916163649,0.5858862144420132
SEM,35,2733.04837,0.9589117157134925,0.6883542919628212,0.5391937290033595,0.9178981937602627,0.9465065502183406,0.7092198581560284,0.8995633187772926,0.731106243154436,0.1633221850613155,0.7400109469074986,0.49452954048140046,0.9313271604938271,0.8248366013071895,0.9084967320261438,0.3715627095908786,0.5027352297592997
ADUS,35,2227.4577200000003,0.47584675180455305,0.3121924548933843,0.3829787234042553,0.6053639846743295,0.5807860262008734,0.524822695035461,0.4836244541484716,0.37623220153340636,0.3600891861761427,0.46798029556650245,0.6952954048140044,0.5023148148148148,0.6366013071895424,0.5379084967320261,0.6914822266934944,0.5519693654266958
VRSK,20,41545.68689789,0.6729594669627984,0.9950792782941498,0.4815229563269877,0.3623426382047072,0.08133187772925764,0.07201309328968904,0.37336244541484714,0.26998904709748084,0.7931995540691192,0.9600437876299945,0.8966083150984683,0.5007716049382716,0.7960784313725491,0.5751633986928104,0.738430583501006,0.5607221006564551
DG,30,16992.83205,0.9255968906163242,0.4248223072717332,0.6248600223964166,0.5577449370552818,0.9426855895196506,0.6617566830332787,0.9230349344978166,0.7009857612267251,0.36622073578595316,0.8199233716475096,0.6416849015317286,0.7577160493827161,0.7261437908496732,0.8895424836601307,0.6378269617706237,0.33260393873085337
H,25,6679.2826,0.6513048306496391,0.5013668671405139,0.34098544232922734,0.8270388615216201,0.8029475982532751,0.7250409165302782,0.540938864628821,0.6067907995618839,0.16443701226309923,0.36015325670498083,0.3993435448577681,0.628858024691358,0.9627450980392157,0.6888888888888889,0.30985915492957744,0.5147702407002188
LEA,25,5316.723440000001,0.9322598556357579,0.38983050847457623,0.3594624860022396,0.8981937602627258,0.980349344978166,0.9241680305510093,0.9377729257641921,0.9660460021905805,0.06800445930880714,0.5555555555555556,0.5579868708971554,0.7569444444444444,0.6496732026143791,0.7379084967320262,0.7585513078470825,0.5273522975929978
FTNT,45,72851.35764999999,0.3237090505274847,0.17769272826681248,0.23236282194848823,0.40229885057471265,0.09388646288209607,0.05619203491543917,0.34279475982532753,0.20536692223439212,0.9085841694537347,0.013136288998357963,0.9398249452954048,0.5871913580246914,0.7267973856209151,0.4392156862745098,0.9523809523809523,0.8588621444201313
KAR,20,2158.2488,0.6407551360355358,0.9070530344450519,0.4585666293393057,0.8133552271483306,0.730349344978166,0.5368248772504092,0.08679039301310043,0.6599123767798467,0.5758082497212932,0.17624521072796934,0.17669584245076586,NA,0.7509803921568627,0.9117647058823529,0.2642521797451375,0.7412472647702407
PPC,30,12237.918029999999,0.3564686285397002,0.42044833242208857,0.6959686450167973,0.2928297755883963,0.8793668122270742,0.507910529187125,0.46397379912663755,0.4994523548740416,0.06075808249721293,0.5068418171866448,0.5103938730853391,0.2862654320987654,0.5078431372549019,0.6568627450980392,0.39436619718309857,0.43763676148796504
GNRC,20,11197.335399999998,0.5219322598556357,0.7572443958447239,0.8812989921612542,0.5068418171866448,0.46670305676855894,0.40316421167484995,0.38155021834061137,0.3488499452354874,0.41025641025641024,0.4696223316912972,0.5683807439824945,NA,0.357516339869281,0.7176470588235294,0.46680080482897385,0.62527352297593
CELH,30,6686.63195,0.1515824541921155,0.10388190267905961,0.018477043673012283,0.35467980295566504,0.2587336244541485,0.038188761593016915,0.5458515283842795,0.36856516976998904,0.5875139353400223,0.9792008757525998,0.9343544857768052,0.6087962962962963,0.13006535947712417,0.1352941176470588,NA,0.03063457330415753
QNST,50,1281.6711400000002,0.12826207662409772,0.30945872061235646,0.5240761478163494,0.21784345922276957,0.584061135371179,0.33878887070376434,0.1566593886462882,0.13691128148959475,0.07636566332218506,0.1625615763546798,0.12089715536105033,NA,0.6555555555555556,0.5745098039215686,0.03219315895372234,0.8736323851203501
CALX,45,2157.25948,0.2481954469739034,0.4002186987424823,0.2413213885778276,0.3459222769567597,0.587882096069869,0.5400981996726678,0.3193231441048035,0.30120481927710846,0.6577480490523969,0.31746031746031744,0.49671772428884026,0.9035493827160493,0.21372549019607845,0.2777777777777778,NA,0.37527352297593
MXL,45,1276.39706,0.32981676846196556,0.9152542372881356,0.975363941769317,0.39901477832512317,0.6293668122270742,0.7201309328968903,0.10262008733624454,0.35323110624315446,0.7697881828316611,0.17788724685276408,0.1400437636761488,0.0763888888888889,0.37254901960784315,0.369281045751634,0.1441985244802146,0.8227571115973742
FIBK,40,3655.4141,0.714047751249306,0.8660470202296336,0.2256438969764838,0.8790366721401204,0.5027292576419214,0.9083469721767594,0.8258733624454149,0.6566265060240963,0.8171683389074693,0.4165298303229338,0.30361050328227573,0.30092592592592593,NA,NA,NA,0.18873085339168494
SSNC,20,19155.9579,0.6307606885063853,0.3275013668671405,0.5683090705487122,0.6973180076628352,0.38100436681222705,0.579923622476814,0.5267467248908297,0.5728368017524644,0.7235228539576366,0.4849480021893815,0.5202407002188184,0.5108024691358025,0.7843137254901961,0.8490196078431372,0.3561368209255533,0.4217724288840262
PRI,40,10103.07025,0.6862853970016657,0.779114270092947,0.589585666293393,0.7235905856595511,0.36899563318777295,0.4015275504637207,0.7494541484716157,0.5585980284775466,0.3110367892976589,0.8555008210180624,0.5448577680525164,0.37808641975308643,NA,NA,0.9081153588195842,0.2117067833698031
SPSC,45,7253.25413568,0.19100499722376457,0.12684527063969386,0.25531914893617025,0.33004926108374383,0.09716157205240175,0.19421713038734315,0.28875545851528384,0.19715224534501644,0.8154960981047937,0.5221674876847291,0.7811816192560175,0.6905864197530864,0.2241830065359477,0.16666666666666663,NA,0.775164113785558
FAF,40,7225.730600000001,0.2903942254303165,0.23783488244942597,0.9372900335946248,0.3054187192118227,0.7549126637554585,0.8139661756683033,0.506004366812227,0.7535596933187295,0.06688963210702341,0.32567049808429116,0.36980306345733044,0.09259259259259259,NA,NA,0.3936955063715627,0.21827133479212257
TSLA,25,1107984.3096,0.14714047751249307,0.08802624384909785,0.25811870100783874,0.2501368363437329,0.1146288209606987,0.1331151118385161,0.31877729257641924,0.18400876232201532,0.21460423634336678,0.8286808976464148,0.9239606126914661,0.21219135802469136,0.4934640522875817,0.3150326797385621,0.9503688799463448,0.0716630196936543
