ticker,company,sector,price,mktcap,score,decile,fwd_12m
HOUS,ANYWHERE REAL ESTATE INC,Real Estate,8.11,896.0576799999999,100,10,-0.5930941004749855
PTON,PELOTON INTERACTIVE INC,Cons Disc,6.09,2108.3153700000003,100,10,0.4285729249861219
DISH,DISH NETWORK CORP,Telecom,5.77,1707.6603499999999,100,10,NA
ATUS,ALTICE USA INC,Telecom,3.25,878.813,100,10,-0.2584600417657781
LUMN,LUMEN TECHOLOGIES INC,Telecom,1.83,1846.28517,100,10,1.9016433654964913
CVNA,CARVANA CO,Cons Disc,52.94,6036.7482,100,10,2.841327148108311
HBI,HANESBRANDS INC,Cons Disc,4.46,1561.1828600000001,100,10,0.8251134501979331
PRAA,P R A GROUP INC,Financials,26.2,1028.2714,100,10,-0.2026718092981864
ADV,ADVANTAGE SOLUTIONS INC,Telecom,3.62,1166.4907,100,10,-0.19336986385532984
FUBO,FUBOTV INC,Telecom,3.18,931.1230800000001,100,10,-0.603773788230616
VIR,VIR BIOTECHNOLOGY INC,Health Care,10.06,1355.89686,99,10,-0.27037653813354123
PARA,PARAMOUNT GLOBAL,Telecom,14.79,9051.48,99,10,-0.2795559423566205
DDD,3 D SYSTEMS CORP DEL,Industrials,6.35,847.3059,99,10,-0.4834649111455882
UNFI,UNITED NATURAL FOODS INC,Cons Staples,16.23,964.19184,99,10,0.6826882197171049
TDS,TELEPHONE & DATA SYSTEMS INC,Telecom,18.35,1945.1000000000001,99,10,0.8899878910804415
NWL,NEWELL BRANDS INC,Cons Disc,8.68,3596.124,99,10,0.18882941532171293
HE,HAWAIIAN ELECTRIC INDUSTRIES INC,Utilities,14.19,1562.65956,99,10,-0.3143059702423935
W,WAYFAIR INC,Cons Disc,61.7,5692.1952,99,10,-0.2816856869056841
COMP,COMPASS INC,Real Estate,3.76,1816.24544,99,10,0.5558503871988256
DKNG,DRAFTKINGS INC,Cons Disc,35.25,16662.56925,99,10,0.05531997430543245
BCRX,BIOCRYST PHARMACEUTICALS INC,Health Care,5.99,1232.56829,99,10,0.25542652362396967
SAGE,SAGE THERAPEUTICS INC,Health Care,21.67,1301.1534800000002,99,10,-0.7494234338781143
MRVI,MARAVAI LIFESCIENCES HLDGS INC,Health Care,6.55,866.0934,99,10,-0.1679393522808712
BKU,BANKUNITED INC,Financials,32.43,2412.20826,99,10,0.2201074200050337
MPLN,MULTIPLAN CORP,Health Care,1.44,935.2598399999999,99,10,-0.743403389315526
AMC,A M C ENTERTAINMENT HOLDINGS INC,Telecom,6.12,1213.94484,99,10,-0.3496734484238234
EGBN,EAGLE BANCORP INC,Financials,30.14,901.96964,99,10,-0.0746633566459205
RDFN,REDFIN CORP,Real Estate,10.32,1211.2790400000001,99,10,-0.23740192824842554
WOOF,PETCO HEALTH & WELLNESS CO INC,Cons Disc,3.16,729.0056800000001,99,10,0.20569581500493905
SATS,ECHOSTAR CORP,Telecom,16.57,2322.33521,98,10,0.3820177579237276
BIGC,BIGCOMMERCE HOLDINGS INC,Tech,9.73,743.4693000000001,98,10,-0.3710186164746099
FL,FOOT LOCKER INC,Cons Disc,31.15,2933.1463,98,10,-0.30144427952905517
AGTI,AGILITI INC,Health Care,7.92,1067.96448,98,10,NA
LC,LENDINGCLUB CORP,Financials,8.74,958.33226,98,10,0.8524035275630042
RKT,ROCKET COMPANIES INC,Financials,14.48,1931.5885600000001,98,10,-0.2223771207210049
RNG,RINGCENTRAL INC,Tech,33.95,2845.7908500000003,98,10,0.031222236167891326
BXC,BLUELINX HOLDINGS INC,Industrials,113.31,993.38877,98,10,-0.09840194415623194
ZETA,ZETA GLOBAL HOLDINGS CORP,Tech,8.82,1626.56676,98,10,1.0396845542035487
AR,ANTERO RESOURCES CORP,Energy,22.68,6816.33792,98,10,0.5454154713426977
AAP,ADVANCE AUTO PARTS INC,Cons Disc,61.03,3631.40706,98,10,-0.2110033550963204
NVRI,ENVIRI CORP,Industrials,9,718.506,98,10,-0.14444531926530613
OPEN,OPENDOOR TECHNOLOGIES INC,Real Estate,4.48,3035.8092800000004,98,10,-0.6428568428364014
MRNA,MODERNA INC,Health Care,99.45,37989.9,98,10,-0.5819005481850876
ALT,ALTIMMUNE INC,Health Care,11.25,795.11625,98,10,-0.3591116898171989
BFH,BREAD FINANCIAL HOLDINGS INC,Financials,32.94,1624.9631399999998,98,10,0.8866898970953618
C,CITIGROUP INC,Financials,51.44,98450.09008,98,10,0.416774094410441
CHGG,CHEGG INC,Cons Disc,11.36,1315.6583999999998,98,10,-0.8582748364112185
ETSY,ETSY INC,Cons Disc,81.05,9650.542449999999,98,10,-0.34744053450141266
BZH,BEAZER HOMES USA INC,Cons Disc,33.79,1065.50007,97,10,-0.18733383428041783
KSS,KOHLS CORP,Cons Disc,28.68,3175.2201600000003,97,10,-0.46062989978570046
OLPX,OLAPLEX HOLDINGS INC,Cons Staples,2.54,1678.25928,97,10,-0.3188965116625002
APO,APOLLO GLOBAL MANAGEMENT INC NEW,Financials,93.19,52890.45045,97,10,0.7980730951893564
LNC,LINCOLN NATIONAL CORP,Financials,26.97,4575.78414,97,10,0.24710428654452432
LYFT,LYFT INC,Industrials,14.99,5864.6726100000005,97,10,-0.1394254751732017
HTLF,HEARTLAND FINANCIAL USA INC,Financials,37.61,1605.49568,97,10,0.6719232637630119
BOKF,B O K FINANCIAL CORP,Financials,85.65,5564.42355,97,10,0.2711429788635573
BANC,BANC OF CALIFORNIA INC,Financials,13.43,2115.225,97,10,0.18332311659870593
ECPG,ENCORE CAPITAL GROUP INC,Financials,50.75,1194.90875,97,10,-0.05872064003797184
AA,ALCOA CORP,Materials,34,6068.048,97,10,0.12325659809702194
DCOM,DIME COMMUNITY BANCSHRS INC NEW,Financials,26.93,1045.50339,97,10,0.19103828312645676
INSM,INSMED INC,Health Care,30.99,4585.83822,97,10,1.227817845753794
OKTA,OKTA INC,Tech,90.53,14305.91272,97,10,-0.1295708667513612
SPT,SPROUT SOCIAL INC,Tech,61.44,3025.42848,97,10,-0.5001626918260202
X,UNITED STATES STEEL CORP NEW,Materials,48.65,10855.51775,97,10,-0.2979027447645163
NTNX,NUTANIX INC,Tech,47.69,11573.8861,97,10,0.2828673092071061
RIVN,RIVIAN AUTOMOTIVE INC,Cons Disc,23.46,21723.96,97,10,-0.4330786590427015
HOPE,HOPE BANCORP INC,Financials,12.08,1451.1341599999998,97,10,0.06634345970349131
JXN,JACKSON FINANCIAL INC,Financials,51.2,4070.4,96,10,0.7623498677832026
ZIP,ZIPRECRUITER INC,Telecom,13.9,1059.18,96,10,-0.4791365879132017
NVRO,NEVRO CORP,Health Care,21.52,779.1315999999999,96,10,-0.8271372443175404
ALLY,ALLY FINANCIAL INC,Financials,34.92,10532.9196,96,10,0.06297691609724843
OMI,OWENS & MINOR INC NEW,Health Care,19.27,1474.17427,96,10,-0.32174441958185807
FLGT,FULGENT GENETICS INC,Health Care,28.91,857.26823,96,10,-0.3611201670701071
USM,UNITED STATES CELLULAR CORP,Telecom,41.54,2160.08,96,10,0.5098678183219649
ENVA,ENOVA INTERNATIONAL INC,Financials,55.36,1653.5478400000002,96,10,0.7319347708863628
RVNC,REVANCE THERAPEUTICS INC,Health Care,8.79,773.19477,96,10,-0.6541524044669891
M,MACYS INC,Cons Disc,20.12,5514.348760000001,96,10,-0.12519295347188464
GH,GUARDANT HEALTH INC,Health Care,27.05,3290.0915,96,10,0.1293905355521412
WINA,WINMARK CORP,Cons Disc,417.54999,1460.17231503,96,10,-0.03256355453149096
SABR,SABRE CORP,Cons Disc,4.4,1670.1036000000001,96,10,-0.17045442817849665
TTGT,TECHTARGET INC,Telecom,34.86,990.5469,96,10,-0.09594409271148752
KN,KNOWLES CORP,Tech,17.91,1616.50287,96,10,0.11278549610660726
IAC,IAC INC,Telecom,52.38,4196.4237,96,10,-0.17640158675201478
OCFC,OCEANFIRST FINANCIAL CORP,Financials,17.36,1032.0172799999998,96,10,0.09283039474296895
DAN,DANA INC,Cons Disc,14.61,2108.77818,96,10,-0.18154088004764657
TNGX,TANGO THERAPEUTICS INC,Health Care,9.9,1011.8097,96,10,-0.6878789377689762
ZION,ZIONS BANCORPORATION N A,Financials,43.87,6499.47211,95,10,0.280799029984089
MATV,MATIV HOLDINGS INC,Materials,15.31,829.81731,95,10,-0.2709697591103055
CPE,CALLON PETROLEUM CO DEL,Energy,32.4,2195.8776000000003,95,10,NA
PCOR,PROCORE TECHNOLOGIES INC,Tech,69.22,9932.51624,95,10,0.08249046482279998
LPRO,OPEN LENDING CORP,Financials,8.51,1011.1582,95,10,-0.2984719423919159
EQX,EQUINOX GOLD CORP,Materials,4.89,1530.4770899999999,95,10,0.026587156824501523
EMBC,EMBECTA CORP,Health Care,18.93,1089.8568899999998,95,10,0.1341066646011888
EDIT,EDITAS MEDICINE INC,Health Care,10.13,828.2997100000001,95,10,-0.8746298521547664
WIRE,ENCORE WIRE CORP,Industrials,213.60001,3335.3641561500003,95,10,NA
JBLU,JETBLUE AIRWAYS CORP,Industrials,5.55,1881.45,95,10,0.4162166967880987
NOW,SERVICENOW INC,Tech,706.48999,144830.44795000003,95,10,0.50054563054833
AHCO,ADAPTHEALTH CORP,Health Care,7.29,966.9091500000001,95,10,0.305899561675522
HZO,MARINEMAX INC,Cons Disc,38.9,867.081,95,10,-0.2557843636426054
CLF,CLEVELAND CLIFFS INC NEW,Materials,20.42,10309.261620000001,95,10,-0.5396670520286071
IRWD,IRONWOOD PHARMACEUTICALS INC,Health Care,11.44,1788.68976,95,10,-0.6127618993554591
VLY,VALLEY NATIONAL BANCORP,Financials,10.86,5513.7306,95,10,-0.11990086954896018
BHF,BRIGHTHOUSE FINANCIAL INC,Financials,52.92,3360.5787600000003,95,10,-0.09221449359694145
GTN,GRAY TELEVISION INC,Telecom,8.96,781.88544,95,10,-0.6237976256350501
XRX,XEROX HOLDINGS CORP,Tech,18.33,2257.22952,94,10,-0.4977019627096486
ALHC,ALIGNMENT HEALTHCARE INC,Health Care,8.61,1626.87672,94,10,0.3066221964780662
EVRI,EVERI HOLDINGS INC,Cons Disc,11.27,964.3400899999999,94,10,0.19875899388730578
ILMN,ILLUMINA INC,Health Care,139.24001,22139.161590000003,94,10,-0.01553437246625955
CVI,C V R ENERGY,Energy,30.3,3046.0893,94,10,-0.34903332472776927
BASE,COUCHBASE INC,Tech,22.52,1082.58144,94,10,-0.3077260471326192
KEY,KEYCORP NEW,Financials,14.4,13482.144,94,10,0.2541393793146747
RH,R H,Cons Disc,291.48001,5310.47430219,94,10,0.3503143168030338
ATMU,ATMUS FILTRATION TECH INC,Industrials,23.49,1956.6700199999998,94,10,0.6724167810961286
NAVI,NAVIENT CORP,Financials,18.62,2113.44448,94,10,-0.2549667824319415
DXC,D X C TECHNOLOGY CO,Tech,22.87,4428.63828,94,10,-0.1263683368628027
CCS,CENTURY COMMUNITIES INC,Cons Disc,91.14,2895.9735,94,10,-0.1857311530349579
TFC,TRUIST FINANCIAL CORP,Financials,36.92,49239.022560000005,94,10,0.23634112850661104
USNA,USANA HEALTH SCIENCES INC,Cons Staples,53.6,1025.368,94,10,-0.3304117347030022
PRG,PROG HOLDINGS INC,Financials,30.91,1382.35702,94,10,0.38325108037522626
TWI,TITAN INTERNATIONAL INC ILL,Industrials,14.88,920.9232000000001,94,10,-0.5436826183743231
PD,PAGERDUTY INC,Tech,23.15,2127.2998,94,10,-0.2112307138286572
VLTO,VERALTO CORP,Industrials,82.26,20261.296080000004,94,10,0.24291148138691332
BGS,B & G FOODS INC NEW,Cons Staples,10.5,825.552,94,10,-0.2833855095356562
PFC,PREMIER FINANCIAL CORP,Financials,24.1,861.093,93,10,0.12086848963861563
CNDT,CONDUENT INC,Industrials,3.65,772.00785,93,10,0.10684952480160326
SYF,SYNCHRONY FINANCIAL,Financials,38.19,15803.17476,93,10,0.7370658235703609
AVPT,AVEPOINT INC,Tech,8.21,1515.9929200000001,93,10,1.0109644034475935
MDC,M D C HOLDINGS INC,Cons Disc,55.25,4125.02025,93,10,NA
TMHC,TAYLOR MORRISON HOME CORP,Cons Disc,53.35,5732.40415,93,10,0.14733011787032724
RCUS,ARCUS BIOSCIENCES INC,Health Care,19.1,1429.7496,93,10,-0.2204206120738219
TTMI,TTM TECHNOLOGIES INC,Tech,15.81,1614.32748,93,10,0.5654657152023153
HRT,HIRERIGHT HOLDINGS CORP,Industrials,13.45,909.82525,93,10,NA
STT,STATE STREET CORP,Financials,77.46,23902.916639999996,93,10,0.2993505865675241
FYBR,FRONTIER COMMUNICATIONS PRINT,Telecom,25.34,6228.90142,93,10,0.369375662539815
RYI,RYERSON HOLDING CORP,Materials,34.68,1185.05028,93,10,-0.4474716529205147
ALK,ALASKA AIRGROUP INC,Industrials,39.07,5003.03071,93,10,0.6572834848538305
CFG,CITIZENS FINANCIAL GROUP INC,Financials,33.14,15450.630220000001,93,10,0.3808483589055933
DCPH,DECIPHERA PHARMACEUTICALS INC,Health Care,16.13,1298.5133899999998,93,10,NA
AMPL,AMPLITUDE INC,Tech,12.72,1089.1881600000002,93,10,-0.170596779143675
SNAP,SNAP INC,Telecom,16.93,23570.42004,93,10,-0.3638503357013291
CAR,AVIS BUDGET GROUP INC,Industrials,177.25999,6204.099649999999,93,10,-0.5452440308551421
CDNS,CADENCE DESIGN SYSTEMS INC,Tech,272.37,74004.56322,93,10,0.10313264180311355
PENN,PENN ENTERTAINMENT INC,Cons Disc,26.02,3943.40906,92,10,-0.23827738454947944
UBER,UBER TECHNOLOGIES INC,Industrials,61.57,126702.31706,92,10,-0.0203016238618543
TPH,TRI POINTE HOMES INC,Cons Disc,35.4,3435.6407999999997,92,10,0.02429352498785886
PRLB,PROTO LABS INC,Industrials,38.96,1004.62256,92,10,0.003338205989769305
VRNS,VARONIS SYSTEMS INC,Tech,45.28,4940.22912,92,10,-0.01877462059201973
ASIX,ADVANSIX INC,Materials,29.96,807.54184,92,10,-0.027308464292802204
EWBC,EAST WEST BANCORP INC,Financials,71.95,10074.94265,92,10,0.36656707679764877
UTHR,UNITED THERAPEUTICS CORP,Health Care,219.89,10343.84549,92,10,0.6046187443542572
UCTT,ULTRA CLEAN HOLDINGS INC,Tech,34.14,1522.644,92,10,0.05301788632734472
CCO,CLEAR CHANNEL OUTDOOR HLDGS NEW,Telecom,1.82,879.0782,92,10,-0.24725292781103525
GBX,GREENBRIER COMPANIES INC,Industrials,44.18,1374.08636,92,10,0.4124683171803174
LEU,CENTRUS ENERGY CORP,Energy,54.41,805.64887,92,10,0.22422395919130178
PFG,PRINCIPAL FINANCIAL GROUP INC,Financials,78.67,18600.57746,92,10,0.018732234713343177
ALKT,ALKAMI TECHNOLOGY INC,Tech,24.25,2345.5085,92,10,0.5125769679722771
HOV,HOVNANIAN ENTERPRISES INC,Cons Disc,155.62,831.94452,92,10,-0.14008456012481707
WS,WORTHINGTON STEEL INC,Materials,28.1,1405.7025,92,10,0.15404170035666498
SRRK,SCHOLAR ROCK HOLDING CORP,Health Care,18.8,1428.4052,92,10,1.2989360844547129
FOR,FORESTAR GROUP INC NEW,Real Estate,33.07,1650.5237,92,10,-0.21620812528027444
HAIN,HAIN CELESTIAL GROUP INC,Cons Staples,10.95,983.4413999999999,92,10,-0.43835627431742763
NATL,N C R ATLEOS CORP,Financials,24.29,1714.874,91,10,0.396459111825771
PRO,P R O S HOLDINGS INC,Tech,38.79,1794.46419,91,10,-0.4338746937916257
MCK,MCKESSON H B O C INC,Health Care,462.98001,61605.046090619995,91,10,0.23683278166748312
DBX,DROPBOX INC,Tech,29.48,7546.88,91,10,0.018995046412927374
HCP,HASHICORP INC,Tech,23.64,2773.94124,91,10,0.4471244329799908
MTTR,MATTERPORT INC,Tech,2.69,834.06409,91,10,0.7620803009470594
UAA,UNDER ARMOUR INC,Cons Disc,8.79,1659.42894,91,10,-0.058020201264759375
MQ,MARQETA INC,Financials,6.98,3252.5753000000004,91,10,-0.4570202084227828
GNW,GENWORTH FINANCIAL INC,Financials,6.68,3012.7134,91,10,0.046406409318232145
NUE,NUCOR CORP,Materials,174.03999,42785.817101609995,91,10,-0.31966627316759777
CORT,CORCEPT THERAPEUTICS INC,Health Care,32.48,3358.5944,91,10,0.551416821160744
HCC,WARRIOR MET COAL INC,Materials,60.97,3171.59843,91,10,-0.09807458657596402
CASH,PATHWARD FINANCIAL INC,Financials,52.93,1375.54484,91,10,0.3947460671430647
MHO,M I HOMES INC,Cons Disc,137.74001,3835.9215384900003,91,10,-0.0347749615169517
NTCT,NETSCOUT SYSTEMS INC,Tech,21.95,1558.889,91,10,-0.013211685469131762
CRBG,COREBRIDGE FINANCIAL INC,Financials,21.66,13637.049359999999,91,10,0.4258195198736152
MPC,MARATHON PETROLEUM CORP,Energy,148.36,56331.84692,91,10,-0.04074267373415863
ALGT,ALLEGIANT TRAVEL CO,Industrials,82.61,1509.20209,91,10,0.16167661512299625
MBUU,MALIBU BOATS INC,Cons Disc,54.82,1112.79118,91,10,-0.31430310571867526
REX,REX AMERICAN RESOURCES CORP,Energy,47.3,827.9391999999999,90,10,-0.11860447389891227
PRDO,PERDOCEO EDUCATION CORP,Cons Disc,17.56,1150.9702,90,10,0.5404874338713022
PTVE,PACTIV EVERGREEN INC,Materials,13.71,2448.01647,90,10,0.31196170580246685
VTLE,VITAL ENERGY INC,Energy,45.49,1583.0974899999999,90,10,-0.32029162014281465
DFS,DISCOVER FINANCIAL SERVICES,Financials,112.4,28106.519200000002,90,10,0.5728567008256271
SFNC,SIMMONS 1ST NATIONAL CORP,Financials,19.84,2483.65056,90,10,0.16558595271845267
HRMY,HARMONY BIOSCIENCES HLDGS INC,Health Care,32.3,1833.6387,90,10,0.0653259327438318
ACAD,ACADIA PHARMACEUTICALS,Health Care,31.31,5155.1915,90,10,-0.4139244535835762
CNOB,CONNECTONE BANCORP INC NEW,Financials,22.91,882.4932,90,10,0.032375494866871524
AXL,AMERICAN AXLE & MFG HLGDS INC,Cons Disc,8.81,1031.3074100000001,90,9,-0.3382519895801338
CMA,COMERICA INC,Financials,55.81,7359.83213,90,9,0.16485696419386198
PLTK,PLAYTIKA HOLDING CORP,Telecom,8.72,3226.4000000000005,90,9,-0.1603361200140887
TDOC,TELADOC HEALTH INC,Health Care,21.55,3567.75335,90,9,-0.5781901257752051
PTCT,P T C THERAPEUTICS INC,Health Care,27.56,2086.54004,90,9,0.6378839966037864
GPOR,GULFPORT ENERGY CORP,Energy,133.2,2428.902,90,9,0.38288295092601454
FHN,FIRST HORIZON CORP,Financials,14.16,7912.1832,90,9,0.47473900184681295
ROKU,ROKU INC,Telecom,91.66,11559.975879999998,90,9,-0.18895923939570936
SNV,SYNOVUS FINANCIAL CORP,Financials,37.65,5506.0113,90,9,0.40880775459759655
COF,CAPITAL ONE FINANCIAL CORP,Financials,131.12,49936.65864,90,9,0.38177010492873786
OMF,ONEMAIN HOLDINGS INC,Financials,49.2,5899.276800000001,89,9,0.14860955149119492
SMAR,SMARTSHEET INC,Tech,47.82,6515.809740000001,89,9,0.1716851132644257
WK,WORKIVA INC,Tech,101.53,5097.00906,89,9,0.07849786126861114
RXST,RXSIGHT INC,Health Care,40.32,1457.1648,89,9,-0.14732068198495407
SPHR,SPHERE ENTERTAINMENT CO,Telecom,33.96,959.16624,89,9,0.18727953244576878
NSP,INSPERITY INC,Industrials,117.22,4370.078820000001,89,9,-0.32117665081064684
KYMR,KYMERA THERAPEUTICS INC,Health Care,25.46,1415.1941000000002,89,9,0.5801240530700038
QTWO,Q 2 HOLDINGS INC,Tech,43.41,2545.3453499999996,89,9,1.3185914574977855
JWN,NORDSTROM INC,Cons Disc,18.45,2995.04385,89,9,0.35488169184883267
WAFD,WAFD INC,Financials,32.96,2117.8448000000003,89,9,0.010859456748212093
SMTC,SEMTECH CORP,Tech,21.91,1408.4843500000002,89,9,1.822915713680879
GOGO,GOGO INC,Telecom,10.13,1301.32006,89,9,-0.2013829127734531
EVBG,EVERBRIDGE INC,Tech,24.31,1009.1324099999999,89,9,NA
VAC,MARRIOTT VACATIONS WORLDWIDE COR,Cons Disc,84.89,3015.03813,89,9,0.09612653255120862
ABG,ASBURY AUTOMOTIVE GROUP INC,Cons Disc,224.97,4629.20769,89,9,0.08027741468236793
AVNS,AVANOS MEDICAL INC,Health Care,22.43,1041.33518,89,9,-0.29023648969790705
BMBL,BUMBLE INC,Telecom,14.74,1926.34112,89,9,-0.4477611015835886
VRSN,VERISIGN INC,Tech,205.96001,20863.749013,89,9,0.004855541594718904
SKY,SKYLINE CHAMPION CORP,Cons Disc,74.26,4276.48488,89,9,0.1863710354225261
IART,INTEGRA LIFESCIENCES HLDNGS CORP,Health Care,43.55,3404.2599499999997,88,9,-0.47921870502431485
QLYS,QUALYS INC,Tech,196.28,7244.49852,88,9,-0.28561074415368726
LRN,STRIDE INC,Cons Disc,59.37,2573.33328,88,9,0.7505477961239351
IRTC,IRHYTHM TECHNOLOGIES INC,Health Care,107.04,3313.3161600000003,88,9,-0.15760486365002313
SAH,SONIC AUTOMOTIVE INC,Cons Disc,56.21,1228.58197,88,9,0.1513727446892008
NGVT,INGEVITY CORP,Materials,47.22,1710.82782,88,9,-0.13701812135365066
GKOS,GLAUKOS CORP,Health Care,79.49,3879.1119999999996,88,9,0.8862774179329425
GPI,GROUP 1 AUTOMOTIVE INC,Cons Disc,304.73999,4212.42088177,88,9,0.390952627799082
LEN,LENNAR CORP,Cons Disc,149.03999,37282.65157848,88,9,-0.07361616614238453
TLRY,TILRAY BRANDS INC,Health Care,2.3,1685.6884,88,9,-0.4217390876799555
AMRX,AMNEAL PHARMACEUTICALS INC,Health Care,6.07,1860.8495500000001,88,9,0.3047778425510692
F,FORD MOTOR CO DEL,Cons Disc,12.19,47932.323379999994,88,9,-0.1331635155826183
KBH,K B HOME,Cons Disc,62.46,4954.2647400000005,88,9,0.06547168474988507
ULH,UNIVERSAL LOGISTICS HOLDINGS INC,Industrials,28.02,736.47768,88,9,0.6563373335887581
BRKL,BROOKLINE BANCORP INC,Financials,10.91,978.0160400000001,88,9,0.14042915492760422
RDUS,SCHNITZER STEEL INDUSTRIES INC,Materials,30.16,834.2256,88,9,-0.47483617318129323
GTLB,GITLAB INC,Tech,62.96,6793.384,88,9,-0.10498801121127888
KRO,KRONOS WORLDWIDE INC,Materials,9.94,1143.36838,88,9,0.020322979958743215
SM,S M ENERGY CO,Energy,38.72,4503.67808,88,9,0.01838906602827728
DNOW,NOW INC,Industrials,11.32,1203.66692,87,9,0.14929269552755908
GWRE,GUIDEWIRE SOFTWARE INC,Tech,109.04,8933.75624,87,9,0.5460368306943411
MOS,MOSAIC CO NEW,Materials,35.73,11677.81455,87,9,-0.2911070677033555
CAL,CALERES INC,Cons Disc,30.73,1090.9764599999999,87,9,-0.23958616828492152
AIG,AMERICAN INTERNATIONAL GROUP INC,Financials,67.75,47563.21,87,9,0.09722736031942625
RF,REGIONS FINANCIAL CORP NEW,Financials,19.38,18024.6597,87,9,0.27067158867565255
BPOP,POPULAR INC,Financials,82.07,5921.678779999999,87,9,0.17809007494706264
HUBG,HUB GROUP INC,Industrials,91.94,2859.334,87,9,-0.019622952353865797
VREX,VAREX IMAGING CORP,Health Care,20.5,832.6895,87,9,-0.2882938221749404
BLDR,BUILDERS FIRSTSOURCE INC,Industrials,166.94,20591.548179999998,87,9,-0.14382540851156866
PBF,P B F ENERGY INC,Energy,43.96,5371.95596,87,9,-0.37968177364475564
TOL,TOLL BROTHERS INC,Cons Disc,102.79,10701.466900000001,87,9,0.23419246047327613
FRSH,FRESHWORKS INC,Tech,23.49,4908.000599999999,87,9,-0.311620827304132
CF,C F INDUSTRIES HOLDINGS INC,Materials,79.5,15189.0315,87,9,0.09926211486532477
BCC,BOISE CASCADE CO,Industrials,129.36,5121.3624,87,9,-0.04252333515769702
EEFT,EURONET WORLDWIDE INC,Financials,101.49,4646.00922,87,9,0.01330168084811012
EBAY,EBAY INC,Cons Disc,43.62,22551.54,87,9,0.44729466883043445
TEAM,ATLASSIAN CORP PLC,Tech,237.86,37191.55174,87,9,0.023208265188560118
SEAS,SEAWORLD ENTERTAINMENT INC,Cons Disc,52.83,3378.16152,87,9,0.06360292572836035
NTRS,NORTHERN TRUST CORP,Financials,84.38,17308.53188,86,9,0.2553465026666477
BTU,PEABODY ENERGY CORP NEW,Energy,24.32,3188.352,86,9,-0.1282510050072282
STLD,STEEL DYNAMICS INC,Materials,118.1,18898.1258,86,9,-0.02020023287158479
HGV,HILTON GRAND VACATIONS INC,Cons Disc,40.18,4338.79712,86,9,-0.030611815518678753
HP,HELMERICH & PAYNE INC,Energy,36.22,3601.24594,86,9,-0.0781862432118281
PFGC,PERFORMANCE FOOD GROUP CO,Cons Staples,69.15,10759.809150000001,86,9,0.22270363467024046
TWLO,TWILIO INC,Tech,75.87,13735.73241,86,9,0.42454074151756305
HOG,HARLEY DAVIDSON INC,Cons Disc,36.84,5130.706800000001,86,9,-0.1662485717843798
T,A T & T INC,Telecom,16.78,119977.3356,86,9,0.4385968780111984
TCBI,TEXAS CAPITAL BANCSHARES INC,Financials,64.63,3052.99194,86,9,0.2099625271227612
FITB,FIFTH THIRD BANCORP,Financials,34.49,23492.00125,86,9,0.2710782515214305
JELD,JELD WEN HOLDING INC,Industrials,18.88,1608.8591999999999,86,9,-0.5662073673408217
CTRA,COTERRA ENERGY INC,Energy,25.52,19195.93984,86,9,0.032564874288070866
BV,BRIGHTVIEW HOLDINGS INC,Industrials,8.42,788.112,86,9,0.8990505730821408
MGY,MAGNOLIA OIL & GAS CORP,Energy,21.29,3943.39767,86,9,0.1208583206143834
SUPN,SUPERNUS PHARMACEUTICALS INC,Health Care,28.94,1583.68362,86,9,0.24948213397888286
CEIX,CONSOL ENERGY INC NEW,Energy,100.53,3117.4352999999996,86,9,0.06580512867241728
INVA,THERAVANCE INC,Health Care,16.04,1015.4442799999999,86,9,0.08167129081504787
UPWK,UPWORK INC,Industrials,14.87,2041.2495099999999,86,9,0.0995311810082844
RPD,RAPID7 INC,Tech,57.1,3523.8694,85,9,-0.29544642180890934
LESL,LESLIES INC,Cons Disc,6.91,1274.98483,85,9,-0.6772791630556487
CC,CHEMOURS CO,Materials,31.54,4681.73452,85,9,-0.4384636760255799
MOH,MOLINA HEALTHCARE INC,Health Care,361.31,21064.373,85,9,-0.1944576720314587
VLO,VALERO ENERGY CORP NEW,Energy,130,44258.89,85,9,-0.028872867597910412
B,BARNES GROUP INC,Industrials,32.63,1653.5252500000001,85,9,0.46687959947177293
PATK,PATRICK INDUSTRIES INC,Cons Disc,100.35,2223.85635,85,9,0.2648268202139392
LOPE,GRAND CANYON EDUCATION INC,Cons Disc,132.03999,3954.9938204699997,85,9,0.24052997400018894
PFS,PROVIDENT FINANCIAL SVCS INC,Financials,18.03,1363.19421,85,9,0.10666202036755656
MTH,MERITAGE HOMES CORP,Cons Disc,174.2,6349.59,85,9,-0.10148878825473961
MCRI,MONARCH CASINO & RESORT INC,Cons Disc,69.15,1320.1426500000002,85,9,0.1596700136851419
THRY,THRYV HOLDINGS INC,Tech,20.35,718.41605,85,9,-0.27272624600350404
DIOD,DIODES INC,Tech,80.52,3698.9277599999996,85,9,-0.23410299749241958
METC,RAMACO RESOURCES INC,Materials,17.18,755.97154,85,9,-0.37848090063906004
WHR,WHIRLPOOL CORP,Cons Disc,121.77,6679.449809999999,85,9,0.005968004171279961
MTDR,MATADOR RESOURCES CO,Energy,56.86,6774.0161,85,9,0.0033841766477875623
GIII,G III APPAREL GROUP INC,Cons Disc,33.98,1553.83744,85,9,-0.04002397083059306
S,SENTINELONE INC,Tech,27.44,6825.7,85,9,-0.19096342441233738
EYE,NATIONAL VISION HOLDINGS INC,Cons Disc,20.93,1639.04923,84,9,-0.5021495102826646
CRUS,CIRRUS LOGIC INC,Tech,83.19,4486.35351,84,9,0.19701974821158497
NMRK,NEWMARK GROUP INC,Real Estate,10.96,1689.8347200000003,84,9,0.18016789516326037
CHRD,CHORD ENERGY CORP,Energy,166.23,6856.9875,84,9,-0.2517492031118854
LGIH,L G I HOMES INC,Cons Disc,133.16,3140.1791200000002,84,9,-0.328627801371008
USB,U S BANCORP DEL,Financials,43.28,67387.47936,84,9,0.1553534193844086
JAMF,JAMF HOLDING CORP,Tech,18.06,2292.5002799999997,84,9,-0.22203799988485662
APP,APPLOVIN CORP,Telecom,39.85,10710.643900000001,84,9,7.126232917203405
V,VISA INC,Financials,260.35001,412010.13922524,84,9,0.22303784876765542
GRNT,GRANITE RIDGE RESOURCES INC,Energy,6.02,800.67806,84,9,0.14913451472403771
VSAT,VIASAT INC,Tech,27.95,3502.694,84,9,-0.6955277197213112
AYX,ALTERYX INC,Tech,47.16,3036.01932,84,9,NA
LSXMK,LIBERTY MEDIA CORP 3RD NEW,Telecom,28.78,6293.98454,84,9,NA
DECK,DECKERS OUTDOOR CORP,Cons Disc,668.42999,17199.37207269,84,9,0.8229855431900341
SBH,SALLY BEAUTY HOLDINGS INC,Cons Disc,13.28,1417.9321599999998,84,9,-0.21310179209300828
TNL,TRAVEL & LEISURE CO,Cons Disc,39.09,2830.8978,84,9,0.3457954762334976
DVAX,DYNAVAX TECHNOLOGIES CORP,Health Care,13.98,1810.8294,84,9,-0.08655168658136536
IBTX,INDEPENDENT BANK GROUP INC,Financials,50.88,2100.42816,84,9,0.2275548089877617
TTEC,T T E C HOLDINGS INC,Industrials,21.67,1027.7430900000002,84,9,-0.7678299487470661
STER,STERLING CHECK CORP,Industrials,13.92,1297.26048,83,9,NA
ARKO,A R K O CORP,Cons Disc,8.25,958.41075,83,9,-0.18572895975115034
MBC,MASTERBRAND INC,Industrials,14.85,1882.4157,83,9,-0.016161660256789223
ATKR,ATKORE INC,Industrials,160,5943.84,83,9,-0.4725426764130769
ELAN,ELANCO ANIMAL HEALTH INC,Health Care,14.9,7342.6902,83,9,-0.1872477634614228
SNCY,SUN COUNTRY AIRLINES HLDGS INC,Industrials,15.73,838.2674300000001,83,9,-0.07310820726665568
DINO,H F SINCLAIR CORP,Energy,55.57,12197.337150000001,83,9,-0.3433617321041771
STGW,STAGWELL INC,Telecom,6.63,785.44947,83,9,-0.007542667320956542
PSX,PHILLIPS 66,Energy,133.14,58575.741839999995,83,9,-0.1163611812470754
OVV,OVINTIV INC,Energy,43.92,11985.85584,83,9,-0.05232382690698256
TRMK,TRUSTMARK CORP,Financials,27.88,1702.65948,83,9,0.3061519921026461
OC,OWENS CORNING NEW,Industrials,148.23,13173.94125,83,9,0.16539454464977932
NNI,NELNET INC,Financials,88.22,2351.5041,83,9,0.22410327377100692
ARCB,ARCBEST CORP,Industrials,120.21,2832.62844,83,9,-0.22046794181128815
ACI,ALBERTSONS COMPANIES INC,Cons Staples,23,13245.539,83,9,-0.1252176581718043
AVGO,BROADCOM INC,Tech,1116.25,522562.39125,83,9,1.103766691424251
UHAL,U HAUL HOLDING CO,Industrials,71.8,1407.8544,83,9,-0.03774349851947234
PAG,PENSKE AUTOMOTIVE GROUP INC,Cons Disc,160.50999,10788.518467859998,83,9,-0.025908172527278284
SEE,SEALED AIR CORP NEW,Materials,36.52,5274.802720000001,83,9,-0.05259569672175357
NXST,NEXSTAR MEDIA GROUP INC,Telecom,156.75,5266.95675,82,9,0.048876700175174204
FWRD,FORWARD AIR CORP,Industrials,62.87,1613.93577,82,9,-0.487036251775833
SASR,SANDY SPRING BANCORP INC,Financials,27.24,1223.4573599999999,82,9,0.3003632346341738
WLK,WESTLAKE CORP,Materials,139.96001,17934.61564141,82,9,-0.168961783270146
OGN,ORGANON & CO,Health Care,14.42,3685.8385200000002,82,9,0.09748656304218839
TWKS,THOUGHTWORKS HOLDING INC,Tech,4.81,1550.77767,82,9,NA
CCRN,CROSS COUNTRY HEALTHCARE INC,Health Care,22.64,778.4764,82,9,-0.1978808129807369
OXM,OXFORD INDUSTRIES INC,Cons Disc,100,1562.5,82,9,-0.18938617855033701
MEG,MONTROSE ENVIRONMENTAL GROUP INC,Industrials,32.13,969.9404400000001,82,9,-0.42265926888021677
KLG,W K KELLOGG CO,Cons Staples,13.14,1125.19134,82,9,0.41956897665099935
ACEL,ACCEL ENTERTAINMENT INC,Cons Disc,10.27,870.9268099999999,82,9,0.039922299916259174
CNXC,CONCENTRIX CORP,Industrials,98.21,6455.73614,82,9,-0.5497201524778954
TPR,TAPESTRY INC,Cons Disc,36.81,8436.33666,82,9,0.8256524507157619
RPAY,REPAY HOLDINGS CORP,Financials,8.54,775.46616,82,9,-0.10655790011897948
VGR,VECTOR GROUP LTD,Cons Staples,11.28,1758.92424,82,9,NA
DDS,DILLARDS INC,Cons Disc,403.64999,4939.06127764,82,9,0.13412752660604177
RRC,RANGE RESOURCES CORP,Energy,30.44,7345.3242,82,9,0.19330602222807203
AGYS,AGILYSYS INC,Tech,84.82,2319.7421799999997,82,9,0.5528186289425594
IPGP,I P G PHOTONICS CORP,Tech,108.54,4945.950720000001,82,9,-0.3300165977402927
AMEH,APOLLO MEDICAL HOLDINGS INC,Health Care,38.3,1794.1252,81,9,-0.17676330827404418
PATH,UIPATH INC,Tech,24.84,12013.269839999999,81,9,-0.48832489861077333
CHS,CHICOS FAS INC,Cons Disc,7.58,935.80406,81,9,NA
NUS,NU SKIN ENTERPRISES INC,Cons Staples,19.42,959.52278,81,9,-0.6365369626036737
VSCO,VICTORIAS SECRET & CO,Cons Disc,26.54,2055.1249,81,9,0.5606619547108322
PHIN,PHINIA INC,Cons Disc,30.29,1414.08865,81,9,0.6264731898653126
TWST,TWIST BIOSCIENCE CORP,Health Care,36.86,2129.73394,81,9,0.26071717930397953
PPBI,PACIFIC PREMIER BANCORP INC,Financials,29.11,2790.4846000000002,81,9,-0.09700532918773463
CALM,CAL MAINE FOODS INC,Cons Staples,57.39,2535.66237,81,9,0.8704978501785328
WRLD,WORLD ACCEPTANCE CORP,Financials,130.53,792.70869,81,9,-0.13858870146454938
PHM,PULTE GROUP INC,Cons Disc,103.22,22253.7159,81,9,0.06231337686427785
SKYW,SKYWEST INC,Industrials,52.2,2099.745,81,9,0.9182015923934421
TSN,TYSON FOODS INC,Cons Staples,53.75,15391.36625,81,9,0.10431558335758129
DLX,DELUXE CORP,Industrials,21.45,937.21485,81,9,0.11355925465797645
ZEUS,OLYMPIC STEEL INC,Materials,66.7,742.5711,81,9,-0.501285362705246
SSTK,SHUTTERSTOCK INC,Telecom,48.28,1724.2236400000002,81,9,-0.3514251205963901
MUSA,MURPHY USA INC,Cons Disc,356.56,7586.52712,81,9,0.4124830172824958
CABO,CABLE ONE INC,Telecom,556.59003,3126.36619851,81,9,-0.32924260005357264
COLL,COLLEGIUM PHARMACEUTICAL INC,Health Care,30.78,980.9278200000001,81,9,-0.06920256534053248
ECVT,ECOVYST INC,Materials,9.77,1134.4630899999997,80,9,-0.21801432797703613
RAMP,LIVERAMP HOLDINGS INC,Tech,37.88,2481.67032,80,9,-0.1982580546265682
SNDR,SCHNEIDER NATIONAL INC,Industrials,25.45,2377.46265,80,9,0.1674988219179503
WLY,WILEY JOHN & SONS INC,Telecom,31.74,1455.18378,80,9,0.4216014694894157
CVCO,CAVCO INDUSTRIES INC DEL,Cons Disc,346.62,2892.89052,80,9,0.28737520066343647
AMK,ASSETMARK FINANCIAL HOLDINGS INC,Financials,29.95,2224.23675,80,9,NA
NX,QUANEX BUILDING PRODUCTS CORP,Industrials,30.57,1008.87114,80,9,-0.1981819187260957
ARCH,ARCH RESOURCES INC,Materials,165.94,3048.15186,80,9,-0.13214221633440948
PLAY,DAVE & BUSTERS ENTERTAINMENT INC,Cons Disc,53.85,2164.17765,80,9,-0.4579394450905697
UMBF,U M B FINANCIAL CORP,Financials,83.55,4056.6866999999997,80,8,0.37311306463939764
MTCH,MATCH GROUP INC NEW,Telecom,36.5,9814.485,80,8,-0.10383571716592266
ON,ON SEMICONDUCTOR CORP,Tech,83.53,35616.02258,80,8,-0.24518164328755065
OUT,OUTFRONT MEDIA INC,Real Estate,13.96,2304.098,80,8,0.3986945449546435
COHU,COHU INC,Tech,35.39,1669.5586400000002,80,8,-0.24554971960791483
R,RYDER SYSTEMS INC,Industrials,115.06,5099.68932,80,8,0.39413869083087416
YEXT,YEXT INC,Tech,5.89,730.7899699999999,80,8,0.07979757382507247
MET,METLIFE INC,Financials,66.13,48948.76469999999,80,8,0.27345061992724684
SIBN,SI BONE INC,Health Care,20.99,854.1460699999999,80,8,-0.3320632393335662
CMC,COMMERCIAL METALS CO,Materials,50.04,5855.13036,80,8,0.0036244244084668864
BDC,BELDEN INC NEW,Tech,77.25,3219.9345,79,8,0.4605696962940713
ABCB,AMERIS BANCORP,Financials,53.05,3663.26165,79,8,0.1932905347295939
MED,MEDIFAST INC,Cons Staples,67.22,732.22746,79,8,-0.7378758160741519
ULCC,FRONTIER GROUP HOLDINGS INC,Industrials,5.46,1217.57454,79,8,0.3021997321529155
WBA,WALGREENS BOOTS ALLIANCE INC,Cons Staples,26.11,22516.63736,79,8,-0.6125197719786875
SXC,SUNCOKE ENERGY INC,Materials,10.74,899.53944,79,8,0.0386124947372255
LPX,LOUISIANA PACIFIC CORP,Industrials,70.83,5107.90545,79,8,0.4784368089546456
ARW,ARROW ELECTRONICS INC,Tech,122.25,6620.93775,79,8,-0.07468386602051214
BKD,BROOKDALE SENIOR LIVING INC,Health Care,5.82,1095.5451600000001,79,8,-0.13573961933096546
TNDM,TANDEM DIABETES CARE INC,Health Care,29.58,1939.0281599999998,79,8,0.21771244064425543
ATSG,AIR TRANSPORT SERVICES GROUP INC,Industrials,17.61,1148.89401,79,8,0.24815527191743558
MEI,METHODE ELECTRONICS INC,Tech,22.73,809.16527,79,8,-0.4573909739310563
GDEN,GOLDEN ENTERTAINMENT INC,Cons Disc,39.93,1144.75317,79,8,-0.18412090958755756
CNC,CENTENE CORP DEL,Health Care,74.21,39643.056209999995,79,8,-0.18366694040685771
PBI,PITNEY BOWES INC,Industrials,4.4,775.8564,79,8,0.7036337814925557
TMST,TIMKENSTEEL CORP,Materials,23.45,1011.98475,79,8,-0.3974409396191916
HBAN,HUNTINGTON BANCSHARES INC,Financials,12.72,18422.630400000002,79,8,0.3349035378220475
TENB,TENABLE HOLDINGS INC,Tech,46.06,5395.83688,79,8,-0.14502975264683016
JLL,JONES LANG LASALLE INC,Real Estate,188.87,8985.112509999999,79,8,0.340285545313062
NWLI,NATIONAL WESTERN LIFE GROUP INC,Financials,483.01999,1659.65668564,78,8,NA
MNRO,MONRO INC,Cons Disc,29.34,877.3246800000001,78,8,-0.11846662413768505
CMI,CUMMINS INC,Industrials,239.57001,33957.85106745,78,8,0.4887004083606703
CYRX,CRYOPORT INC,Health Care,15.49,758.56079,78,8,-0.49774065080319674
WCC,WESCO INTERNATIONAL INC,Industrials,173.88,8881.094879999999,78,8,0.05089880138772984
IDT,I D T CORP,Telecom,34.09,804.0467400000001,78,8,0.4010484888634125
CHRW,CH ROBINSON WORLDWIDE INC,Industrials,86.39,10087.58752,78,8,0.22831580853643962
TNET,TRINET GROUP INC,Industrials,118.93,6006.91644,78,8,-0.23124716220667108
IMKTA,INGLES MARKETS INC,Cons Staples,86.37,1255.47432,78,8,-0.24726119224285026
ADM,ARCHER DANIELS MIDLAND CO,Cons Staples,72.22,38520.77582,78,8,-0.27582384558420514
SPSC,S P S COMMERCE INC,Tech,193.84,7137.1888,78,8,-0.05081531241561765
WMK,WEIS MARKETS INC,Cons Staples,63.96,1720.39608,78,8,0.07968926839857815
SCSC,SCANSOURCE INC,Tech,39.61,996.34994,78,8,0.19792928193661807
YELP,YELP INC,Telecom,47.34,3241.51182,78,8,-0.1825097003732694
HAYW,HAYWARD HOLDINGS INC,Industrials,13.6,2906.3064,78,8,0.12426434943151121
CVS,C V S HEALTH CORP,Health Care,78.96,101613.38711999998,78,8,-0.4074852703393781
HOLX,HOLOGIC INC,Health Care,71.45,16758.1688,78,8,0.00895670862979725
ASB,ASSOCIATED BANC CORP,Financials,21.39,3228.6066,78,8,0.16362990119481524
PFE,PFIZER INC,Health Care,28.79,162560.23026999997,78,8,-0.022011616182285754
MGM,M G M RESORTS INTERNATIONAL,Cons Disc,44.68,15261.92844,77,8,-0.22448591453026023
AKAM,AKAMAI TECHNOLOGIES INC,Tech,118.35,17898.42555,77,8,-0.1918037277561998
AN,AUTONATION INC DEL,Cons Disc,150.17999,6385.6531748,77,8,0.13090901312457404
BC,BRUNSWICK CORP,Cons Disc,96.75,6657.65775,77,8,-0.3177124282806538
LFUS,LITTELFUSE INC,Tech,267.56,6665.72228,77,8,-0.10982635099155003
MANH,MANHATTAN ASSOCIATES INC,Tech,215.32001,13256.39173566,77,8,0.25505967900114856
OPK,OPKO HEALTH INC,Health Care,1.51,1167.6558200000002,77,8,-0.026488303092963683
HLIO,HELIOS TECHNOLOGIES INC,Industrials,45.35,1498.95355,77,8,-0.007673182007370771
GMS,G M S INC,Industrials,82.43,3282.19774,77,8,0.029115841879827853
CROX,CROCS INC,Cons Disc,93.41,5651.305,77,8,0.1725731368106853
ATGE,ADTALEM GLOBAL EDUCATION INC,Cons Disc,58.95,2347.8606,77,8,0.541136882686456
DE,DEERE & CO,Industrials,399.87,112065.56684999999,77,8,0.07542732903101612
OLN,OLIN CORP,Materials,53.95,6611.5725,77,8,-0.3631570381023487
BJ,B J S WHOLESALE CLUB HLDGS INC,Cons Staples,66.66,8891.177459999999,77,8,0.3403829576039883
GT,GOODYEAR TIRE & RUBBER CO,Cons Disc,14.32,4063.81552,77,8,-0.37150805574474455
ELV,ELEVANCE HEALTH INC,Health Care,471.56,110797.26604,77,8,-0.20692632253343624
CWH,CAMPING WORLD HOLDINGS INC,Cons Disc,26.26,1175.9228,77,8,-0.17898209543063992
PINC,PREMIER INC,Health Care,22.36,2679.08576,77,8,-0.01275135864248611
PII,POLARIS INC,Cons Disc,94.77,5351.94621,77,8,-0.370486916580657
BIIB,BIOGEN INC,Health Care,258.76999,37495.771551,76,8,-0.4090503819159338
CRC,CALIFORNIA RESOURCES CORP,Energy,54.68,3752.1416,76,8,-0.025117628753143606
SR,SPIRE INC,Utilities,62.34,3318.29586,76,8,0.14070783216425564
COR,CENCORA INC,Health Care,205.38,41222.23056,76,8,0.10355529551335962
AMAL,AMALGAMATED FINANCIAL CORP,Financials,26.94,819.7303200000001,76,8,0.26249430878919755
IBKR,INTERACTIVE BROKERS GROUP INC,Financials,82.9,8874.1134,76,8,1.1442716667807598
MRO,MARATHON OIL CORP,Energy,24.16,14139.567519999999,76,8,NA
WOR,WORTHINGTON ENTERPRISES INC,Industrials,57.55,2875.48575,76,8,-0.29302690803472264
UDMY,UDEMY INC,Cons Disc,14.73,2315.0551800000003,76,8,-0.44127580086497054
MD,PEDIATRIX MEDICAL GROUP INC,Health Care,9.3,781.4232000000001,76,8,0.41075236141054505
NTRA,NATERA INC,Health Care,62.64,7490.55384,76,8,1.527138643478338
CHPT,CHARGEPOINT HOLDINGS INC,Industrials,2.34,978.1855199999999,76,8,-0.542735397862619
TILE,INTERFACE INC,Industrials,12.62,733.37344,76,8,0.9335743414824005
PPC,PILGRIMS PRIDE CORP NEW,Cons Staples,27.66,6549.611400000001,76,8,0.640998710220354
GEF,GREIF INC,Materials,65.59,1670.83966,76,8,-0.03603121149832966
AMN,A M N HEALTHCARE SERVICES INC,Health Care,74.88,2829.64032,76,8,-0.6805558511075411
FMC,F M C CORP,Materials,63.05,7866.054949999999,76,8,-0.19779277611256008
MKSI,M K S INSTRUMENTS INC,Tech,102.87,6882.003,76,8,0.022214294086160935
COUR,COURSERA INC,Cons Disc,19.37,2954.85476,76,8,-0.561176704726605
BCO,BRINKS CO,Industrials,87.95,3962.23545,75,8,0.0650905901398462
DHI,D R HORTON INC,Cons Disc,151.98,50637.30432,75,8,-0.07263170802005248
PBH,PRESTIGE CONSUMER HEALTHCARE INC,Health Care,61.22,3037.67518,75,8,0.27556430833728784
UFPI,U F P INDUSTRIES INC,Industrials,125.55,7736.516549999999,75,8,-0.09241401466089405
JEF,JEFFERIES FINANCIAL GROUP INC,Financials,40.41,8503.39548,75,8,0.9868612665023226
MATX,MATSON INC,Industrials,109.6,3828.876,75,8,0.24271275397083047
GRBK,GREEN BRICK PARTNERS INC,Cons Disc,51.94,2356.9333199999996,75,8,0.08760160518087301
ACCD,ACCOLADE INC,Health Care,12.01,929.67008,75,8,-0.7152371408255158
IOT,SAMSARA INC,Tech,33.38,6305.515380000001,75,8,0.3088659991127851
LZB,LA Z BOY INC,Cons Disc,36.92,1579.4376000000002,75,8,0.20436490329747103
ZD,ZIFF DAVIS INC,Telecom,67.19,3095.9808199999998,75,8,-0.19124923889546785
KEYS,KEYSIGHT TECHNOLOGIES INC,Tech,159.09,27847.909050000002,75,8,0.009679524422099517
SANM,SANMINA CORP,Tech,51.37,2820.93218,75,8,0.4730407432612058
WRK,WESTROCK CO,Materials,41.52,10650.212160000001,75,8,NA
AMWD,AMERICAN WOODMARK CORP,Industrials,92.85,1488.0140999999999,75,8,-0.1434582099245848
FULT,FULTON FINANCIAL CORP PA,Financials,16.46,2696.16446,75,8,0.2167136835213661
MXL,MAXLINEAR INC,Tech,23.77,1944.81386,75,8,-0.16785904285852038
ARMK,ARAMARK,Cons Disc,28.1,7370.4052,75,8,0.3430854777039192
ADUS,ADDUS HOMECARE CORP,Health Care,92.85,1506.67695,74,8,0.3500272203971433
STC,STEWART INFORMATION SVCS CORP,Financials,58.75,1607.5175,74,8,0.18250369649017295
VBTX,VERITEX HOLDINGS INC,Financials,23.27,1264.44526,74,8,0.20796558175595137
CLNE,CLEAN ENERGY FUELS CORP,Energy,3.83,854.1934100000001,74,8,-0.34464695211101815
PCRX,PACIRA BIOSCIENCES INC,Health Care,33.74,1568.2689400000002,74,8,-0.4416118565064142
AMKR,AMKOR TECHNOLOGY INC,Tech,33.27,8180.693760000001,74,8,-0.20765366114637207
VSH,VISHAY INTERTECHNOLOGY INC,Tech,23.97,3025.9488300000003,74,8,-0.27898319693329765
HUM,HUMANA INC,Health Care,457.81,56361.446910000006,74,8,-0.43958453891673754
PYCR,PAYCOR HCM INC,Industrials,21.59,3835.1180600000002,74,8,-0.13988049743293862
RHI,ROBERT HALF INC,Industrials,87.92,9310.288400000001,74,8,-0.1739457080052781
KR,KROGER CO,Cons Staples,45.71,32884.82533,74,8,0.3683189988346802
LAD,LITHIA MOTORS INC,Cons Disc,329.28,9061.7856,74,8,0.09298362141299421
CENTA,CENTRAL GARDEN & PET CO,Cons Staples,44.04,1809.03108,74,8,-0.061933115447443066
PSMT,PRICESMART INC,Cons Staples,75.78,2312.50248,74,8,0.2478905707346395
THR,THERMON GROUP HOLDINGS INC,Industrials,32.57,1097.5112900000001,74,8,-0.11667125933689304
WRB,BERKLEY W R CORP,Financials,70.72,18236.70784,74,8,0.2723562989453492
CUBI,CUSTOMERS BANCORP INC,Financials,57.62,1810.07468,74,8,-0.1551542946303902
CRNC,CERENCE INC,Tech,19.66,810.71942,74,8,-0.6007120961148622
NCNO,NCINO INC NEW,Tech,33.63,3804.6627900000003,74,8,-0.0014890546321223441
KFY,KORN FERRY,Industrials,59.35,3118.3083500000002,73,8,0.1598864335565322
SPTN,SPARTANNASH CO,Cons Staples,22.95,794.2995,73,8,-0.16609162009864165
WSC,WILLSCOT MOBILE MINI HLDGS CORP,Industrials,44.5,8453.5315,73,8,-0.24831421698242373
YETI,YETI HOLDINGS INC,Cons Disc,51.78,4497.24834,73,8,-0.2562760315368111
BIO,BIO RAD LABORATORIES INC,Health Care,322.89001,7768.41075059,73,8,0.01740448406646178
AL,AIR LEASE CORP,Industrials,41.94,4656.47238,73,8,0.1699815250177692
NVR,N V R INC,Cons Disc,7000.4502,22254.4311858,73,8,0.16834051860635424
NVEE,N V 5 GLOBAL INC,Industrials,111.12,1766.2524,73,8,-0.3218150903437975
IP,INTERNATIONAL PAPER CO,Materials,36.15,12508.514549999998,73,8,0.5503899790460032
MYE,MYERS INDUSTRIES INC,Materials,19.55,720.1829,73,8,-0.4135838465698135
SEB,SEABOARD CORP,Cons Staples,3570.1001,3466.5671971,73,8,-0.31743709733412884
ANDE,ANDERSONS INC,Cons Staples,57.54,1944.50676,73,8,-0.28803305000515855
MA,MASTERCARD INC,Financials,426.51001,396841.12068438,73,8,0.24162606675952758
RS,RELIANCE STEEL & ALUMINUM CO,Materials,279.67999,16073.48870529,73,8,-0.023500561037156475
COP,CONOCOPHILLIPS,Energy,116.07,137822.44656,73,8,-0.12170274544109583
APOG,APOGEE ENTERPRISES INC,Industrials,53.41,1179.5598499999999,73,8,0.3579479267789272
VIRT,VIRTU FINANCIAL INC,Financials,20.26,1805.0241800000001,73,8,0.829783949490194
CTS,C T S CORP,Tech,43.74,1362.85092,73,8,0.20943044435652935
NVDA,NVIDIA CORP,Tech,495.22,1223193.4,73,8,1.7124880002215046
BECN,BEACON ROOFING SUPPLY INC,Industrials,87.02,5508.54004,72,8,0.16731856701036252
BKE,BUCKLE INC,Cons Disc,47.52,2397.1464000000005,72,8,0.18099967138053574
AMAT,APPLIED MATERIALS INC,Tech,162.07001,134595.41569477,72,8,0.011270399440628909
DGII,DIGI INTERNATIONAL INC,Tech,26,942.474,72,8,0.1626932494596196
FBP,FIRST BANCORP P R,Financials,16.45,2838.4804,72,8,0.16862061853023524
PRU,PRUDENTIAL FINANCIAL INC,Financials,103.71,37439.31,72,8,0.19343696405949706
INNV,INNOVAGE HOLDING CORP,Health Care,6,815.358,72,8,-0.3449993169668695
ANSS,ANSYS INC,Tech,362.88,31536.44928,72,8,-0.07041057379047722
PNW,PINNACLE WEST CAPITAL CORP,Utilities,71.84,8146.512320000001,72,8,0.233159934281572
MTSI,MACOM TECHNOLOGY SOLS HLDS INC,Tech,92.95,6698.44175,72,8,0.3976373262856021
ABM,A B M INDUSTRIES INC,Industrials,44.83,2818.05863,72,8,0.1634401450400318
JBI,JANUS INTERNATIONAL GROUP INC,Industrials,13.05,1916.1054000000001,72,8,-0.43678307945904904
CPRX,CATALYST PHARMACEUTICALS INC,Health Care,16.81,1800.7208199999998,72,8,0.24152432116465272
VYX,N C R VOYIX CORP,Tech,16.91,2387.692,72,8,-0.1815499010464201
HAE,HAEMONETICS CORP MASS,Health Care,85.51,4338.94842,72,8,-0.08689051181208307
CIEN,CIENA CORP,Tech,45.01,6518.7982999999995,72,8,0.8842463533968046
GPC,GENUINE PARTS CO,Cons Disc,138.5,19417.2845,72,8,-0.13169101748277312
ERII,ENERGY RECOVERY INC,Industrials,18.84,1071.63804,72,8,-0.21974503639918574
FANG,DIAMONDBACK ENERGY INC,Energy,155.08,27716.517920000002,72,8,0.10199750421637943
CACC,CREDIT ACCEPTANCE CORP,Financials,532.72998,6670.844809559999,71,8,-0.11876542982922667
HRB,BLOCK H & R INC,Cons Disc,48.37,6961.94247,71,8,0.12044134640826498
PLAB,PHOTRONICS INC,Tech,31.37,1963.91885,71,8,-0.2489639657782563
UPBD,UPBOUND GROUP INC,Cons Disc,33.97,1846.40538,71,8,-0.097548324549941
NJR,NEW JERSEY RES,Utilities,44.58,4359.34446,71,8,0.08762532595985806
CVX,CHEVRON CORP NEW,Energy,149.16,280726.27968000004,71,8,0.012319520538234263
FTDR,FRONTDOOR INC,Cons Disc,35.22,2760.5083799999998,71,8,0.5522419978123703
GPK,GRAPHIC PACKAGING HOLDING CO,Materials,24.65,7544.20645,71,8,0.11767056064059478
GS,GOLDMAN SACHS GROUP INC,Financials,385.76999,125804.22297888,71,8,0.5206203847473239
TRV,TRAVELERS COMPANIES INC,Financials,190.49001,43507.72779399,71,8,0.28795049008546325
FOXA,FOX CORP,Telecom,29.67,7145.396430000001,71,8,0.661488374252184
AFG,AMERICAN FINANCIAL GROUP INC NEW,Financials,118.89,9960.36642,71,8,0.23435746638986577
MBIN,MERCHANTS BANCORP,Financials,42.58,1841.28694,71,8,-0.13595493350842047
TALO,TALOS ENERGY INC,Energy,14.23,1765.6584,71,8,-0.31763847561114245
EXTR,EXTREME NETWORKS INC,Tech,17.64,2268.9273599999997,71,8,-0.05101944373373846
NRG,N R G ENERGY INC,Utilities,51.7,11671.998800000001,71,8,0.7839394841094351
PNC,P N C FINANCIAL SERVICES GRP INC,Financials,154.85001,61683.10783341,71,8,0.29301207038348664
CHK,CHESAPEAKE ENERGY CORP,Energy,76.94,10084.67968,71,8,0.33029321438269066
TEX,TEREX CORP NEW,Industrials,57.46,3867.058,71,8,-0.18604857688173537
MSCI,M S C I INC,Financials,565.65002,44737.825731820005,70,8,0.07295607319638142
SEMR,SEMRUSH HOLDINGS INC,Tech,13.66,1635.77134,70,8,-0.13030956468675214
FHI,FEDERATED HERMES INC,Financials,33.86,2920.28956,70,8,0.2929032359873913
BRBR,BELLRING BRANDS INC NEW,Cons Staples,55.43,7270.69767,70,8,0.3591895324893013
CNO,C N O FINANCIAL GROUP INC,Financials,27.9,3129.5708999999997,70,8,0.3606859625342349
HSTM,HEALTHSTREAM INC,Health Care,27.03,818.9549400000001,70,8,0.18105013749227372
IT,GARTNER INC,Tech,451.10999,35163.57261051,70,8,0.07395242964250337
AGCO,A G C O CORP,Industrials,121.41,9091.180799999998,70,8,-0.20314330229770827
FA,FIRST ADVANTAGE CORP,Industrials,16.57,2403.89275,70,8,0.1303562466391588
MRTX,MIRATI THERAPEUTICS INC,Health Care,58.75,4121.195,70,7,NA
BHLB,BERKSHIRE HILLS BANCORP INC,Financials,24.83,1084.3260999999998,70,7,0.1777775437440099
FIS,FIDELITY NATIONAL INFO SVCS INC,Financials,60.07,35590.513880000006,70,7,0.36948952862666085
WTS,WATTS WATER TECHNOLOGIES INC,Industrials,208.34,5701.84912,70,7,-0.016258948539380702
HEES,H & E EQUIPMENT SERVICES INC,Industrials,52.32,1907.0116799999998,70,7,-0.04442662636098993
PR,PERMIAN RESOURCES CORP,Energy,13.6,6926.888,70,7,0.10575436044340591
WNC,WABASH NATIONAL CORP,Industrials,25.62,1180.74894,70,7,-0.3213431932731543
DKS,DICKS SPORTING GOODS INC,Cons Disc,146.95,8548.6693,70,7,0.5887840336492263
NVST,ENVISTA HOLDINGS CORP,Health Care,24.06,4123.9321199999995,70,7,-0.19825395912839372
AGR,AVANGRID INC,Utilities,32.41,12535.248109999999,70,7,NA
DHR,DANAHER CORP,Health Care,231.34,170943.37218,69,7,-0.003454187502260009
IONS,IONIS PHARMACEUTICALS INC,Health Care,50.59,7302.21119,69,7,-0.30895497090401103
SWI,SOLARWINDS CORP,Tech,12.49,2071.41654,69,7,0.24444256093477912
DXCM,DEXCOM INC,Health Care,124.09,47824.286,69,7,-0.3732783210245253
MTB,M & T BANK CORP,Financials,137.08,22749.7968,69,7,0.41681837905959385
ALSN,ALLISON TRANSMISSION HLDGS INC,Industrials,58.15,5203.55275,69,7,0.8791674870798138
WMS,ADVANCED DRAINAGE SYSTEMS INC,Industrials,140.64,10956.981119999999,69,7,-0.17459926692229166
OFG,O F G BANCORP,Financials,37.48,1763.7338399999999,69,7,0.15756155309365472
SLGN,SILGAN HOLDINGS INC,Materials,45.25,4819.0345,69,7,0.168408636032211
SP,S P PLUS CORP,Industrials,51.25,1014.69875,69,7,NA
BAX,BAXTER INTERNATIONAL INC,Health Care,38.66,19613.14584,69,7,-0.2241757536414145
SCVL,SHOE CARNIVAL INC IN,Cons Disc,30.21,819.6577199999999,69,7,0.11247305603556335
SHOO,MADDEN STEVEN LTD,Cons Disc,42,3094.602,69,7,0.03191346803349382
BEAM,BEAM THERAPEUTICS INC,Health Care,27.22,2222.02304,69,7,-0.08890622068659804
ODP,O D P CORP,Cons Disc,56.3,2080.7916999999998,69,7,-0.5960920902566902
PINS,PINTEREST INC,Telecom,37.04,21718.10768,69,7,-0.21706232806011883
AVNT,AVIENT CORP,Materials,41.57,3789.56277,69,7,0.006280852451687524
FOXF,FOX FACTORY HOLDING CORP,Cons Disc,67.48,2831.0559200000002,69,7,-0.5514226605917145
AMPH,AMPHASTAR PHARMACEUTICALS INC,Health Care,61.85,2973.06765,69,7,-0.39967730533305945
CE,CELANESE CORP DEL,Materials,155.37,16912.80135,68,7,-0.5457160798642959
CARS,CARS COM INC,Telecom,18.97,1256.36413,68,7,-0.08645370890764237
TAP,MOLSON COORS BEVERAGE CO,Cons Staples,61.21,12879.68578,68,7,-0.033670359031002906
GDDY,GODADDY INC,Tech,106.16,14949.982,68,7,0.8591738540795102
FLT,FLEETCOR TECHNOLOGIES INC,Financials,282.60999,20405.57171796,68,7,0.19747928679835547
KNX,KNIGHT SWIFT TRANSPORT HDLGS INC,Industrials,57.65,9302.922849999999,68,7,-0.06878608198197012
AESI,ATLAS ENERGY SOLUTIONS INC NEW,Energy,17.22,1722.44772,68,7,0.34206942896202674
PXD,PIONEER NATURAL RESOURCES CO,Energy,224.88,52466.52792,68,7,NA
GOOGL,ALPHABET INC,Telecom,139.69,824031.31,68,7,0.3597004426823709
OMCL,OMNICELL INC,Health Care,37.63,1713.63257,68,7,0.1830982822235343
HIBB,HIBBETT SPORTS INC,Cons Disc,72.02,847.81944,68,7,NA
ZTS,ZOETIS INC,Health Care,197.37,90615.33018,68,7,-0.16635159399891497
VZ,VERIZON COMMUNICATIONS INC,Telecom,37.7,158494.6454,68,7,0.13142728990420394
UNH,UNITEDHEALTH GROUP INC,Health Care,526.46997,486945.23700225004,68,7,-0.024006972614220023
PYPL,PAYPAL HOLDINGS INC,Financials,61.41,65831.52,68,7,0.3898406042685272
BYD,BOYD GAMING CORP,Cons Disc,62.61,6127.13982,68,7,0.17091034550553874
SPCE,VIRGIN GALACTIC HOLDINGS INC,Industrials,2.45,979.3017500000001,68,7,-0.8800001829063503
BBWI,BATH & BODY WORKS INC,Cons Disc,43.16,9751.613559999998,68,7,-0.0822289664046324
URI,UNITED RENTALS INC,Industrials,573.41998,38866.97966438,68,7,0.2394186530050384
CPRT,COPART INC,Industrials,49,47051.319,67,7,0.17122465928051533
DAR,DARLING INGREDIENTS INC,Cons Staples,49.84,7951.074880000001,67,7,-0.3240378584355602
BWA,BORGWARNER INC,Cons Disc,35.85,8426.72175,67,7,-0.10127509176563687
MRTN,MARTEN TRANSPORT LTD,Industrials,20.98,1705.92576,67,7,-0.2456892145064148
NMIH,N M I HOLDINGS INC,Financials,29.68,2374.9936000000002,67,7,0.2385449095421961
TBBK,BANCORP INC,Financials,38.56,2051.50768,67,7,0.36488620199877597
DVA,DAVITA INC,Health Care,104.76,9564.588,67,7,0.4275500431513144
BLMN,BLOOMIN BRANDS INC,Cons Disc,28.15,2448.17735,67,7,-0.5440255027401932
VIAV,VIAVI SOLUTIONS INC,Tech,10.07,2245.61,67,7,0.0029806896369439784
MHK,MOHAWK INDUSTRIES INC,Cons Disc,103.5,6591.087,67,7,0.15101550064372704
AAPL,APPLE INC,Tech,192.53,2976556.73419,67,7,0.3069025392123663
THC,TENET HEALTHCARE CORP,Health Care,75.57,7674.28464,67,7,0.6703712896174849
RGEN,REPLIGEN CORP,Health Care,179.8,10026.7268,67,7,-0.19944276631276892
LSTR,LANDSTAR SYSTEM INC,Industrials,193.64999,6916.59669283,67,7,-0.09655921262522738
EA,ELECTRONIC ARTS INC,Telecom,136.81,36691.34752,67,7,0.07494334819509985
CPB,CAMPBELL SOUP CO,Cons Staples,43.23,12886.862999999998,67,7,3.56291276855103e-4
SWX,SOUTHWEST GAS HOLDINGS INC,Utilities,63.35,4530.855350000001,67,7,0.1541002841264334
LRCX,LAM RESH CORP,Tech,783.26001,102824.80759278,67,7,-0.06862718814034852
ALNY,ALNYLAM PHARMACEUTICALS INC,Health Care,191.41,24078.22954,67,7,0.22934889774782774
CAH,CARDINAL HEALTH INC,Health Care,100.8,24843.9744,66,7,0.1899892180449827
TXG,10X GENOMICS INC,Health Care,55.96,5877.982440000001,66,7,-0.7433884374384276
OXY,OCCIDENTAL PETROLEUM CORP,Energy,59.71,52400.361509999995,66,7,-0.1595194164349052
GM,GENERAL MOTORS CO,Cons Disc,35.92,49191.75752000001,66,7,0.49855869687740473
ULTA,ULTA BEAUTY INC,Cons Disc,489.98999,23794.89389438,66,7,-0.11237210252929908
ADT,A D T INC,Cons Disc,6.82,5913.46514,66,7,0.04495957741450174
DVN,DEVON ENERGY CORP NEW,Energy,45.3,29023.71,66,7,-0.25251787156608196
EXPE,EXPEDIA GROUP INC,Cons Disc,151.78999,19963.723064779995,66,7,0.22754965240743497
INTU,INTUIT INC,Tech,625.03003,174968.40647808,66,7,0.01155619536577146
VECO,VEECO INSTRUMENTS INC DEL,Tech,31.03,1748.97492,66,7,-0.13631994095920574
FIZZ,NATIONAL BEVERAGE CORP,Cons Staples,49.72,4643.49996,66,7,-0.08736174298504751
WAT,WATERS CORP,Health Care,329.23001,19466.38280127,66,7,0.1268119727001702
SLM,S L M CORP,Financials,19.12,4212.97728,66,7,0.4713349568624543
APA,A P A CORP,Energy,35.88,10892.30688,66,7,-0.3339500758709514
MP,M P MATERIALS CORP,Materials,19.85,3529.6277500000006,66,7,-0.21410525650856926
CASY,CASEYS GENERAL STORES INC,Cons Staples,274.73999,10195.326288909999,66,7,0.45014708833958483
SONO,SONOS INC,Cons Disc,17.14,2135.14694,66,7,-0.12252049293703327
PFBC,PREFERRED BANK LOS ANGELES,Financials,73.05,1018.68225,66,7,0.2249201449703231
IDCC,INTERDIGITAL INC,Tech,108.54,2776.4532000000004,66,7,0.8100933211090746
RNST,RENASANT CORP,Financials,33.68,1890.86256,65,7,0.09057427709904453
GHC,GRAHAM HOLDINGS CO,Cons Disc,696.52002,2493.5416716,65,7,0.2632516294043583
REZI,RESIDEO TECHNOLOGIES INC,Industrials,18.82,2749.3761600000003,65,7,0.22475838366195133
AZO,AUTOZONE INC,Cons Disc,2585.61011,44710.37002212,65,7,0.2383910486093288
THO,THOR INDUSTRIES INC,Cons Disc,118.25,6305.44475,65,7,-0.17936749107034877
BBSI,BARRETT BUSINESS SERVICES INC,Industrials,115.8,761.0376,65,7,0.5135979888477418
TKR,TIMKEN CO,Industrials,80.15,5654.66265,65,7,-0.0949810056538184
MCY,MERCURY GENERAL CORP NEW,Financials,37.31,2065.89201,65,7,0.8212510709239302
DFIN,DONNELLEY FINANCIAL SOL INC,Financials,62.37,1815.46596,65,7,0.005772059752850334
IPG,INTERPUBLIC GROUP COS INC,Telecom,32.64,12501.25056,65,7,-0.1030892390111805
WTFC,WINTRUST FINANCIAL CORP,Financials,92.75,5680.381,65,7,0.36708100838523694
COKE,COCA COLA CONSOLIDATED INC,Cons Staples,928.40002,7769.7797673800005,65,7,0.38767980256701584
BY,BYLINE BANCORP INC,Financials,23.56,1029.9725199999998,65,7,0.24862286608082274
MTX,MINERALS TECHNOLOGIES INC,Materials,71.31,2320.71264,65,7,0.07438119415067934
WMG,WARNER MUSIC GROUP CORP,Telecom,35.79,5033.39823,65,7,-0.1142704065520902
WERN,WERNER ENTERPRISES INC,Industrials,42.37,2688.1646499999997,65,7,-0.14247801035864305
HESM,HESS MIDSTREAM L P,Energy,31.63,2162.16354,65,7,0.2589231164782213
LITE,LUMENTUM HOLDINGS INC,Tech,52.42,3533.108,65,7,0.6014879079738422
POST,POST HOLDINGS INC,Cons Staples,88.06,5330.18374,64,7,0.29979660457678237
TGNA,TEGNA INC,Telecom,15.3,3013.6104000000005,64,7,0.23332569739164577
CWEN,CLEARWAY ENERGY INC,Utilities,27.43,2259.9577000000004,64,7,0.011009585572200553
LBAI,LAKELAND BANCORP INC,Financials,14.79,963.6276599999999,64,7,NA
LEA,LEAR CORP,Cons Disc,141.21001,8226.895182600001,64,7,-0.3109112362800672
ASGN,ASGN INC,Tech,96.17,4539.224,64,7,-0.13340946442364576
NKE,NIKE INC,Cons Disc,108.57,132891.09141,64,7,-0.2901754599946095
MAT,MATTEL INC,Cons Disc,18.88,6579.09472,64,7,-0.06091043130654217
CXT,CRANE N X T CO,Tech,56.87,3230.38661,64,7,0.034578907384245294
COTY,COTY INC,Cons Staples,12.42,11074.553820000001,64,7,-0.4396138939354248
SJM,SMUCKER J M CO,Cons Staples,126.38,13414.47872,64,7,-0.09605690672700318
MUR,MURPHY OIL CORP,Energy,42.66,6589.818179999999,64,7,-0.26779997060916394
RL,RALPH LAUREN CORP,Cons Disc,144.2,5732.238399999999,64,7,0.6284525599279143
EVRG,EVERGY INC,Utilities,52.2,11991.8538,64,7,0.23305806193425904
CBRL,CRACKER BARREL OLD COUNTRY STORE,Cons Disc,77.08,1710.0198,64,7,-0.2794595278809652
TXN,TEXAS INSTRUMENTS INC,Tech,170.46001,154948.14909,64,7,0.13098919724789693
A,AGILENT TECHNOLOGIES INC,Health Care,139.03,40736.346119999995,64,7,-0.026905803735631117
SPLK,SPLUNK INC,Tech,152.35001,25676.918335389997,64,7,NA
SBSI,SOUTHSIDE BANCSHARES INC,Financials,31.32,947.39868,64,7,0.06229640779699874
SLCA,U S SILICA HOLDINGS INC,Energy,11.31,872.6117399999999,63,7,NA
BEN,FRANKLIN RESOURCES INC,Financials,29.79,14761.74933,63,7,-0.2715340235963146
VCYT,VERACYTE INC,Health Care,27.51,2015.52015,63,7,0.43947505833705747
LCII,L C I INDUSTRIES,Cons Disc,125.71,3183.60575,63,7,-0.1471034309464404
CMCO,COLUMBUS MCKINNON CORP NY,Industrials,39.02,1122.0591200000001,63,7,-0.038638723649500606
UTL,UNITIL CORP,Utilities,52.57,846.27186,63,7,0.06252535331896447
WEN,WENDYS CO,Cons Disc,19.48,4001.13356,63,7,-0.11351679936014036
KLAC,K L A CORP,Tech,581.29999,78626.6366474,63,7,0.09315336870585744
STBA,S & T BANCORP INC,Financials,33.42,1277.7468600000002,63,7,0.1859956896999977
AIT,APPLIED INDUSTRIAL TECHS INC,Industrials,172.69,6693.464400000001,63,7,0.39645946196639836
ASO,ACADEMY SPORTS & OUTDOORS INC,Cons Disc,66,4893.966,63,7,-0.1217867272070644
LEVI,LEVI STRAUSS & CO,Cons Disc,16.54,1654.67814,63,7,0.07335908561105087
CBRE,C B R E GROUP INC,Real Estate,93.09,28373.180370000002,63,7,0.4103566611524394
RJF,RAYMOND JAMES FINANCIAL INC,Financials,111.5,23259.6805,63,7,0.4076602506385769
BK,BANK OF NEW YORK MELLON CORP,Financials,52.05,40030.24965,63,7,0.5185515389309299
MSFT,MICROSOFT CORP,Tech,376.04001,2794827.87680262,63,7,0.1291830032161596
VRNT,VERINT SYSTEMS INC,Tech,27.03,1703.29545,63,7,0.015538497624165926
LLY,LILLY ELI & CO,Health Care,582.91998,553370.01745386,63,7,0.3327261941581088
OPCH,OPTION CARE HEALTH INC,Health Care,33.69,5881.465439999999,63,7,-0.31136756684798295
GEHC,G E HEALTHCARE TECHNOLOGIES INC,Health Care,77.32,35207.043439999994,62,7,0.012641386152163703
EOG,EOG RESOURCES INC,Energy,120.95,70531.9925,62,7,0.04372939277141685
RRX,REGAL REXNORD CORP,Industrials,148.02,9820.97898,62,7,0.05738992002356169
TMO,THERMO FISHER SCIENTIFIC INC,Health Care,530.78998,205082.38615256,62,7,-0.01719157657728687
FDS,FACTSET RESEARCH SYSTEMS INC,Financials,477.04999,18122.175020119997,62,7,0.01613602220502508
QRVO,QORVO INC,Tech,112.61,10887.134800000002,62,7,-0.37900734257184066
SLVM,SYLVAMO CORP,Materials,49.11,2040.71694,62,7,0.6458094834880275
MAN,MANPOWERGROUP,Industrials,79.47,3878.8512299999998,62,7,-0.23785739963892127
SNX,TD SYNNEX CORP,Tech,107.61,9937.891109999999,62,7,0.10544264185869379
VNT,VONTIER CORP,Tech,34.55,5332.032399999999,62,7,0.05830009361951749
PCAR,PACCAR INC,Industrials,97.65,51100.245,62,7,0.10795889634373723
MTN,VAIL RESORTS INC,Cons Disc,213.47,8104.81549,62,7,-0.07940889869419387
REGN,REGENERON PHARMACEUTICALS INC,Health Care,878.28998,94504.001848,62,7,-0.1889558724757564
LPLA,L P L FINANCIAL HOLDINGS INC,Financials,227.62,16993.19872,62,7,0.44083655657062804
LAUR,LAUREATE EDUCATION INC,Cons Disc,13.71,2160.50406,62,7,0.33406520257949746
KFRC,KFORCE INC,Industrials,67.56,1318.83876,62,7,-0.14008905865916288
SYY,SYSCO CORP,Cons Staples,73.13,36884.72436,62,7,0.07337283147032769
LII,LENNOX INTERNATIONAL INC,Industrials,447.51999,15904.8604446,62,7,0.3726865647085029
IBP,INSTALLED BUILDING PRODUCTS INC,Cons Disc,182.82001,5193.73366409,62,7,-0.029229052973913205
VC,VISTEON CORP,Cons Disc,124.9,3459.73,61,7,-0.28967189139979044
ARLO,ARLO TECHNOLOGIES INC,Tech,9.52,900.86808,61,7,0.17541988177196055
BKH,BLACK HILLS CORP,Utilities,53.95,3668.1684000000005,61,7,0.13451443292417542
VCEL,VERICEL CORP,Health Care,35.61,1703.19069,61,7,0.5419802492637595
IDXX,I D E X X LABORATORIES INC,Health Care,555.04999,46086.91076968,61,7,-0.25513091309530045
MSTR,MICROSTRATEGY INC,Tech,631.62,9413.664480000001,61,7,3.5853517030355393
SLP,SIMULATIONS PLUS INC,Health Care,44.75,893.52325,61,7,-0.3740285988463353
WD,WALKER & DUNLOP INC,Financials,111.01,3713.2845,61,7,-0.10171817626947144
VRRM,VERRA MOBILITY CORP,Industrials,23.03,3835.7616500000004,61,7,0.04993445950270248
OGS,ONE GAS INC,Utilities,63.72,3533.52888,61,7,0.13071048079147118
ONTO,ONTO INNOVATION INC,Tech,152.89999,7504.48440919,61,7,0.09005841264268044
FFBC,FIRST FINANCIAL BANCORP OHIO,Financials,23.75,2259.59875,61,7,0.17651248936480513
ACM,A E C O M,Industrials,92.43,12569.27841,61,7,0.1665465424559165
SCHL,SCHOLASTIC CORP,Telecom,37.7,1063.9694000000002,61,7,-0.4198554016474738
AVDX,AVIDXCHANGE HOLDINGS INC,Financials,12.39,2528.6007600000003,61,7,-0.16545611999617504
SYNA,SYNAPTICS INC,Tech,114.08,4481.97504,61,7,-0.3309957244797447
NWN,NORTHWEST NATURAL HOLDING CO,Utilities,38.94,1432.1353199999999,61,7,0.06851893403660214
MDU,M D U RESOURCES GROUP INC,Utilities,19.8,4032.0324000000005,61,7,0.7385685371070476
XOM,EXXON MOBIL CORP,Energy,99.98,400533.17734000005,61,7,0.11256618295114662
CLH,CLEAN HARBORS INC,Industrials,174.50999,9438.547319139998,60,7,0.31877962064270715
K,KELLANOVA,Cons Staples,55.91,19150.2932,60,7,0.4980320236836533
PKG,PACKAGING CORP AMERICA,Materials,162.91,14600.64584,60,7,0.4165063473258199
WU,WESTERN UNION CO,Financials,11.92,4343.15928,60,7,-0.03941437624419741
FAF,FIRST AMERICAN FINL CORP NEW,Financials,64.44,6648.9836399999995,60,7,0.0036567177233832737
CHX,CHAMPIONX CORP,Energy,29.21,5582.031,60,7,-0.05786744851992709
MODG,TOPGOLF CALLAWAY BRANDS CORP,Cons Disc,14.34,2645.97378,60,7,-0.45188281314034906
PEGA,PEGASYSTEMS INC,Tech,48.86,4096.4223999999995,60,7,0.9099161576050294
STRL,STERLING CONSTRUCTION CO INC,Industrials,87.93,2719.3231800000003,60,7,0.9157296971975757
GEN,GEN DIGITAL INC,Tech,22.82,14536.34,60,6,0.22354420180302403
EVTC,EVERTEC INC,Financials,40.94,2645.9931399999996,60,6,-0.15175805580782242
VVV,VALVOLINE INC,Cons Disc,37.58,4884.91146,60,6,-0.0372538004658014
TR,TOOTSIE ROLL INDS INC,Cons Staples,33.24,1335.31728,60,6,0.013412748586702161
BUSE,FIRST BUSEY CORP,Financials,24.82,1371.15608,60,6,-0.012239189225488056
OSIS,O S I SYSTEMS INC,Tech,129.05,2195.3986,60,6,0.2974046385031366
OTTR,OTTER TAIL CORP,Utilities,84.97,3544.18367,60,6,-0.11200956670033846
JBHT,HUNT J B TRANSPORT SERVICES INC,Industrials,199.74001,20617.163832200004,60,6,-0.13742845773120815
BSY,BENTLEY SYSTEMS INC,Tech,52.18,14857.107039999999,60,6,-0.10069098271315302
EPAC,ENERPAC TOOL GROUP CORP,Industrials,31.09,1682.8706100000002,60,6,0.32284503726579405
SNEX,STONEX GROUP INC,Financials,73.83,2325.20202,59,6,0.3269674676417289
ETD,ETHAN ALLEN INTERIORS INC,Cons Disc,31.92,810.7360800000001,59,6,-0.06358031070558579
MIDD,MIDDLEBY CORP,Industrials,147.17,7888.75351,59,6,-0.07963598126185611
CZR,CAESARS ENTERTAINMENT INC DE,Cons Disc,46.88,10116.750880000001,59,6,-0.28711639256189114
MSM,M S C INDUSTRIAL DIRECT INC,Industrials,101.26,5711.97534,59,6,-0.23492178139678377
DNB,DUN & BRADSTREET HOLDINGS INC,Industrials,11.7,5135.832,59,6,0.085048534567266465
BSIG,BRIGHTSPHERE INVESTMENT GRP INC,Financials,19.16,795.29328,59,6,0.3770241134107728
FORM,FORMFACTOR INC,Tech,41.71,3227.39467,59,6,0.05490392794461951
WGO,WINNEBAGO INDUSTRIES INC,Cons Disc,72.88,2130.86544,59,6,-0.3303117246204039
FIVN,FIVE 9 INC,Tech,78.69,5769.314729999999,59,6,-0.4835420036382502
NFG,NATIONAL FUEL GAS CO N J,Utilities,50.17,4607.111100000001,59,6,0.2532495352447177
CI,CIGNA GROUP,Health Care,299.45001,87625.0619262,59,6,-0.061878598902381565
CTAS,CINTAS CORP,Industrials,602.65997,61092.24381887001,59,6,0.22211537509810864
FTV,FORTIVE CORP,Industrials,73.63,25876.08542,59,6,0.022726695923431572
UNM,UNUM GROUP,Financials,45.22,8819.980119999998,59,6,0.6616710860620365
PM,PHILIP MORRIS INTERNATIONAL INC,Cons Staples,94.08,146050.35648,59,6,0.34354297036431425
AEIS,ADVANCED ENERGY INDUSTRIES INC,Tech,108.92,4064.67656,59,6,0.06557147306474786
TH,TARGET HOSPITALITY CORP,Cons Disc,9.73,989.1615300000001,59,6,-0.006679721931275195
CSCO,CISCO SYSTEMS INC,Tech,50.52,205286.80752,59,6,0.2095771514716498
EFSC,ENTERPRISE FINANCIAL SVCS CORP,Financials,44.65,1670.6244,58,6,0.29214164005098175
HWC,HANCOCK WHITNEY CORP,Financials,48.59,4195.50355,58,6,0.16032954943638633
IFF,INTERNATIONAL FLAVORS & FRAG INC,Materials,80.97,20669.940629999997,58,6,0.062497347034790485
RXO,R X O INC,Industrials,23.26,2721.4432600000005,58,6,0.024935509136368772
RGR,STURM RUGER & CO INC,Cons Disc,45.45,805.5103500000001,58,6,-0.20927098690953883
LUV,SOUTHWEST AIRLINES CO,Industrials,28.88,17215.801199999998,58,6,0.19218522660096848
FMBH,FIRST MID BANCSHARES INC,Financials,34.66,825.8438199999999,58,6,0.09075894311006794
AVY,AVERY DENNISON CORP,Materials,202.16,16280.146959999998,58,6,-0.05912808868802655
SHW,SHERWIN WILLIAMS CO,Materials,311.89999,79835.79284034,58,6,0.09887695386770923
JBL,JABIL INC,Tech,127.4,16389.627800000002,58,6,0.13239422171913184
BRZE,BRAZE INC,Tech,53.13,3643.81479,58,6,-0.2117445170413682
CIVI,CIVITAS RESOURCES INC,Energy,68.38,6412.266119999999,58,6,-0.27271930840470326
EME,EMCOR GROUP INC,Industrials,215.42999,10134.688449559999,58,6,1.1126783424277913
KMI,KINDER MORGAN INC,Energy,17.64,39209.73336,58,6,0.6449579393896796
VOYA,VOYA FINANCIAL INC,Financials,72.96,7621.985279999999,58,6,-0.03481512481210047
TRMB,TRIMBLE INC,Tech,53.2,13113.8,58,6,0.3281975449257226
PFSI,PENNYMAC FINANCIAL SVCS INC NEW,Financials,88.37,4411.96062,58,6,0.16758426014241756
EXP,EAGLE MATERIALS INC,Materials,202.84,7076.47908,58,6,0.22133848211674456
USFD,US FOODS HOLDING CORP,Cons Staples,45.41,11164.139319999998,58,6,0.4855758383910087
COLM,COLUMBIA SPORTSWEAR CO,Cons Disc,79.54,4772.081840000001,57,6,0.0704210874075808
BMI,BADGER METER INC,Tech,154.37,4530.29639,57,6,0.3827972787741536
PLTR,PALANTIR TECHNOLOGIES INC,Tech,17.17,35532.25046,57,6,3.40477429084474
CSWI,C S W INDUSTRIAL INC,Industrials,207.41,3221.49212,57,6,0.7062733958418239
HMN,HORACE MANN EDUCATORS CORP NEW,Financials,32.7,1335.3045,57,6,0.24594931141477328
QCRH,Q C R HOLDINGS INC,Financials,58.39,977.97411,57,6,0.3859575904471306
MO,ALTRIA GROUP INC,Cons Staples,40.34,71347.21998000001,57,6,0.4078631963348638
PRGS,PROGRESS SOFTWARE CORP,Tech,54.3,2378.1227999999996,57,6,0.21126721656089043
MLKN,MILLERKNOLL INC,Industrials,26.68,1949.7210400000001,57,6,-0.1304106545133199
HEI,HEICO CORP NEW,Industrials,178.87,9787.94527,57,6,0.33046927614680155
HALO,HALOZYME THERAPEUTICS INC,Health Care,36.96,4685.4192,57,6,0.29356033407581705
NRC,NATIONAL RESEARCH CORP,Health Care,39.56,958.1432000000001,57,6,-0.5449711050966235
RUSHA,RUSH ENTERPRISES INC,Industrials,50.3,3091.4883,57,6,0.10413074035549741
JNPR,JUNIPER NETWORKS INC,Tech,29.48,9400.228640000001,57,6,0.300480412069823
AYI,ACUITY BRANDS INC,Industrials,204.83,6324.12625,57,6,0.4294861317208982
FLO,FLOWERS FOODS INC,Cons Staples,22.51,4752.3112,57,6,-0.0429493057636412
ASTE,ASTEC INDUSTRIES INC,Industrials,37.2,845.9652000000001,57,6,-0.08389391177279293
WEAV,WEAVE COMMUNICATION INC,Tech,11.47,796.8667800000001,57,6,0.3879703979792939
DRI,DARDEN RESTAURANTS INC,Cons Disc,164.3,19767.7545,57,6,0.17647205305934088
JACK,JACK IN THE BOX INC,Cons Disc,81.63,1611.1313099999998,56,6,-0.47204454801523643
LECO,LINCOLN ELECTRIC HOLDINGS INC,Industrials,217.46001,12390.001529760002,56,6,-0.12556766916678208
MRK,MERCK & CO INC NEW,Health Care,109.02,276259.18746,56,6,-0.06264117990258122
KWR,QUAKER CHEMICAL CORP,Materials,213.42,3838.3586999999998,56,6,-0.3334765662938728
AMBC,AMBAC FINANCIAL GROUP INC,Financials,16.48,744.8136,56,6,-0.2324029646636413
BMY,BRISTOL MYERS SQUIBB CO,Health Care,51.31,104403.43298,56,6,0.15768098062301883
SAIC,SCIENCE APPLICATIONS INTL CORP,Industrials,124.32,6472.472159999999,56,6,-0.09065419801063157
HPE,HEWLETT PACKARD ENTERPRISE CO,Tech,16.98,22074,56,6,0.2902637066309166
MYGN,MYRIAD GENETICS INC,Health Care,19.14,1720.686,56,6,-0.2836983147940231
CADE,CADENCE BANK,Financials,29.59,5455.68584,56,6,0.20262579247677093
VMI,VALMONT INDUSTRIES INC,Industrials,233.50999,4878.257201089999,56,6,0.3249539372151602
HII,HUNTINGTON INGALLS INDS INC,Industrials,259.64001,10313.68011723,56,6,-0.2567707813576101
PAYX,PAYCHEX INC,Industrials,119.11,42858.398420000005,56,6,0.21244696456725287
CDW,C D W CORP NEW,Tech,227.32001,30483.613340999997,56,6,-0.22546998757381576
PVH,P V H CORP,Cons Disc,122.12,7282.992560000001,56,6,-0.13288998395279872
NIC,NICOLET BANKSHARES INC,Financials,80.48,1187.9652800000001,56,6,0.3191050226004264
GIS,GENERAL MILLS INC,Cons Staples,65.14,36992.3546,56,6,0.013906544574037172
WFC,WELLS FARGO & CO NEW,Financials,49.22,178749.3208,56,6,0.46195628897890817
CTLT,CATALENT INC,Health Care,44.93,8116.20013,56,6,NA
DLTR,DOLLAR TREE INC,Cons Staples,142.05,30948.7176,55,6,-0.4724398063093814
AVA,AVISTA CORP,Utilities,35.74,2765.13232,55,6,0.07894746112645645
SXI,STANDEX INTERNATIONAL CORP,Industrials,158.38,1884.722,55,6,0.18861504079819857
CHH,CHOICE HOTELS INTERNATIONAL INC,Cons Disc,113.3,5642.2267,55,6,0.26160628045255985
ENSG,ENSIGN GROUP INC,Health Care,112.21,6350.7493700000005,55,6,0.18622817696491878
SAM,BOSTON BEER INC,Cons Staples,345.59,3498.40757,55,6,-0.13197728691093658
MCO,MOODYS CORP,Financials,390.56,71472.48,55,6,0.22154170191180156
J,JACOBS SOLUTIONS INC,Industrials,129.8,16395.8168,55,6,0.29348027121780684
AORT,ARTIVION INC,Health Care,17.88,733.9561199999999,55,6,0.5989935233774799
PGTI,P G T INNOVATIONS INC,Industrials,40.7,2320.9989000000005,55,6,NA
KO,COCA COLA CO,Cons Staples,58.93,254778.78702000002,55,6,0.08841558056673637
ATEN,A10 NETWORKS INC,Tech,13.17,976.3974599999999,55,6,0.42008883159053
QDEL,QUIDELORTHO CORP,Health Care,73.7,4915.79,55,6,-0.39552247326905654
AMED,AMEDISYS INC,Health Care,95.06,3106.27562,55,6,-0.044920557994272525
HSY,HERSHEY CO,Cons Staples,186.44,27944.5594,55,6,-0.06495113105398209
AM,ANTERO MIDSTREAM CORP,Energy,12.53,6010.803889999999,55,6,0.28573505628245055
KOS,KOSMOS ENERGY LTD DE,Energy,6.71,3087.4723,55,6,-0.4903136496988171
CACI,CACI INTERNATIONAL INC,Industrials,323.85999,7214.95285722,55,6,0.24763720350422713
SCL,STEPAN CO,Materials,94.55,2114.79985,54,6,-0.3030686482891082
SFM,SPROUTS FARMERS MARKET INC,Cons Staples,48.11,4869.30932,54,6,1.6412397125275762
BAH,BOOZ ALLEN HAMILTON HOLDING CORP,Industrials,127.91,16677.03371,54,6,0.019746990402589537
COHR,COHERENT CORP,Tech,43.53,6594.01146,54,6,1.176199899692036
FNF,FIDELITY NATIONAL FINL INC NEW,Financials,51.02,13885.50116,54,6,0.13981735475125245
UNP,UNION PACIFIC CORP,Industrials,245.62,149729.21514000001,54,6,-0.051153370297700174
HAL,HALLIBURTON CO,Energy,36.15,32356.1298,54,6,-0.2315938992517962
MAS,MASCO CORP,Industrials,66.98,15037.07698,54,6,0.0999868904683836
SKX,SKECHERS U S A INC,Cons Disc,62.34,8328.37464,54,6,0.07860076399243465
AVT,AVNET INC,Tech,50.4,4523.904,54,6,0.06392948565446432
NSC,NORFOLK SOUTHERN CORP,Industrials,236.38,53454.02768,54,6,0.014410125582677402
CHE,CHEMED CORP NEW,Health Care,584.75,8807.5045,54,6,-0.09117097597448165
OZK,BANK O Z K,Financials,49.83,5638.21467,54,6,-0.07461419569576189
FFIV,F 5 INC,Tech,178.98,10523.48706,54,6,0.4050171826943858
TER,TERADYNE INC,Tech,108.52,16570.786959999998,54,6,0.1649831709999956
ORLY,O REILLY AUTOMOTIVE INC NEW,Cons Disc,950.08002,56124.07702146,54,6,0.24810470485540637
CAG,CONAGRA BRANDS INC,Cons Staples,28.66,13698.562880000001,54,6,0.014252095868387826
CSX,C S X CORP,Industrials,34.67,67898.69876,54,6,-0.05659314120869552
FIX,COMFORT SYSTEMS USA INC,Industrials,205.67,7345.50405,54,6,1.068582374500184
EW,EDWARDS LIFESCIENCES CORP,Health Care,76.25,46245.625,53,6,-0.029114972997465793
PLXS,PLEXUS CORP,Tech,108.13,2974.00752,53,6,0.4471488902133294
ALV,AUTOLIV INC,Cons Disc,110.19,9272.268119999999,53,6,-0.12672669570770478
RMBS,RAMBUS INC,Tech,68.25,7361.0355,53,6,-0.22549469516756815
MYRG,M Y R GROUP INC DE,Industrials,144.63,2413.00692,53,6,0.028625592374168285
SCS,STEELCASE INC,Industrials,13.52,1269.0818399999998,53,6,-0.09113307122949388
HUN,HUNTSMAN CORP,Materials,25.13,4379.83231,53,6,-0.24986226264617284
OMC,OMNICOM GROUP INC,Telecom,86.51,17123.27034,53,6,0.024685263409073732
PDCO,PATTERSON COMPANIES INC,Health Care,28.45,2636.20545,53,6,0.13052751871484003
SIX,SIX FLAGS ENTERTAINMENT CORP,Cons Disc,25.08,2095.10796,53,6,NA
COST,COSTCO WHOLESALE CORP NEW,Cons Staples,660.08002,292895.98711456003,53,6,0.3958805037259552
POR,PORTLAND GENERAL ELECTRIC CO,Utilities,43.34,4382.71416,53,6,0.05228626797265057
HI,HILLENBRAND INC,Industrials,47.85,3345.71985,53,6,-0.34031402766198704
CATY,CATHAY GENERAL BANCORP,Financials,44.57,3238.8573300000003,53,6,0.10301972965557282
BHE,BENCHMARK ELECTRONICS INC,Tech,27.64,986.2504799999999,53,6,0.6710770272232105
KAI,KADANT INC,Industrials,280.31,3281.5891699999997,53,6,0.2357438118448838
HNI,H N I CORP,Industrials,41.83,1948.3995699999998,53,6,0.23590713708824818
XYL,XYLEM INC,Industrials,114.36,27569.68008,53,6,0.02556203624167952
BRKR,BRUKER CORP,Health Care,73.48,10666.7242,53,6,-0.19986792386670937
LSCC,LATTICE SEMICONDUCTOR CORP,Tech,68.99,9475.086599999999,52,6,-0.17886654192567109
DIN,DINE BRANDS GLOBAL INC,Cons Disc,49.65,766.7449499999999,52,6,-0.357617439591265
INGR,INGREDION INC,Cons Staples,108.53,7075.28776,52,6,0.2916844503881082
MLI,MUELLER INDUSTRIES INC,Industrials,47.15,5352.468,52,6,0.7041762768729678
WST,WEST PHARMACEUTICAL SERVICES INC,Health Care,352.12,26053.3588,52,6,-0.06752039137154675
ADP,AUTOMATIC DATA PROCESSING INC,Industrials,232.97,95680.779,52,6,0.28411935016290446
MWA,MUELLER WATER PRODUCTS INC,Industrials,14.4,2248.0128000000004,52,6,0.5832600572784907
BF,BROWN FORMAN CORP,Cons Staples,57.1,17499.7225,52,6,-0.3216837215537395
BOWL,BOWLERO CORP,Cons Disc,14.16,1313.59488,52,6,-0.28006801635618983
EPC,EDGEWELL PERSONAL CARE CO,Cons Staples,36.63,1839.99816,52,6,-0.067764626545599893
NPO,ENPRO INC,Industrials,156.74001,3276.96338907,52,6,0.10842522696220835
SIRI,SIRIUS X M HOLDINGS INC,Telecom,5.47,21021.21,52,6,-0.5690206142268881
CTVA,CORTEVA INC,Materials,47.92,33770.61368,52,6,0.2027743986131043
RLI,R L I CORP,Financials,133.12,6073.73312,52,6,0.27566365554150885
AMP,AMERIPRISE FINANCIAL INC,Financials,379.82999,38437.27566804,52,6,0.41946895586706634
HRI,HERC HOLDINGS INC,Industrials,148.89,4208.82252,52,6,0.2931459084802954
LDOS,LEIDOS HOLDINGS INC,Industrials,108.24,14883.64944,52,6,0.34511105909673123
TXRH,TEXAS ROADHOUSE INC,Cons Disc,122.23,8163.619470000001,52,6,0.4974254874979136
DG,DOLLAR GENERAL CORP NEW,Cons Staples,135.95,29840.61715,52,6,-0.4305049362134956
ETRN,EQUITRANS MIDSTREAM CORP,Energy,10.18,4410.596979999999,51,6,NA
CCK,CROWN HOLDINGS INC,Materials,92.09,11110.290140000001,51,6,-0.09125394626851258
ALL,ALLSTATE CORP,Financials,139.98,36630.94626,51,6,0.4051810246509293
CNM,CORE & MAIN INC,Industrials,40.41,7361.408879999999,51,6,0.2598362574802353
MEDP,MEDPACE HOLDINGS INC,Health Care,306.53,9404.953459999999,51,6,0.08384135509572732
WDC,WESTERN DIGITAL CORP,Tech,52.37,17072.62,51,6,0.13862699804433398
LEG,LEGGETT & PLATT INC,Cons Disc,26.17,3488.9582300000006,51,6,-0.6193605359913262
FSLY,FASTLY INC,Tech,17.8,2328.24,51,6,-0.4696624206634066
ICFI,I C F INTERNATIONAL INC NEW,Industrials,134.09,2527.06014,51,6,-0.10751133787804634
ODFL,OLD DOMINION FREIGHT LINE INC,Industrials,405.32999,44166.78236035,51,6,-0.124852947167015
UHS,UNIVERSAL HEALTH SERVICES INC,Health Care,152.44,9299.90708,51,6,0.1820181421067837
DOW,DOW INC,Materials,54.84,38464.61148000001,51,6,-0.22824209182705457
HURN,HURON CONSULTING GROUP INC,Industrials,102.8,1898.0991999999999,51,6,0.20875548834343083
GWW,GRAINGER W W INC,Industrials,828.69,41131.19946,51,6,0.28204777037809925
YUMC,YUM CHINA HOLDINGS INC,Cons Disc,42.43,17551.339219999998,51,6,0.1543206266700916
SNA,SNAP ON INC,Industrials,288.84,15244.975199999999,51,6,0.20607117764054395
VVX,V 2 X INC,Industrials,46.44,1448.5100400000001,51,6,0.029931678537413964
MSI,MOTOROLA SOLUTIONS INC,Tech,313.09,51962.92112,51,6,0.490925310659146
NYT,NEW YORK TIMES CO,Telecom,48.99,8016.037740000001,51,6,0.07317033085875391
SQSP,SQUARESPACE INC,Tech,33.01,2909.00625,50,6,NA
ACIW,A C I WORLDWIDE INC,Tech,30.6,3307.1868000000004,50,6,0.696406157899994
VTOL,BRISTOW GROUP INC,Energy,28.27,798.5144200000001,50,6,0.21329833186598068
IR,INGERSOLL RAND INC,Industrials,77.34,31306.99998,50,6,0.1706193082413514
BL,BLACKLINE INC,Tech,62.44,3840.9965999999995,50,6,-0.02690524971309638
CHTR,CHARTER COMMUNICATIONS INC NEW,Telecom,388.67999,56446.051547749994,50,6,-0.11811698289300199
TSCO,TRACTOR SUPPLY CO NEW,Cons Disc,215.03,23218.07928,50,6,0.25385420201407527
UAL,UNITED AIRLINES HOLDINGS INC,Industrials,41.26,13534.06394,50,6,1.3533636848952506
BURL,BURLINGTON STORES INC,Cons Disc,194.48,12548.822,50,6,0.4657551679634151
KTB,KONTOOR BRANDS INC,Cons Disc,62.42,3506.7556,50,5,0.40711192738779367
WSFS,WSFS FINANCIAL CORP,Financials,45.93,2780.51034,50,5,0.1709148712730273
VRSK,VERISK ANALYTICS INC,Industrials,238.86,34230.78774,50,5,0.16000467973225296
DRVN,DRIVEN BRANDS HOLDINGS INC,Cons Disc,14.26,2338.1409,50,5,0.13183715776723015
DPZ,DOMINOS PIZZA INC,Cons Disc,412.23001,14378.994978809998,50,5,0.031641964596347494
SKWD,SKYWARD SPECIALTY INSUR GP INC,Financials,33.88,1350.59232,50,5,0.4917359457849202
TRN,TRINITY INDUSTRIES INC,Industrials,26.59,2176.9498900000003,50,5,0.37165069155332997
TDC,TERADATA CORP DE,Tech,43.51,4255.278,50,5,-0.28407194680802395
DORM,DORMAN PRODUCTS INC,Cons Disc,83.41,2610.733,50,5,0.5531714821507852
NEM,NEWMONT CORP,Materials,41.39,47701.64388,50,5,-0.07935360111612666
CSL,CARLISLE COMPANIES,Industrials,312.42999,15210.02920317,49,5,0.19122375151445792
CNA,C N A FINANCIAL CORP,Financials,42.31,11460.55201,49,5,0.2392975431047828
OLED,UNIVERSAL DISPLAY CORP,Tech,191.25999,9059.02942635,49,5,-0.22875504947353464
ROL,ROLLINS INC,Industrials,43.67,21137.93946,49,5,0.07518427726845234
GILD,GILEAD SCIENCES INC,Health Care,81.01,100941.86242,49,5,0.18565093044248027
PEP,PEPSICO INC,Cons Staples,169.84,233360.16,49,5,-0.07500666471111961
OSK,OSHKOSH CORP,Industrials,108.41,7091.53174,49,5,-0.10848702464818272
VRTX,VERTEX PHARMACEUTICALS INC,Health Care,406.89001,104853.52112695001,49,5,-0.010297571048897503
IOSP,INNOSPEC INC,Materials,123.24,3073.7288399999998,49,5,-0.09577505173852208
NEU,NEWMARKET CORP,Materials,545.83002,5234.5098918,49,5,-0.014435713072621592
CAKE,CHEESECAKE FACTORY INC,Cons Disc,35.01,1777.5627299999999,49,5,0.3915612074597674
SIGI,SELECTIVE INSURANCE GROUP INC,Financials,99.48,6032.069280000001,49,5,-0.04620137197439289
EVR,EVERCORE INC,Financials,171.05,6443.96665,49,5,0.6430928760851471
WSO,WATSCO INC,Industrials,428.47,14510.565020000002,49,5,0.13225056727474738
UPS,UNITED PARCEL SERVICE INC,Industrials,157.23,113717.69811,49,5,-0.15928108431039256
MMI,MARCUS & MILLICHAP INC,Real Estate,43.68,1676.6568,49,5,-0.11211044438187323
DCO,DUCOMMUN INC DE,Industrials,52.06,759.86776,49,5,0.22282047897989687
ABBV,ABBVIE INC,Health Care,154.97,273605.26889,49,5,0.1872468813817536
POWI,POWER INTEGRATIONS INC,Tech,82.11,4658.75718,49,5,-0.23980155806643666
JNJ,JOHNSON & JOHNSON,Health Care,156.74001,377316.93453279,48,5,-0.048101048938325563
TTEK,TETRA TECH INC,Industrials,166.92999,8925.07884534,48,5,0.19985341473391283
KMB,KIMBERLY CLARK CORP,Cons Staples,121.51,41063.21091,48,5,0.11793861751955936
TTD,TRADE DESK INC,Telecom,71.96,32021.984119999997,48,5,0.6332694560795407
VFC,V F CORP,Cons Disc,18.8,7311.000400000001,48,5,0.16592544558215994
ENR,ENERGIZER HOLDINGS INC NEW,Cons Staples,31.68,2273.7052799999997,48,5,0.1439111892043241
THG,HANOVER INSURANCE GROUP INC,Financials,121.42,4342.22204,48,5,0.30535321323354747
NTAP,NETAPP INC,Tech,88.16,18163.69296,48,5,0.3421989335904154
URBN,URBAN OUTFITTERS INC,Cons Disc,35.69,3311.46096,48,5,0.5376851626463934
AOS,SMITH A O CORP,Industrials,82.44,10125.94032,48,5,-0.15906352415490765
ESAB,E S A B CORP,Industrials,86.62,5220.67402,48,5,0.3885617215470316
TKO,T K O GROUP HOLDINGS INC,Telecom,81.58,6694.781120000001,48,5,0.7419705740253268
ES,EVERSOURCE ENERGY,Utilities,61.72,21560.400719999998,48,5,-0.0250075466103028
HWKN,HAWKINS INC,Materials,70.42,1464.0318,48,5,0.753974031187906
CTSH,COGNIZANT TECHNOLOGY SOLS CORP,Tech,75.53,37871.72389,48,5,0.03444091212052758
ADBE,ADOBE INC,Tech,596.59998,271452.9909,48,5,-0.2546432426062507
GO,GROCERY OUTLET HOLDING CORP,Cons Staples,26.96,2675.07904,48,5,-0.42099435698322796
BYON,BEYOND INC,Cons Disc,27.69,1254.49545,48,5,-0.8219575156319229
VTRS,VIATRIS INC,Health Care,10.83,12894.869460000002,48,5,0.19682106425214418
NSIT,INSIGHT ENTERPRISES INC,Tech,177.19,5774.6221,47,5,-0.14159926377525012
FBK,F B FINANCIAL CORP,Financials,39.85,1866.69355,47,5,0.31327194092875343
ATEC,ALPHATEC HOLDINGS INC,Health Care,15.11,2103.9919499999996,47,5,-0.39245492996808806
AMGN,AMGEN INC,Health Care,288.01999,154205.902646,47,5,-0.0673595763979985
WDFC,WD 40 CO,Cons Staples,239.07001,3241.31119558,47,5,0.029399122786750498
WAL,WESTERN ALLIANCE BANCORPORATION,Financials,65.79,7202.294460000001,47,5,0.29650048047938005
MAR,MARRIOTT INTERNATIONAL INC NEW,Cons Disc,225.50999,65519.672494599996,47,5,0.24893655230951017
DFH,DREAM FINDERS HOMES INC,Cons Disc,35.53,1168.29746,47,5,-0.34505957268840626
INCY,INCYTE CORP,Health Care,62.79,14082.980730000001,47,5,0.10001475032545026
OKE,ONEOK INC NEW,Energy,70.22,40906.73122,47,5,0.4973604455969012
LNN,LINDSAY CORP,Industrials,129.16,1424.76396,47,5,-0.0733382460118207
HIG,HARTFORD FINANCIAL SVCS GRP INC,Financials,80.38,24175.8926,47,5,0.38567906400134633
GIC,GLOBAL INDUSTRIAL CO,Industrials,38.84,1478.4057600000003,47,5,-0.3429539250150614
BAC,BANK OF AMERICA CORP,Financials,33.67,266455.35644,47,5,0.33886064738358357
DT,DYNATRACE INC,Tech,54.69,16647.30786,47,5,-0.006216786067413493
SF,STIFEL FINANCIAL CORP,Financials,69.15,7053.0234,47,5,0.5633495961617336
CBT,CABOT CORP,Materials,83.5,4618.3015,47,5,0.11215758160566636
CRSR,CORSAIR GAMING INC,Tech,14.1,1455.8955,47,5,-0.5312059288119084
SBUX,STARBUCKS CORP,Cons Disc,96.01,108702.522,47,5,-0.025504516085919526
NDSN,NORDSON CORP,Industrials,264.16,15061.34656,46,5,-0.20115443536561284
GFF,GRIFFON CORP,Industrials,60.95,3179.45675,46,5,0.17955318431035217
ENS,ENERSYS,Industrials,100.96,4078.6830399999994,46,5,-0.07575899223345717
TXT,TEXTRON INC,Industrials,80.42,15762.722099999999,46,5,-0.04798400697087957
VRTS,VIRTUS INVESTMENT PARTNERS INC,Financials,241.75999,1737.0455281499999,46,5,-0.05477049619022756
ALIT,ALIGHT INC,Industrials,8.53,4275.09099,46,5,-0.1840564803891328
MTD,METTLER TOLEDO INTERNATIONAL INC,Health Care,1212.95996,26301.823772639997,46,5,0.008838133864159436
HCSG,HEALTHCARE SERVICES GROUP INC,Industrials,10.37,760.54617,46,5,0.12005802611713734
KBR,K B R INC,Industrials,55.41,7480.57164,46,5,0.05553860622445206
PNM,P N M RESOURCES INC,Utilities,41.6,3570.736,46,5,0.22909565513018748
ITW,ILLINOIS TOOL WORKS INC,Industrials,261.94,78814.07884,46,5,-0.009764444500821035
WSM,WILLIAMS SONOMA INC,Cons Disc,201.78,12943.1781,46,5,0.8659882650967479
DY,DYCOM INDUSTRIES INC,Industrials,115.09,3376.51042,46,5,0.5123818505438182
PTC,P T C INC,Tech,174.96001,20898.09839445,46,5,0.05092675788267753
SMP,STANDARD MOTOR PRODUCTS INC,Cons Disc,39.81,865.0314900000001,46,5,-0.1931135653937125
BERY,BERRY GLOBAL GROUP INC,Materials,67.39,7783.545,46,5,0.06686129635904825
GES,GUESS INC,Cons Disc,23.06,1238.322,46,5,-0.29763733067044973
HWM,HOWMET AEROSPACE INC,Industrials,54.12,22283.585279999996,46,5,1.0266346158977022
ROK,ROCKWELL AUTOMATION INC,Industrials,310.48001,35575.42050582,46,5,-0.06258853835484302
QCOM,QUALCOMM INC,Tech,144.63,161696.34,45,5,0.08331038099057309
EAT,BRINKER INTERNATIONAL INC,Cons Disc,43.18,1908.68554,45,5,2.0636837375520516
ED,CONSOLIDATED EDISON INC,Utilities,90.97,31404.663399999998,45,5,0.015374632810502664
MOD,MODINE MANUFACTURING CO,Industrials,59.7,3118.8474000000006,45,5,0.9418753438938487
EXPD,EXPEDITORS INTERNATIONAL WA INC,Industrials,127.2,18493.4808,45,5,-0.11829955989581109
JBSS,SANFILIPPO JOHN B & SON,Cons Staples,103.04,927.6691200000001,45,5,-0.12731723932211347
MMSI,MERIT MEDICAL SYSTEMS INC,Health Care,75.96,4394.89368,45,5,0.27330303149517055
TTC,TORO CO,Industrials,95.99,9970.86526,45,5,-0.15153681699372135
STRA,STRATEGIC EDUCATION INC,Cons Disc,92.37,2254.4745900000003,45,5,0.03581712418976912
VSEC,V S E CORP,Industrials,64.61,1018.0597700000001,45,5,0.47899808589622506
AWI,ARMSTRONG WORLD INDS INC NEW,Industrials,98.32,4343.777599999999,45,5,0.4502486014186706
KMT,KENNAMETAL INC,Industrials,25.79,2052.96137,45,5,-0.04000423196383307
PG,PROCTER & GAMBLE CO,Cons Staples,146.53999,345378.05087114,45,5,0.17235659233306744
MCHP,MICROCHIP TECHNOLOGY INC,Tech,90.18,48732.18984000001,45,5,-0.349817870259586
IEX,IDEX CORP,Industrials,217.11,16419.16086,45,5,-0.02356593305501009
TRIP,TRIPADVISOR INC,Telecom,21.53,2688.68793,45,5,-0.31398081259590016
TFX,TELEFLEX INC,Health Care,249.34,11717.234620000001,45,5,-0.281687994408388
AIN,ALBANY INTERNATIONAL CORP NEW,Industrials,98.22,3064.464,45,5,-0.17586036365780255
FCX,FREEPORT MCMORAN INC,Materials,42.57,61044.40089,44,5,-0.09491694381579863
DGX,QUEST DIAGNOSTICS INC,Health Care,137.88,15502.537799999998,44,5,0.1173752533070902
CME,C M E GROUP INC,Financials,210.60001,75654.05219231,44,5,0.1544373999763866
HAS,HASBRO INC,Cons Disc,51.06,7086.566339999999,44,5,0.14705601199920237
TDY,TELEDYNE TECHNOLOGIES,Tech,446.29001,21058.19412185,44,5,0.03997472506787614
AME,AMETEK INC NEW,Industrials,164.89,38056.44711,44,5,0.10021909522236117
L,LOEWS CORP,Financials,69.59,15536.03709,44,5,0.2207978625054472
GDYN,GRID DYNAMICS HOLDINGS INC,Tech,13.33,1012.73342,44,5,0.6684151391326756
KHC,KRAFT HEINZ CO,Cons Staples,36.98,45041.63999999999,44,5,-0.12977927544179313
KD,KYNDRYL HOLDINGS INC,Tech,20.78,4768.26192,44,5,0.6650648790996352
CMCSA,COMCAST CORP NEW,Telecom,43.85,174054.59430000003,44,5,-0.11905815285086208
ROAD,CONSTRUCTION PARTNERS INC,Industrials,43.52,1907.4380800000001,44,5,1.0326249619474388
KOP,KOPPERS HOLDINGS INC,Materials,51.22,1066.5540600000002,44,5,-0.36335190549212226
IIIN,INSTEEL INDUSTRIES INC,Industrials,38.29,744.8936600000001,44,5,-0.26796078559397507
CBZ,CBIZ INC,Industrials,62.59,3119.6107800000004,44,5,0.3073971506204407
AGM,FEDERAL AGRICULTURAL MORT CORP,Financials,191.22,1780.2582,44,5,0.06061445838829704
CDE,COEUR MINING INC,Materials,3.26,1247.3085999999998,44,5,0.7545996592656057
OLLI,OLLIES BARGAIN OUTLET HLD INC,Cons Disc,75.89,4674.21688,44,5,0.4459099841233778
REYN,REYNOLDS CONSUMER PRODUCTS INC,Cons Staples,26.84,5636.64156,44,5,0.037634433218471486
ESE,E S C O TECHNOLOGIES INC,Industrials,117.03,3019.9591499999997,43,5,0.14146720514384503
CSGS,C S G SYSTEMS INTERNATIONAL INC,Industrials,53.21,1571.87661,43,5,-0.015086233890968415
SPR,SPIRIT AEROSYSTEMS HOLDINGS INC,Industrials,31.78,3678.82102,43,5,0.07237181559331263
BOOT,BOOT BARN HOLDINGS INC,Cons Disc,76.76,2324.5998400000003,43,5,0.9778517497797816
JBT,JOHN BEAN TECHNOLOGIES CORP,Industrials,99.45,3166.38855,43,5,0.28302255146081756
SUM,SUMMIT MATERIALS INC,Materials,38.46,4596.00846,43,5,0.3156523178820214
MDRX,VERADIGM INC,Health Care,10.49,1146.1374,43,5,NA
EMN,EASTMAN CHEMICAL CO,Materials,89.82,10649.418479999998,43,5,0.05033001127452552
GGG,GRACO INC,Industrials,86.76,14644.046880000002,43,5,-0.016464586345038335
JKHY,HENRY JACK & ASSOC INC,Financials,163.41,11905.725779999999,43,5,0.08651355628221169
INDB,INDEPENDENT BANK CORP MA,Financials,65.81,2821.47213,43,5,0.01334167547514964
ETWO,E2OPEN PARENT HOLDINGS INC,Tech,4.39,1331.50017,43,5,-0.39407771370260325
DTM,D T MIDSTREAM INC,Energy,54.8,5314.0108,43,5,0.8864186088540473
AXP,AMERICAN EXPRESS CO,Financials,187.34,136523.27564,43,5,0.6022701102004411
WMT,WALMART INC,Cons Staples,157.64999,424430.66317765997,43,5,0.7393238812739447
KMX,CARMAX INC,Cons Disc,76.74,12126.53154,43,5,0.06541572847706023
HES,HESS CORP,Energy,144.16,44280.04144,43,5,-0.065037520445139
CLX,CLOROX CO,Cons Staples,142.59,17689.572809999998,43,5,0.17562987232601213
CFLT,CONFLUENT INC,Tech,23.4,5258.8458,43,5,0.19487149170372087
ABT,ABBOTT LABORATORIES,Health Care,110.07,191088.01413,42,5,0.0484232943072469
VZIO,VIZIO HOLDING CORP,Cons Disc,7.7,931.8232,42,5,NA
ERIE,ERIE INDEMNITY CO,Financials,334.92001,15469.62034189,42,5,0.24659698586189793
MMS,MAXIMUS INC,Industrials,83.86,5115.292280000001,42,5,-0.0969863106668799
VSTS,VESTIS CORP,Industrials,21.14,2778.47248,42,5,-0.27234643093000466
NWSA,NEWS CORP NEW,Telecom,24.55,9334.1555,42,5,0.1303068255567812
NHC,NATIONAL HEALTHCARE CORP,Health Care,92.42,1416.3365,42,5,0.19009568009463473
GOLF,ACUSHNET HOLDINGS CORP,Cons Disc,63.17,4129.928260000001,42,5,0.13996607555885565
DOV,DOVER CORP,Industrials,153.81,21516.4809,42,5,0.23331666634763049
CNXN,PC CONNECTION INC,Tech,67.21,1771.6555999999998,42,5,0.036570953719125665
OI,O I GLASS INC,Materials,16.38,2534.4282599999997,42,5,-0.3382180462001302
XRAY,DENTSPLY SIRONA INC,Health Care,35.59,7374.2480000000005,42,5,-0.452929915610803
RPM,R P M INTERNATIONAL INC,Materials,111.63,14381.069639999998,42,5,0.12059932133796103
HLX,HELIX ENERGY SOLUTIONS GROUP INC,Energy,10.28,1549.3090799999998,42,5,-0.09338461520974095
YUM,YUM BRANDS INC,Cons Disc,130.66,36625.04328,42,5,0.047138757450570834
SCCO,SOUTHERN COPPER CORP,Materials,86.07,66541.5777,42,5,0.10720722789614046
EQH,EQUITABLE HOLDINGS INC,Financials,33.3,11271.6171,42,5,0.4492615478401798
ETR,ENTERGY CORP NEW,Utilities,101.19,21398.95287,42,5,0.5566597527873209
AX,AXOS FINANCIAL INC,Financials,54.6,3152.1672000000003,42,5,0.27930312715737715
FWRG,FIRST WATCH RESTAURANT GROUP INC,Cons Disc,20.1,1203.8292000000001,41,5,-0.07412854167364469
ZBRA,ZEBRA TECHNOLOGIES CORP,Tech,273.32999,14043.42155621,41,5,0.4130165968919599
NOC,NORTHROP GRUMMAN CORP,Industrials,468.14001,70592.23652793,41,5,0.019520636777112355
OGE,O G E ENERGY CORP,Utilities,34.93,6996.02491,41,5,0.23616449395116357
GNRC,GENERAC HOLDINGS INC,Industrials,129.24001,7939.47229432,41,5,0.19970597509390853
FDMT,4D MOLECULAR THERAPEUTICS INC,Health Care,20.26,872.6995000000002,41,5,-0.7250735904226571
SCI,SERVICE CORP INTERNATIONAL,Cons Disc,68.45,10237.03975,41,5,0.18466353770604904
RRR,RED ROCK RESORTS INC,Cons Disc,53.33,3139.3237799999997,41,5,-0.10135994910690604
BJRI,BJS RESTAURANTS INC,Cons Disc,36.01,836.76437,41,5,-0.024297979644176904
MBLY,MOBILEYE GLOBAL INC,Cons Disc,43.32,4100.32464,41,5,-0.5401659789069758
CHD,CHURCH & DWIGHT INC,Cons Staples,94.56,23297.881920000003,41,5,0.11939926703927672
LH,LABORATORY CORP AMERICA HLDGS,Health Care,227.28999,19296.920151000002,41,5,0.022261217895579666
CL,COLGATE PALMOLIVE CO,Cons Staples,79.71,65630.98212,41,5,0.1652472218433585
CAT,CATERPILLAR INC,Industrials,295.67001,150521.16704084998,41,5,0.246701688736084
SWKS,SKYWORKS SOLUTIONS INC,Tech,112.42,18012.606920000002,41,5,-0.18877083280895157
NDAQ,NASDAQ INC,Financials,58.14,33439.74426,41,5,0.34824701975326655
FHB,FIRST HAWAIIAN INC,Financials,22.86,2917.37034,41,5,0.18746799610085296
WH,WYNDHAM HOTELS & RESORTS INC,Cons Disc,80.41,6670.97442,41,5,0.2770797282023558
LKQ,L K Q CORP,Cons Disc,47.79,12769.488,41,5,-0.2096944154151963
PH,PARKER HANNIFIN CORP,Industrials,460.70001,59188.89448476,40,5,0.3956319731259703
HSIC,SCHEIN HENRY INC,Health Care,75.71,9785.36608,40,5,-0.08598584928259301
ACA,ARCOSA INC,Industrials,82.64,4029.5263999999997,40,5,0.17339370116973796
SEM,SELECT MEDICAL HOLDINGS CORP,Health Care,23.5,3013.029,40,5,0.5249172100666333
IBM,INTERNATIONAL BUSINESS MACHS COR,Tech,163.55,149340.61245000002,40,5,0.39120685279265244
EIG,EMPLOYERS HOLDINGS INC,Financials,39.4,1013.4073999999999,40,5,0.3332185542168269
FICO,FAIR ISAAC CORP,Tech,1164.01001,28767.343387139998,40,5,0.7104096537519866
TFIN,TRIUMPH FINANCIAL INC,Financials,80.18,1868.35436,40,5,0.13344846705601676
OII,OCEANEERING INTERNATIONAL INC,Energy,21.28,2143.428,40,5,0.22556261047732362
SMG,SCOTTS MIRACLE GRO CO,Materials,63.75,3613.28625,40,4,0.08007216309118625
GTX,GARRETT MOTION INC,Cons Disc,9.67,2303.86783,40,4,-0.06618312418168293
QTRX,QUANTERIX CORP,Health Care,27.34,1039.30276,40,4,-0.6111919083883656
ESI,ELEMENT SOLUTIONS INC,Materials,23.14,5588.680240000001,40,4,0.11317721367052291
META,META PLATFORMS INC,Telecom,353.95999,782605.53789,40,4,0.66036613586913
DK,DELEK U S HOLDINGS INC NEW,Energy,25.8,1649.4972,40,4,-0.24991329843688914
CW,CURTISS WRIGHT CORP,Industrials,222.78999,8519.71200759,40,4,0.5972439603404862
FE,FIRSTENERGY CORP,Utilities,36.66,21036.0579,40,4,0.1307548485330854
SSD,SIMPSON MANUFACTURING CO INC,Industrials,197.98,8448.400539999999,40,4,-0.15730237745625786
MOG,MOOG INC,Industrials,144.78,4224.535620000001,40,4,0.36803339419095327
MMM,3M CO,Industrials,109.32,60379.29444,39,4,0.4456276281979614
FUL,FULLER H B CO,Materials,81.41,4397.849609999999,39,4,-0.16180517334044775
MRC,M R C GLOBAL INC,Industrials,11.01,928.16502,39,4,0.16076304395301744
GMED,GLOBUS MEDICAL INC,Health Care,53.29,6147.69427,39,4,0.5520708324389225
NAPA,DUCKHORN PORTFOLIO INC,Cons Staples,9.85,1136.3748,39,4,NA
ROCK,GIBRALTAR INDUSTRIES INC,Industrials,78.98,2404.23018,39,4,-0.2542416019532229
LGND,LIGAND PHARMACEUTICALS INC,Health Care,71.42,1253.84952,39,4,0.5002796266185334
DAL,DELTA AIR LINES INC,Industrials,40.23,25886.516489999998,39,4,0.5196054727787376
PSN,PARSONS CORP,Industrials,62.71,6577.589190000001,39,4,0.47105738406828723
MLM,MARTIN MARIETTA MATERIALS INC,Materials,498.91,30836.130370000003,39,4,0.041033026929654826
NBIX,NEUROCRINE BIOSCIENCES INC,Health Care,131.75999,13004.711012999998,39,4,0.03597481219813847
ROP,ROPER TECHNOLOGIES INC,Tech,545.16998,58278.670862000006,39,4,-0.041059218487665916
LNW,LIGHT & WONDER INC,Cons Disc,82.11,7389.9,39,4,0.052004492265752544
MSA,M S A SAFETY INC,Industrials,168.83,6636.876130000001,39,4,-0.007168233066927043
WAB,WABTEC CORP,Industrials,126.9,22735.277100000003,39,4,0.5011566429989247
FTNT,FORTINET INC,Tech,58.53,44541.33,39,4,0.6142138934310388
BLKB,BLACKBAUD INC,Tech,86.7,4649.2875,39,4,-0.14740445345899322
SSNC,S S & C TECHNOLOGIES HLDGS INC,Industrials,61.11,15069.726,39,4,0.25783829749503684
ISRG,INTUITIVE SURGICAL INC,Health Care,337.35999,118851.924477,39,4,0.5471906698456441
IMXI,INTERNATIONAL MONEY EXPRESS INC,Financials,22.09,747.1500699999999,38,4,-0.05703923703962743
BPMC,BLUEPRINT MEDICINES CORP,Health Care,92.24,5640.199279999999,38,4,-0.054422019672643374
TPX,TEMPUR SEALY INTERNATIONAL INC,Cons Disc,50.97,8780.805779999999,38,4,0.12307463922358353
KALU,KAISER ALUMINUM CORP,Materials,71.19,1140.17904,38,4,0.027689605793675298
ADSK,AUTODESK INC,Tech,243.48,52084.02419999999,38,4,0.21394114074789172
UTZ,UTZ BRANDS INC,Cons Staples,16.24,1317.7298399999997,38,4,-0.017008403920106607
BRO,BROWN & BROWN INC,Financials,71.11,20237.76378,38,4,0.4426730225637989
DELL,DELL TECHNOLOGIES INC,Tech,76.5,20462.7555,38,4,0.5299631518114154
APPF,APPFOLIO INC,Tech,173.24001,3767.7969774900002,38,4,0.42415275050787193
REVG,R E V GROUP INC,Industrials,18.17,1081.22402,38,4,1.024922972224675
WEX,W E X INC,Financials,194.55,8314.48335,38,4,-0.09884221443173069
THRM,GENTHERM INC,Cons Disc,52.36,1651.53912,38,4,-0.23748992336378916
PCTY,PAYLOCITY HOLDING CORP,Industrials,164.85001,9283.19861313,38,4,0.2100088829479443
DNUT,KRISPY KREME INC,Cons Disc,15.09,2544.59652,38,4,-0.33416851717853213
GLW,CORNING INC,Tech,30.45,25979.17875,38,4,0.6057663255578352
ORI,OLD REPUBLIC INTERNATIONAL CORP,Financials,29.4,8243.1132,38,4,0.2708221513396405
ALRM,ALARM COM HOLDINGS INC,Tech,64.62,3222.4701600000003,38,4,-0.05911648878390774
CVLT,COMMVAULT SYSTEMS INC,Tech,79.85,3493.7569,38,4,0.889918129333944
FAST,FASTENAL CO,Industrials,64.77,37047.27414,38,4,0.13481456280207627
AIR,A A R CORP,Industrials,62.4,2215.3871999999997,37,4,-0.017950166972945936
CR,CRANE CO NEW,Industrials,118.14,6712.1241,37,4,0.2915465099640919
AVTR,AVANTOR INC,Health Care,22.83,15441.89238,37,4,-0.07709254232142715
BRC,BRADY CORP,Industrials,58.69,2628.90117,37,4,0.27670428448021167
LMT,LOCKHEED MARTIN CORP,Industrials,453.23999,112448.38827901,37,4,0.10060103926643893
KMPR,KEMPER CORP DE,Financials,48.67,3119.11429,37,4,0.3924583277943172
EXLS,EXLSERVICE HOLDINGS INC,Industrials,30.85,5098.8263,37,4,0.43857257776329717
BBY,BEST BUY COMPANY INC,Cons Disc,78.28,16861.19888,37,4,0.1435822511510605
PPG,P P G INDUSTRIES INC,Materials,149.55,35263.89,37,4,-0.18497641432133738
EFX,EQUIFAX INC,Industrials,247.28999,30470.33069783,37,4,0.036694248504403726
CRVL,CORVEL CORP,Health Care,247.21001,4227.04396099,37,4,0.3501885962444362
WKC,WORLD KINECT CORP,Energy,22.78,1371.40156,37,4,0.23773964720140195
HTH,HILLTOP HOLDINGS INC,Financials,35.21,2294.6357000000003,37,4,-0.1691664899689943
FELE,FRANKLIN ELECTRIC INC,Industrials,96.65,4452.37555,37,4,0.018275178314197893
WING,WINGSTOP INC,Cons Disc,256.57999,7527.54374662,37,4,0.11066087245192713
ECL,ECOLAB INC,Materials,198.35001,56557.5218514,37,4,0.1930487168999424
NI,NISOURCE INC,Utilities,26.55,11876.00085,37,4,0.43464614996991213
TREX,TREX COMPANY INC,Industrials,82.79,8990.58005,37,4,-0.16620401220264236
LOW,LOWES COMPANIES INC,Cons Disc,222.55,127991.39815000001,37,4,0.13026242290216117
BFC,BANK FIRST CORP,Financials,86.66,898.2308999999999,36,4,0.16326198289278127
ICE,INTERCONTINENTALEXCHANGE GRP INC,Financials,128.42999,73508.70279636,36,4,0.17467855440166757
COOP,MR COOPER GROUP INC,Financials,65.12,4206.752,36,4,0.4743556912298712
TMUS,T MOBILE U S INC,Telecom,160.33,191723.73631,36,4,0.3968354906887126
KDP,KEURIG DR PEPPER INC,Cons Staples,33.32,46329.66072,36,4,-0.010289550205555331
SYK,STRYKER CORP,Health Care,299.45999,113776.22968062,36,4,0.2133516704493854
DCI,DONALDSON INC,Industrials,65.35,7850.8876,36,4,0.046135911361840254
GE,GENERAL ELECTRIC CO,Industrials,127.63,138910.70518000002,36,4,0.6527454126311245
CARG,CARGURUS INC,Telecom,24.16,2226.948,36,4,0.5124158295345267
GPN,GLOBAL PAYMENTS INC,Financials,127,33069.403,36,4,-0.10955565842493242
HPK,HIGHPEAK ENERGY INC,Energy,14.24,1828.71504,36,4,0.04356123520952582
DTE,D T E ENERGY CO,Utilities,110.26,22742.11734,36,4,0.134258388067241
SMPL,SIMPLY GOOD FOODS CO,Cons Staples,39.6,3952.5948000000003,36,4,-0.015657527612163546
GD,GENERAL DYNAMICS CORP,Industrials,259.67001,70863.16671897,36,4,0.03469575572469075
ALTR,ALTAIR ENGINEERING INC,Tech,84.15,4648.446,36,4,0.2966127746346481
BRK,BERKSHIRE HATHAWAY INC DEL,Financials,356.66,466536.24620000005,36,4,0.2709009857036029
PHR,PHREESIA INC,Health Care,23.15,1287.95025,36,4,0.08682687427708013
EL,LAUDER ESTEE COS INC,Cons Staples,146.25,33974.60625,36,4,-0.47602547641393655
HON,HONEYWELL INTERNATIONAL INC,Industrials,209.71001,136688.984518,36,4,0.09975658227184225
INTA,INTAPP INC,Tech,38.02,2735.19682,35,4,0.6856896177703868
ANF,ABERCROMBIE & FITCH CO,Cons Disc,88.22,4446.81732,35,4,0.6942863423161598
BGC,B G C GROUP INC,Financials,7.22,2780.0249,35,4,0.26450125562794957
RGA,REINSURANCE GROUP OF AMERICA INC,Financials,161.78,10662.27268,35,4,0.3428041978912937
APH,AMPHENOL CORP NEW,Tech,99.13,59310.47029999999,35,4,0.4130624916597241
CRI,CARTERS INC,Cons Disc,74.89,2757.82425,35,4,-0.2410905214194522
PWR,QUANTA SERVICES INC,Industrials,215.8,31352.503,35,4,0.4659956108503682
AEP,AMERICAN ELECTRIC POWER CO INC,Utilities,81.22,42736.7457,35,4,0.1795238155525105
WMB,WILLIAMS COS,Energy,34.83,42370.660169999996,35,4,0.6210033075530432
RSG,REPUBLIC SERVICES INC,Industrials,164.91,51886.787670000005,35,4,0.23030522940788156
RTX,R T X CORP,Industrials,84.14,120984.99014,35,4,0.40681742723736214
TRS,TRIMAS CORP,Materials,25.33,1043.6466599999999,35,4,-0.023096267047227115
PPL,P P L CORP,Utilities,27.1,19976.060400000002,35,4,0.23950175535155926
H,HYATT HOTELS CORP,Cons Disc,130.41,5766.86061,35,4,0.20848164184228768
CFR,CULLEN FROST BANKERS INC,Financials,108.49,6948.459029999999,35,4,0.27847445475116595
CARR,CARRIER GLOBAL CORP,Industrials,57.45,48203.25015000001,35,4,0.2024007628555442
NWE,NORTHWESTERN ENERGY GROUP INC,Utilities,50.89,3116.96161,35,4,0.10321291985542946
MGRC,MCGRATH RENTCORP,Industrials,119.62,2936.55138,35,4,-0.04953810968768679
TNC,TENNANT CO,Industrials,92.69,1731.4492,34,4,-0.11032676205083536
CTBI,COMMUNITY TRUST BANCORP INC,Financials,43.86,789.48,34,4,0.2577259867051398
TYL,TYLER TECHNOLOGIES INC,Tech,418.12,17612.88688,34,4,0.37912468000797994
MPWR,MONOLITHIC PWR SYS INC,Tech,630.78003,30295.10328084,34,4,-0.05553085060950225
WT,WISDOMTREE INC,Financials,6.93,1041.82155,34,4,0.5337217610443421
HTZ,HERTZ GLOBAL HOLDINGS INC NEW,Industrials,10.39,3170.7994200000003,34,4,-0.6477390651547986
DOCS,DOXIMITY INC,Health Care,28.04,3313.2064,34,4,0.904063142474564
TJX,T J X COMPANIES INC NEW,Cons Disc,93.81,106913.09937000001,34,4,0.3048614195806769
BR,BROADRIDGE FINANCIAL SOLUTNS INC,Industrials,205.75,24205.87025,34,4,0.11649112682217844
SOVO,SOVOS BRANDS INC,Cons Staples,22.03,2235.05365,34,4,NA
BLD,TOPBUILD CORP,Cons Disc,374.26001,11891.737557740002,34,4,-0.16811768426126372
NET,CLOUDFLARE INC,Tech,83.26,24636.634,34,4,0.2932986470241261
GPRE,GREEN PLAINS INC,Energy,25.22,1501.14484,34,4,-0.6241081277105814
APAM,ARTISAN PARTNERS ASSET MGMT INC,Financials,44.18,3025.4022200000004,34,4,0.0458715150904756
WWD,WOODWARD INC,Industrials,136.13,8179.09879,34,4,0.22985154607697256
STR,SITIO ROYALTIES CORP NEW,Energy,23.51,1922.2481300000002,34,4,-0.1311963485642097
GVA,GRANITE CONSTRUCTION INC,Industrials,50.86,2234.4323799999997,34,4,0.737500402438614
VNOM,VIPER ENERGY INC,Energy,31.38,2703.19872,34,4,0.6509027102711897
CDRE,CADRE HOLDINGS INC,Industrials,32.89,1236.20354,34,4,-0.007947543516940603
SWK,STANLEY BLACK & DECKER INC,Industrials,98.1,15039.8091,33,4,-0.1525073920826504
FSS,FEDERAL SIGNAL CORP,Industrials,76.74,4675.69146,33,4,0.21023262590976977
ZM,ZOOM VIDEO COMMUNICATIONS INC,Tech,71.91,18537.391259999997,33,4,0.1348902269987171
EXEL,EXELIXIS INC,Health Care,23.99,7264.004069999999,33,4,0.38807949486688864
ZBH,ZIMMER BIOMET HOLDINGS INC,Health Care,121.7,25432.987699999998,33,4,-0.12462304977656125
PZZA,PAPA JOHNS INTL INC,Cons Disc,76.23,2476.5602400000002,33,4,-0.4419993627155543
SWAV,SHOCKWAVE MEDICAL INC,Health Care,190.56,7147.52448,33,4,NA
SPXC,S P X TECHNOLOGIES INC,Industrials,101.01,4610.90448,33,4,0.4406494356512811
EIX,EDISON INTERNATIONAL,Utilities,71.49,27421.34781,33,4,0.1509151387303549
WM,WASTE MANAGEMENT INC DEL,Industrials,179.10001,72137.00652775,33,4,0.14296010283177019
FIVE,FIVE BELOW INC,Cons Disc,213.16,11764.939879999998,33,4,-0.5075993656771312
BWXT,B W X TECHNOLOGIES INC,Industrials,76.73,7021.79249,33,4,0.46498128501595004
SXT,SENSIENT TECHNOLOGIES CORP,Materials,66,2788.5,33,4,0.10359941924589045
SRCL,STERICYCLE INC,Industrials,49.56,4589.256,33,4,NA
STZ,CONSTELLATION BRANDS INC,Cons Staples,241.75,44400.53025,33,4,-0.07111255666746252
ITGR,INTEGER HOLDINGS CORP,Health Care,99.08,3302.0391600000003,33,4,0.33750483036078505
SSB,SOUTHSTATE CORP,Financials,84.45,6423.68925,33,4,0.2057256122486777
CNP,CENTERPOINT ENERGY INC,Utilities,28.57,18034.06968,33,4,0.1415678113865293
CXM,SPRINKLR INC,Tech,12.04,1825.3362399999999,33,4,-0.29817357012749623
TGT,TARGET CORP,Cons Staples,142.42,65749.90203999999,32,4,-0.02204602739948136
MTRN,MATERION CORP,Materials,130.13,2686.14346,32,4,-0.2367364190529745
PRIM,PRIMORIS SERVICES CORP,Industrials,33.21,1772.0856,32,4,1.3113231533768834
ENV,ENVESTNET INC,Tech,49.52,2706.56512,32,4,NA
ADI,ANALOG DEVICES INC,Tech,198.56,98537.78272,32,4,0.08832213694001179
HRL,HORMEL FOODS CORP,Cons Staples,32.11,17559.0324,32,4,0.011891480537985943
EHC,ENCOMPASS HEALTH CORP,Health Care,66.72,6688.079519999999,32,4,0.3912694354342432
UNF,UNIFIRST CORP,Industrials,182.91,2766.87957,32,4,-0.057554909691985956
ROST,ROSS STORES INC,Cons Disc,138.39,46591.20774,32,4,0.10393639925604004
AZEK,THE AZEK COMPANY INC,Industrials,38.25,5649.48675,32,4,0.2410468252025444
POOL,POOL CORP,Cons Disc,398.70999,15292.52166645,32,4,-0.13404938507114506
AIZ,ASSURANT INC,Financials,168.49001,8861.05811591,32,4,0.2854238935015003
SCHW,SCHWAB CHARLES CORP NEW,Financials,68.8,121891.72159999999,32,4,0.09088371883814172
MDLZ,MONDELEZ INTERNATIONAL INC,Cons Staples,72.43,97670.62369000001,32,4,-0.15300631837058665
BKR,BAKER HUGHES CO,Energy,34.18,34111.64,32,4,0.22932340681413899
GABC,GERMAN AMERICAN BANCORP INC,Financials,32.41,958.8498499999998,32,4,0.2784267145441399
SAIA,SAIA INC,Industrials,438.22,11634.302780000002,32,4,0.03995927246543807
MNST,MONSTER BEVERAGE CORP NEW,Cons Staples,57.61,60004.90531,32,4,-0.08765886334844197
MATW,MATTHEWS INTERNATIONAL CORP,Cons Disc,36.65,1124.4953,32,4,-0.21775461802818075
ALG,ALAMO GROUP INC,Industrials,210.19,2524.80228,31,4,-0.11069183907268298
MSGS,MADISON SQUARE GARD SPORTS CORP,Telecom,181.83,3528.2293200000004,31,4,0.24115985974081067
HCA,H C A HEALTHCARE INC,Health Care,270.67999,72450.47680338999,31,4,0.11761277164012518
SGRY,SURGERY PARTNERS INC,Health Care,31.99,4049.7420599999996,31,4,-0.33823055867589247
GL,GLOBE LIFE INC,Financials,121.72,11456.16468,31,4,-0.07474647490712516
MMC,MARSH & MCLENNAN COS INC,Financials,189.47,93422.35184,31,4,0.13755630717946365
ACHC,ACADIA HEALTHCARE CO INC,Health Care,77.76,7096.68864,31,4,-0.4900979295168375
FNB,F N B CORP PA,Financials,13.77,4941.07533,31,4,0.11020718527709406
JJSF,J & J SNACK FOODS CORP,Cons Staples,167.14,3237.00038,31,4,-0.05393522604514289
INST,INSTRUCTURE HOLDINGS INC,Tech,27.01,3908.2389600000006,31,4,NA
TPG,T P G INC,Financials,43.17,3122.83146,31,4,0.504953120497976
SYM,SYMBOTIC INC,Industrials,51.33,4368.54231,31,4,-0.5380872148810885
FBIN,FORTUNE BRANDS INNOVATIONS INC,Industrials,76.14,9600.873300000001,31,4,-0.09133776209134559
HUBB,HUBBELL INC,Industrials,328.92999,17637.88392378,31,4,0.2891802228610798
FCF,FIRST COMMONWEALTH FINANCIAL COR,Financials,15.44,1576.5938399999998,31,4,0.13321640024456838
TRGP,TARGA RESOURCES CORP,Energy,86.87,19369.92512,31,4,1.1014105437554624
ORCL,ORACLE CORP,Tech,105.43,289818.84646000003,31,4,0.6001828051224665
HUBS,HUBSPOT INC,Tech,580.53998,29219.15773338,31,4,0.2002080341467869
SPB,SPECTRUM BRANDS HOLDINGS INC NEW,Cons Staples,79.77,2816.51916,31,4,0.07994020862268925
NBTB,N B T BANCORP INC,Financials,41.91,1974.3800999999999,30,4,0.1760885737655602
ALE,ALLETE INC,Utilities,61.16,3515.2933199999998,30,4,0.1086310203461045
POWL,POWELL INDUSTRIES INC,Industrials,88.4,1057.264,30,4,1.5211169673468734
HLNE,HAMILTON LANE INC,Financials,113.44,4379.3512,30,4,0.3236346802475676
ACDC,PROFRAC HOLDING CORP,Energy,8.48,1351.61872,30,4,-0.08490605165661336
CRL,CHARLES RIVER LABS INTL INC,Health Care,236.39999,12126.61028703,30,4,-0.2191201105298901
ACHR,ARCHER AVIATION INC,Industrials,6.14,1561.1993799999998,30,4,0.5879482208147861
CGNX,COGNEX CORP,Tech,41.74,7162.542260000001,30,4,-0.13449072471913714
ELF,E L F BEAUTY INC,Cons Staples,144.34,7967.42366,30,4,-0.13017779852522438
PRI,PRIMERICA INC,Financials,205.75999,7208.59548966,30,3,0.33603606210099457
HXL,HEXCEL CORP NEW,Industrials,73.75,6203.18625,30,3,-0.1422139219217491
COO,COOPER COMPANIES INC,Health Care,378.44,18742.619440000002,30,3,-0.02832710756480583
HLT,HILTON WORLDWIDE HOLDINGS INC,Cons Disc,182.09,46695.1596,30,3,0.3610981432713858
FLS,FLOWSERVE CORP,Industrials,41.22,5408.434979999999,30,3,0.4188553727125366
MNTK,MONTAUK RENEWABLES INC,Utilities,8.91,1265.09526,30,3,-0.5533114913869985
LW,LAMB WESTON HOLDINGS INC,Cons Staples,108.09,15665.15943,30,3,-0.37046889209130696
EPAM,EPAM SYSTEMS INC,Tech,297.34,17156.518,30,3,-0.21362891977948772
FDX,FEDEX CORP,Industrials,252.97,63215.43221,30,3,0.1332731831959184
HY,HYSTER YALE MATERIALS HANDLG INC,Industrials,62.19,852.99804,30,3,-0.16278933826724473
DASH,DOORDASH INC,Cons Disc,98.89,37181.35443,29,3,0.6963279882056996
BMRN,BIOMARIN PHARMACEUTICAL INC,Health Care,96.42,18184.61916,29,3,-0.31829495207957115
LHX,L3HARRIS TECHNOLOGIES INC,Industrials,210.62,39920.914800000006,29,3,0.018704738887605155
COIN,COINBASE GLOBAL INC,Financials,173.92,33947.79264,29,3,0.42767106522244003
FCN,F T I CONSULTING INC,Industrials,199.14999,7071.8161449,29,3,-0.040271984161227015
GPS,GAP INC,Cons Disc,20.91,7754.1180300000005,29,3,0.16314695349273056
TECH,BIO TECHNE CORP,Health Care,77.16,12125.07672,29,3,-0.062496374742712746
PJT,P J T PARTNERS INC,Financials,101.87,2469.3288000000002,29,3,0.5622259120636794
PRFT,PERFICIENT INC,Tech,65.82,2249.3326799999995,29,3,NA
MS,MORGAN STANLEY DEAN WITTER & CO,Financials,93.25,153052.344,29,3,0.397427182263425
TCBK,TRICO BANCSHARES,Financials,42.97,1429.52596,29,3,0.05055183062095292
HAYN,HAYNES INTERNATIONAL INC,Materials,57.05,729.27015,29,3,NA
ROG,ROGERS CORP,Tech,132.07001,2458.7473761700003,29,3,-0.23063542551146876
GXO,G X O LOGISTICS INC,Industrials,61.16,7275.2878,29,3,-0.28875124958629006
CMS,C M S ENERGY CORP,Utilities,58.07,16942.73548,29,3,0.18508665523270218
IDA,IDACORP INC,Utilities,98.32,4976.4668,29,3,0.1491974285841502
CINF,CINCINNATI FINANCIAL CORP,Financials,103.46,16243.219999999998,29,3,0.42394920722442664
VMC,VULCAN MATERIALS CO,Materials,227.00999,30163.498401269997,29,3,0.14102449410871087
GNE,GENIE ENERGY LTD,Utilities,28.13,726.99172,29,3,-0.43550723583083795
CCOI,COGENT COMMUNICATIONS HLDS INC,Telecom,76.06,3697.20054,28,3,0.07271583363364287
PGR,PROGRESSIVE CORP OH,Financials,159.28,93185.33048,28,3,0.5135634171587904
HLMN,HILLMAN SOLUTIONS CORP,Industrials,9.21,1795.1487300000001,28,3,0.05754695069540228
MGPI,M G P INGREDIENTS INC,Cons Staples,98.52,2169.0163199999997,28,3,-0.5976332033927686
MCD,MCDONALDS CORP,Cons Disc,296.51001,215071.16367342,28,3,0.0012074012496130493
ASH,ASHLAND INC 2022,Materials,84.31,4282.18921,28,3,-0.13716819272079595
IBOC,INTERNATIONAL BANCSHARES CORP,Financials,54.32,3371.96832,28,3,0.18982835047821633
AGIO,AGIOS PHARMACEUTICALS INC,Health Care,22.27,1245.8951499999998,28,3,0.4755278674359069
RBC,R B C BEARINGS INC,Industrials,284.89001,8286.02594085,28,3,0.050018015155043116
NWBI,NORTHWEST BANCSHARES INC,Financials,12.48,1586.3328000000001,28,3,0.12592163709176196
HPQ,H P INC,Tech,30.09,29816.24118,28,3,0.12124719668827
MDB,MONGODB INC,Tech,408.85001,29509.97602178,28,3,-0.43057281415500015
BALL,BALL CORP,Materials,57.52,18136.11352,28,3,-0.02900269416743717
TMP,TOMPKINS FINANCIAL CORP,Financials,60.23,864.3005,28,3,0.17600413369549894
OTIS,OTIS WORLDWIDE CORP,Industrials,89.47,36616.402729999994,28,3,0.05113544175424245
BDX,BECTON DICKINSON & CO,Health Care,243.83,70599.02586,28,3,-0.054178502565635944
TMCI,TREACE MEDICAL CONCEPTS INC,Health Care,12.75,787.287,28,3,-0.41647147349047764
ESMT,ENGAGESMART INC,Tech,22.9,3854.8714999999997,28,3,NA
PLUS,EPLUS INC,Tech,79.84,2152.00736,28,3,-0.07465078764228883
SPGI,S & P GLOBAL INC,Financials,440.51999,139556.73283199998,27,3,0.13935928487606342
SRCE,1ST SOURCE CORP,Financials,54.95,1342.70325,27,3,0.08906502581730846
SEIC,S E I INVESTMENTS CO,Financials,63.55,8336.3619,27,3,0.3148702886115142
AUB,ATLANTIC UNION BANKSHARES CORP,Financials,36.54,2741.08464,27,3,0.07397298672429731
FTRE,FORTREA HOLDINGS INC,Health Care,34.9,3099.12,27,3,-0.46561599232020146
EXAS,EXACT SCIENCES CORP,Health Care,73.98,13417.30872,27,3,-0.2404696868421432
IBRX,IMMUNITYBIO INC,Health Care,5.02,3367.75234,27,3,-0.4900395727026713
ATR,APTARGROUP INC,Materials,123.62,8131.847220000001,27,3,0.28581538211644886
AWK,AMERICAN WATER WORKS CO INC,Utilities,131.99001,25699.11489705,27,3,-0.035182413801719936
PRCT,PROCEPT BIOROBOTICS CORP,Health Care,41.91,2127.81261,27,3,0.9212622465256541
DIS,DISNEY WALT CO,Telecom,90.29,165259.23164,27,3,0.24473698270273658
ANET,ARISTA NETWORKS INC,Tech,235.50999,73267.157889,27,3,0.8772889783992077
EMR,EMERSON ELECTRIC CO,Industrials,97.33,55487.833,27,3,0.29708438124897385
PRK,PARK NATIONAL CORP,Financials,132.86,2141.17176,27,3,0.3296950168303521
AMSF,AMERISAFE INC,Financials,46.78,895.1353,27,3,0.2015466052392465
XEL,X C E L ENERGY INC,Utilities,61.91,34356.45922,27,3,0.12234946901529664
AEO,AMERICAN EAGLE OUTFITTERS INC NE,Cons Disc,21.16,4179.90408,27,3,-0.19350907561383623
MKL,MARKEL GROUP INC,Financials,1419.90002,18769.65836438,27,3,0.21574041692432222
UCBI,UNITED COMMUNITY BANKS INC GA,Financials,29.26,3482.2326000000003,27,3,0.14164153752306818
ENOV,ENOVIS CORP,Health Care,56.02,3058.3558800000005,26,3,-0.2167076210886263
VSTO,VISTA OUTDOOR INC,Cons Disc,29.57,1717.18904,26,3,NA
UBSI,UNITED BANKSHARES INC,Financials,37.55,5067.3349499999995,26,3,0.04222215240753169
AMG,AFFILIATED MANAGERS GROUP INC,Financials,151.42,5119.35878,26,3,0.2215262712484083
FBNC,FIRST BANCORP NC,Financials,37.01,1521.4811,26,3,0.21595377786996117
SAFT,SAFETY INSURANCE GROUP INC,Financials,75.99,1124.04408,26,3,0.13384200691757342
FRME,FIRST MERCHANTS CORP,Financials,37.08,2203.4419199999998,26,3,0.1182847879347626
CENX,CENTURY ALUMINUM CO,Materials,12.14,1125.2566000000002,26,3,0.5008196289118734
CNNE,CANNAE HOLDINGS INC,Financials,19.51,1379.59112,26,3,0.03735341877574583
LKFN,LAKELAND FINANCIAL CORP,Financials,65.16,1657.08396,26,3,0.08695727707567125
FBMS,FIRST BANCSHARES INC MS,Financials,29.33,911.84037,26,3,0.23435389219724745
IQV,IQVIA HOLDINGS INC,Health Care,231.38,42226.85,26,3,-0.15070539029643937
BFAM,BRIGHT HORIZONS FAM SOL INC NEW,Cons Disc,94.24,5456.967199999999,26,3,0.17625308959544728
RELY,REMITLY GLOBAL INC,Financials,19.42,3659.4271200000003,26,3,0.1622033485132699
DLB,DOLBY LABORATORIES INC,Tech,86.18,5090.135520000001,26,3,-0.079320491321756
RDNT,RADNET INC,Health Care,34.77,2362.83012,26,3,1.0086281367311143
TW,TRADEWEB MARKETS INC,Financials,90.88,10459.470080000001,26,3,0.4455725845470522
FIBK,FIRST INTERSTATE BANCSYSTEM INC,Financials,30.75,3196.2165,26,3,0.12530483173534113
DUK,DUKE ENERGY CORP NEW,Utilities,97.04,74789.89248000001,26,3,0.1543789583514248
ATO,ATMOS ENERGY CORP,Utilities,115.9,17210.686400000002,25,3,0.23316355859997628
GNTX,GENTEX CORP,Cons Disc,32.66,7559.3202999999985,25,3,-0.10711180112771213
WEST,WESTROCK COFFEE CO,Cons Staples,10.21,899.00071,25,3,-0.37120505161322015
SRPT,SAREPTA THERAPEUTICS INC,Health Care,96.43,9038.57676,25,3,0.2609154634519164
HA,HAWAIIAN HOLDINGS INC,Industrials,14.2,735.9007999999999,25,3,NA
LMAT,LEMAITRE VASCULAR INC,Health Care,56.76,1267.28052,25,3,0.6358741893980151
EDR,ENDEAVOR GROUP HOLDINGS INC,Telecom,23.73,7130.22429,25,3,0.32992112425524556
BCPC,BALCHEM CORP,Materials,148.75,4797.93125,25,3,0.10161472055282039
THS,TREEHOUSE FOODS INC,Cons Staples,41.45,2292.185,25,3,-0.15247372672370474
TGI,TRIUMPH GROUP INC NEW,Industrials,16.58,1274.27248,25,3,0.12545431946302732
SBOW,SILVERBOW RESOURCES INC,Energy,29.08,739.5043999999999,25,3,NA
EXPO,EXPONENT INC,Industrials,88.04,4452.44692,25,3,0.024139513213835118
DRS,LEONARDO DRS INC,Industrials,20.04,5261.001,25,3,0.6122739001447042
VST,VISTRA CORP,Utilities,38.52,13772.903040000001,25,3,2.6117671555412727
KVUE,KENVUE INC,Cons Staples,21.53,41229.84235,25,3,0.030617915040971333
AZZ,A Z Z INC,Industrials,58.09,1456.7229300000001,25,3,0.423603583691885
AJG,GALLAGHER ARTHUR J & CO,Financials,224.88,48551.592,25,3,0.27365111090193395
HD,HOME DEPOT INC,Cons Disc,346.54999,344908.03614738,25,3,0.14956975111294524
HHH,HOWARD HUGHES HOLDINGS INC,Real Estate,85.55,4284.25845,24,3,-0.06134799269238578
AWR,AMERICAN STATES WATER CO,Utilities,80.42,2974.01202,24,3,-0.011116159302822393
CLBK,COLUMBIA FINANCIAL INC,Financials,19.28,2022.83832,24,3,-0.1799777826932325
EBC,EASTERN BANKSHARES INC,Financials,14.2,2505.2634,24,3,0.2517047417899869
VCTR,VICTORY CAPITAL HOLDINGS INC,Financials,34.44,2212.9421999999995,24,3,0.9579130538233449
PIPR,PIPER SANDLER COMPANIES,Financials,174.87,3096.9477,24,3,0.7414240453332979
AROC,ARCHROCK INC,Energy,15.4,2403.2932,24,3,0.6688566674440535
WEC,W E C ENERGY GROUP INC,Utilities,84.17,26550.16395,24,3,0.16053486504001024
CEG,CONSTELLATION ENERGY CORP,Utilities,116.89,37054.13,24,3,0.9266979278803351
BOX,BOX INC,Tech,25.61,3677.3655099999996,24,3,0.23389172520040513
ITRI,ITRON INC,Tech,75.51,3436.61112,24,3,0.43795593310108316
KAR,O P E N L A N E INC,Industrials,14.81,1599.74658,24,3,0.3396335602843479
SNPS,SYNOPSYS INC,Tech,514.90997,78259.62161039001,24,3,-0.05738904965525793
CHDN,CHURCHILL DOWNS INC,Cons Disc,134.92999,10052.284255,24,3,-0.007270344142748519
DD,DUPONT DE NEMOURS INC,Industrials,76.93,33083.13106,24,3,0.010302868617539707
KGS,KODIAK GAS SERVICES INC,Energy,20.08,1554.1919999999998,24,3,1.1445680640765383
CMP,COMPASS MINERALS INTL INC,Materials,25.32,1043.4372,24,3,-0.5514527850552104
BANF,BANCFIRST CORP,Financials,97.33,3205.36889,24,3,0.2258641057936377
SON,SONOCO PRODUCTS CO,Materials,55.87,5472.8017199999995,24,3,-0.09312962438892702
CBU,COMMUNITY BANK SYSTEM INC,Financials,52.11,2781.94446,23,3,0.2247471656519744
OBK,ORIGIN BANCORP INC,Financials,35.57,1099.3619899999999,23,3,-0.04650355365417258
CRWD,CROWDSTRIKE HOLDINGS INC,Tech,255.32001,58118.23855629,23,3,0.3401193979455628
MORN,MORNINGSTAR INC,Financials,286.23999,12230.46229272,23,3,0.18285304444768857
AMR,ALPHA METALLURGICAL RES INC,Materials,338.92001,4502.213412839999,23,3,-0.4095358056115168
MSGE,MADISON SQUARE GARDEN E CORP NEW,Telecom,31.79,1306.66437,23,3,0.11984581117818816
PNFP,PINNACLE FINANCIAL PARTNERS INC,Financials,87.22,6695.617740000001,23,3,0.3238408656310312
BOH,BANK OF HAWAII CORP,Financials,72.46,2880.35746,23,3,0.026269948412719568
CNS,COHEN & STEERS INC,Financials,75.73,3721.2964700000002,23,3,0.2542122155646145
FFIN,FIRST FINANCIAL BANKSHARES INC,Financials,30.3,4296.146100000001,23,3,0.21548064096391695
SITE,SITEONE LANDSCAPE SUPPLY INC,Industrials,162.5,7332.8125,23,3,-0.18910720440395157
PK,PARK HOTELS & RESORTS INC,Real Estate,15.3,3212.7552,23,3,0.009719689799385867
MIR,MIRION TECHNOLOGIES INC,Tech,10.25,2234.213,23,3,0.702441551952713
UGI,U G I CORP NEW,Utilities,24.6,5153.601600000001,23,3,0.21789017654837806
EQT,E Q T CORP,Energy,38.66,15902.09512,23,3,0.21219400171120562
DRQ,DRIL QUIP INC,Energy,23.27,795.43841,23,3,-0.39965620782589983
UVV,UNIVERSAL CORP,Cons Staples,67.32,1653.31188,23,3,-0.13502819413355072
BSX,BOSTON SCIENTIFIC CORP,Health Care,57.81,84690.66723,23,3,0.5450603685891324
LNT,ALLIANT ENERGY CORP,Utilities,51.3,13137.7761,23,3,0.19504011968594814
JPM,JPMORGAN CHASE & CO,Financials,170.10001,491760.48971008,22,3,0.44200387408083963
DO,DIAMOND OFFSHORE DRILLING INC,Energy,13,1330.186,22,3,NA
MGNI,MAGNITE INC,Telecom,9.34,1294.30918,22,3,0.7044954624269562
FCFS,FIRSTCASH HOLDINGS INC,Financials,108.39,4889.25612,22,3,-0.03201447043778061
WTRG,ESSENTIAL UTILITIES INC,Utilities,37.35,10202.7501,22,3,0.005358201606851187
HTLD,HEARTLAND EXPRESS INC,Industrials,14.26,1127.0961399999999,22,3,-0.20789228019971784
HLIT,HARMONIC INC,Tech,13.04,1465.7872799999998,22,3,0.014568610207826405
AFL,AFLAC INC,Financials,82.5,48211.35,22,3,0.2799396057804473
IPAR,INTERMEDIATE PARFUMS INC,Cons Staples,144.00999,4609.03972995,22,3,-0.06533904034745941
NBHC,NATIONAL BANK HOLDINGS CORP,Financials,37.19,1404.3315899999998,22,3,0.19074154544700517
ACT,ENACT HOLDINGS INC,Financials,28.89,4603.44816,22,3,0.14595454857922063
MKC,MCCORMICK & CO INC,Cons Staples,68.42,17193.33022,22,3,0.13929113513465818
PLMR,PALOMAR HOLDINGS INC,Financials,55.5,1374.9015,22,3,0.9025196766243166
HQY,HEALTHEQUITY INC,Health Care,66.3,5688.6062999999995,22,3,0.4472084986204392
ITT,I T T INC,Industrials,119.32,9796.172,22,3,0.2082546131713212
MC,MOELIS & CO,Financials,56.13,3741.9064500000004,22,3,0.36760967377332765
CWST,CASELLA WASTE SYSTEMS INC,Industrials,85.46,4871.81822,22,3,0.23812126787896548
DUOL,DUOLINGO INC,Cons Disc,226.85001,8237.15071311,22,3,0.4292702860923667
RMD,RESMED INC,Health Care,172.02,25302.76584,22,3,0.34195307159164035
D,DOMINION ENERGY INC,Utilities,47,39329.459,21,3,0.20390574937069306
EVCM,EVERCOMMERCE INC,Tech,11.03,2061.88202,21,3,-0.0018130383596253186
LBRDK,LIBERTY BROADBAND CORP,Telecom,80.59,9969.385950000002,21,3,-0.0723415819058214
FLR,FLUOR CORP NEW,Industrials,39.17,6673.58875,21,3,0.25912599386836654
PAR,PAR TECHNOLOGY CORP,Tech,43.54,1220.0343400000002,21,3,0.6690399622039365
MU,MICRON TECHNOLOGY INC,Tech,85.34,94207.59406,21,3,-0.009340308648106754
PECO,PHILLIPS EDISON & COMPANY INC,Real Estate,36.48,4451.43552,21,3,0.061740400962184694
STAA,STAAR SURGICAL CO,Health Care,31.21,1524.2651899999998,21,3,-0.22172302521587262
CBSH,COMMERCE BANCSHARES INC,Financials,53.41,6967.494729999999,21,3,0.24789679850619661
WHD,CACTUS INC,Energy,45.4,2933.2486,21,3,0.29754100549495743
SYBT,STOCK YARDS BANCORP INC,Financials,51.49,1510.15021,21,3,0.42090350990506953
USLM,UNITED STATES LIME MINERALS INC,Materials,230.35001,1314.14680705,21,3,1.8889057451605753
CRK,COMSTOCK RESOURCES INC,Energy,8.85,2464.09665,21,3,1.0587565605592744
KEX,KIRBY CORP,Industrials,78.48,4638.168,21,3,0.34811478033757837
TDG,TRANSDIGM GROUP INC,Industrials,1011.59998,55955.64129372,21,3,0.3248954100922501
TRNS,TRANSCAT INC,Industrials,109.33,965.2745699999999,21,3,-0.032838276278873146
TOWN,TOWNEBANK,Financials,29.76,2228.81568,21,3,0.18270104804376563
AXON,AXON ENTERPRISE INC,Industrials,258.32999,19452.50657699,21,3,1.3006273437092344
Z,ZILLOW GROUP INC,Real Estate,57.86,9943.47244,21,3,0.2798136017040962
SO,SOUTHERN CO,Utilities,70.12,76474.20428,20,3,0.21658891115405043
LULU,LULULEMON ATHLETICA INC,Cons Disc,511.29001,61904.43796075,20,3,-0.2520679461525904
GME,GAMESTOP CORP NEW,Cons Disc,17.53,5355.66042,20,3,0.7877917322179364
KNF,KNIFE RIVER CORP,Materials,66.18,3743.5378800000003,20,3,0.5358118297652796
MKTX,MARKETAXESS HLDGS INC,Financials,292.85001,11099.015379,20,3,-0.2155960231670201
LANC,LANCASTER COLONY CORP,Cons Staples,166.39,4579.21919,20,3,0.06119753939111727
CMG,CHIPOTLE MEXICAN GRILL INC,Cons Disc,2286.95996,62765.6161022,20,3,0.31834510748082523
ALGN,ALIGN TECHNOLOGY INC,Health Care,274,20570.55,20,3,-0.2390151442672347
EXC,EXELON CORP,Utilities,35.9,35864.1,20,3,0.09084100104693826
ALB,ALBEMARLE CORP,Materials,144.48,16955.161439999996,20,2,-0.3944952019461788
PANW,PALO ALTO NETWORKS INC,Tech,294.88,92975.664,20,2,0.23412884340752793
MGEE,M G E ENERGY INC,Utilities,72.31,2614.94653,20,2,0.3277088018289369
XPO,X P O INC,Industrials,87.59,10158.07507,20,2,0.4973177624803722
USPH,U S PHYSICAL THERAPY INC,Health Care,93.14,1395.88918,20,2,-0.030512930532585858
MLNK,MERIDIANLINK INC,Tech,24.77,1956.50799,20,2,-0.1663304719390073
CSGP,COSTAR GROUP INC,Real Estate,87.39,35663.859,20,2,-0.1807986898120414
KLIC,KULICKE & SOFFA INDS INC,Tech,54.72,3091.4064,20,2,-0.13282258577484096
ATI,A T I INC,Industrials,45.47,5800.926189999999,20,2,0.21047009167413822
FI,FISERV INC,Financials,132.84,79728.70823999999,20,2,0.5463710409579094
FG,F & G ANNUITIES & LIFE INC,Financials,46,5772.862,19,2,-0.08033609530394714
EXPI,E X P WORLD HOLDINGS INC,Real Estate,15.52,2400.46288,19,2,-0.2455679553527167
SRE,SEMPRA ENERGY,Utilities,74.73,47029.68144000001,19,2,0.21095608321923764
CPNG,COUPANG INC,Cons Disc,16.19,26114.227150000002,19,2,0.3576260487658618
NEO,NEOGENOMICS INC,Health Care,16.18,2060.83042,19,2,0.01854059605674796
WSBC,WESBANCO INC,Financials,31.37,1862.6251200000002,19,2,0.08845412584753531
BLK,BLACKROCK INC,Financials,811.79999,120764.99011238,19,2,0.29198059850302593
SNOW,SNOWFLAKE INC,Tech,199,65530.7,19,2,-0.2240712006569432
GRC,GORMAN RUPP CO,Industrials,35.53,930.6728200000001,19,2,0.08768257174293437
CPK,CHESAPEAKE UTILITIES CORP,Utilities,105.63,2287.52328,19,2,0.17424901208053956
HLI,HOULIHAN LOKEY INC,Financials,119.91,6208.9398,19,2,0.47067124261883597
RVTY,REVVITY INC,Health Care,109.31,13489.61917,19,2,0.023578204349085974
INTC,INTEL CORP,Tech,50.25,212457,19,2,-0.5959363409245461
UFPT,U F P TECHNOLOGIES INC,Health Care,172.03999,1314.3855236,19,2,0.42123801273147743
TROW,T ROWE PRICE GROUP INC,Financials,107.69,24115.88322,19,2,0.09632943616416245
BILL,B I L L HOLDINGS INC,Tech,81.59,8710.22204,19,2,0.03824042724253207
COLB,COLUMBIA BANKING SYSTEM INC,Financials,26.68,5565.047799999999,19,2,0.07920721629332239
GSAT,GLOBALSTAR INC,Telecom,1.94,3686,19,2,0.06701018402791892
ORA,ORMAT TECHNOLOGIES INC,Utilities,75.79,4574.22966,19,2,-0.10066902109350784
MRCY,MERCURY SYSTEMS INC,Industrials,36.57,2105.11548,18,2,0.1484807629281395
MSEX,MIDDLESEX WATER CO,Utilities,65.62,1169.41402,18,2,-0.17953786677608974
CWT,CALIFORNIA WATER SERVICE GROUP,Utilities,51.87,2993.4695699999997,18,2,-0.10648181995321349
CHWY,CHEWY INC,Cons Disc,23.63,2840.75134,18,2,0.41726696136932273
VEEV,VEEVA SYSTEMS INC,Health Care,192.52,30998.800320000002,18,2,0.09209711820505384
NOV,N O V INC,Energy,20.28,7988.83956,18,2,-0.2682453435710287
IRBT,IROBOT CORP,Cons Disc,38.7,1082.2068000000002,18,2,-0.7997416342346265
SJW,S J W GROUP,Utilities,65.35,2086.8215499999997,18,2,-0.22510197696293333
NEE,NEXTERA ENERGY INC,Utilities,60.74,124620.74392000001,18,2,0.21553884066030826
CVBF,C V B FINANCIAL CORP,Financials,20.19,2813.37555,18,2,0.12029320709920821
GBCI,GLACIER BANCORP INC NEW,Financials,41.32,4581.6442400000005,18,2,0.25151880302046536
ENPH,ENPHASE ENERGY INC,Tech,132.14,17934.30508,18,2,-0.4802486824211769
PTLO,PORTILLOS INC,Cons Disc,15.93,884.14686,18,2,-0.40991822772192443
LAZR,LUMINAR TECHNOLOGIES INC,Cons Disc,3.37,1087.6439100000002,18,2,-0.8935704161440524
AEE,AMEREN CORP,Utilities,72.34,19021.441300000002,18,2,0.2742361738645349
RDN,RADIAN GROUP INC,Financials,28.55,4372.718,18,2,0.14463508134578262
NABL,N ABLE INC,Tech,13.25,2423.78275,18,2,-0.2950943836216333
MCW,MISTER CAR WASH INC,Cons Disc,8.64,2713.5648,18,2,-0.15625055271956312
CHCO,CITY HOLDING CO,Financials,110.26,1635.37632,18,2,0.10354465139165558
PGNY,PROGYNY INC,Health Care,37.18,3582.25582,17,2,-0.5360405583632768
SVV,SAVERS VALUE VILLAGE INC,Cons Disc,17.38,2788.67314,17,2,-0.410241687470679
CERT,CERTARA INC,Health Care,17.59,2811.7263199999998,17,2,-0.39454256204962923
ONB,OLD NATIONAL BANCORP,Financials,16.89,4942.942950000001,17,2,0.32424724911002034
KURA,KURA ONCOLOGY INC,Health Care,14.38,1069.153,17,2,-0.39429719825703236
BLBD,BLUE BIRD CORP,Industrials,26.96,868.08504,17,2,0.43286408879124294
LZ,LEGALZOOM COM INC,Industrials,11.3,2130.4793999999997,17,2,-0.33539778888969374
SITM,SITIME CORP,Tech,122.08,2770.23936,17,2,0.7572904739824224
ALGM,ALLEGRO MICROSYSTEMS INC,Tech,30.27,5843.56296,17,2,-0.27783201150637094
GRND,GRINDR INC,Telecom,8.78,1536.39464,17,2,1.031887755945045
PEBO,PEOPLES BANCORP INC,Financials,33.76,1189.196,17,2,-0.012014741290592656
GATX,G A T X CORP,Industrials,120.22,4267.81,17,2,0.31112461574477224
WABC,WESTAMERICA BANCORPORATION,Financials,56.41,1504.51111,17,2,-0.037214905459201586
IESC,I E S HOLDINGS INC,Industrials,79.22,1601.35308,17,2,1.536729519080569
BX,BLACKSTONE INC,Financials,130.92,93024.5514,17,2,0.3507103680522379
HOMB,HOME BANCSHARES INC,Financials,25.33,5110.8594299999995,17,2,0.14940043443085815
PARR,PAR PACIFIC HOLDINGS INC,Energy,36.37,2200.385,17,2,-0.5493535292921328
CCCS,C C C INTEL SOLUTIONS HLDGS INC,Tech,11.39,6869.6393100000005,17,2,0.029848381157734583
HFWA,HERITAGE FINANCIAL CORP WA,Financials,21.39,746.63934,17,2,0.19660552911598805
ANIP,A N I PHARMACEUTICALS INC,Health Care,55.14,1128.5503800000001,16,2,0.0025376737274582783
INFA,INFORMATICA INC,Tech,28.39,7014.516030000001,16,2,-0.08664872258324818
AGL,AGILON HEALTH INC,Health Care,12.55,5095.814550000001,16,2,-0.8486053793432996
SEAT,VIVID SEATS INC,Telecom,6.32,846.0963200000001,16,2,-0.26740389087258976
PI,IMPINJ INC,Tech,90.03,2445.75498,16,2,0.6134639515739033
CTOS,CUSTOM TRUCK ONE SOURCE INC,Industrials,6.18,1500.9984,16,2,-0.22168321297891647
MTG,M G I C INVESTMENT CORP WIS,Financials,19.29,5349.3291899999995,16,2,0.25554996963825705
MIRM,MIRUM PHARMACEUTICALS INC,Health Care,29.52,1379.26296,16,2,0.40074385265471446
OWL,BLUE OWL CAPITAL INC,Financials,14.9,6790.660100000001,16,2,0.6173743292741354
TRU,TRANSUNION,Industrials,68.71,13309.126999999999,16,2,0.35591128474438793
NFE,NEW FORTRESS ENERGY INC,Energy,37.73,7735.819629999999,16,2,-0.5916758736579493
IRDM,IRIDIUM COMMUNICATIONS INC,Telecom,41.16,5053.46016,16,2,-0.2809898174034222
NKLA,NIKOLA CORP,Industrials,0.8748,1163.5566084,16,2,-0.9546563565789093
SFBS,SERVISFIRST BANCSHARES INC,Financials,66.63,3627.00405,16,2,0.2869535878671152
RGLD,ROYAL GOLD INC,Materials,120.96,7938.84672,16,2,0.10367494054343895
CNK,CINEMARK HOLDINGS INC,Telecom,14.09,1713.5271699999998,16,2,1.198723247065093
WBS,WEBSTER FINANCIAL CORP,Financials,50.76,8732.4966,16,2,0.12306809340463198
AUR,AURORA INNOVATION INC,Tech,4.37,5105.908,16,2,0.4416481155685281
ADEA,ADEIA INC,Tech,12.39,1330.48776,16,2,0.14751776488191304
KKR,K K R & CO INC,Financials,82.85,73322.99565,15,2,0.795776478531683
RES,R P C INC,Energy,7.28,1574.13984,15,2,-0.16454704777704465
XNCR,XENCOR INC,Health Care,21.23,1294.98754,15,2,0.08242934020819881
PB,PROSPERITY BANCSHARES INC,Financials,67.73,6347.31695,15,2,0.1498332645837317
SWN,SOUTHWESTERN ENERGY CO,Energy,6.55,7214.582649999999,15,2,NA
VRT,VERTIV HOLDINGS CO,Industrials,48.03,18320.65926,15,2,1.3681791884271668
APD,AIR PRODUCTS & CHEMICALS INC,Materials,273.79999,60846.02417772,15,2,0.08033428921824859
ZS,ZSCALER INC,Tech,221.56,32864.65948,15,2,-0.1857284839572032
AAON,AAON INC,Industrials,73.87,6020.99596,15,2,0.5981001362329368
KTOS,KRATOS DEFENSE & SECUR SOLS INC,Industrials,20.29,2623.23323,15,2,0.30014638476945854
DOCN,DIGITALOCEAN HOLDINGS INC,Tech,36.69,3155.6702099999998,15,2,-0.07140783609144363
HL,HECLA MINING CO,Materials,4.81,2973.70073,15,2,0.028128647936666695
CNX,C N X RESOURCES CORP,Energy,20,3177.06,15,2,0.8334967178631196
ACLS,AXCELIS TECHNOLOGIES INC,Tech,129.69,4238.91765,15,2,-0.4612529721870421
TOST,TOAST INC,Financials,18.26,7765.284120000001,15,2,0.9961652927141751
OLMA,OLEMA PHARMACEUTICALS INC,Health Care,14.03,766.06606,15,2,-0.5844618808153379
AVAV,AEROVIRONMENT INC,Industrials,126.04,3546.1354000000006,15,2,0.2209596748740199
RYAN,RYAN SPECIALTY HOLDINGS INC,Financials,43.02,5089.2229800000005,15,2,0.5082644890729338
TFSL,TFS FINANCIAL CORP,Financials,14.69,4123.64459,14,2,-0.0660180672392231
FOLD,AMICUS THERAPEUTICS INC,Health Care,14.19,4166.09886,14,2,-0.3361513491905377
APPN,APPIAN CORP,Tech,37.66,1588.1222,14,2,-0.12426788448735904
PWSC,POWERSCHOOL HOLDINGS INC,Tech,23.56,3870.5781599999996,14,2,NA
ACMR,A C M RESEARCH INC,Tech,19.54,1094.94344,14,2,-0.227225998134317
LOB,LIVE OAK BANCSHARES INC,Financials,45.5,2023.931,14,2,-0.1281555598640357
NSSC,NAPCO SECURITY TECHNOLOGIES INC,Tech,34.25,1259.7835,14,2,0.04945427142344028
AZTA,AZENTA INC,Health Care,65.14,3629.47052,14,2,-0.23242249208633314
DV,DOUBLEVERIFY HOLDINGS INC,Telecom,36.78,6252.08508,14,2,-0.4777063664974873
HCI,H C I GROUP INC,Financials,87.4,837.9912,14,2,0.3543891779221058
MTZ,MASTEC INC,Industrials,75.72,5968.477559999999,14,2,0.7979390161128728
FWONK,LIBERTY MEDIA CORP 3RD NEW,Telecom,63.13,13143.413480000001,14,2,0.46776431295903165
PTGX,PROTAGONIST THERAPEUTICS INC,Health Care,22.93,1323.2673699999998,14,2,0.6833836021135526
RBCAA,REPUBLIC BANCORP INC KY,Financials,55.16,948.91748,14,2,0.3020379582321553
AMZN,AMAZON COM INC,Cons Disc,151.94,1556169.48,14,2,0.4439292549680771
KNSL,KINSALE CAPITAL GROUP INC,Financials,334.91,7760.869430000001,14,2,0.3906022788088146
AEL,AMERICAN EQUITY INVT LIFE HLDG C,Financials,55.8,4409.595,14,2,NA
ZWS,ZURN ELKAY WATER SOLUTIONS CORP,Industrials,29.41,5082.37151,14,2,0.28075243066359135
SBCF,SEACOAST BANKING CORP FLA,Financials,28.46,2415.14406,14,2,-0.005310153340031598
VERX,VERTEX INC,Tech,26.94,1643.04366,13,2,0.9803274253973748
ATRC,ATRICURE INC,Health Care,35.69,1696.20294,13,2,-0.1437375300886966
NFLX,NETFLIX INC,Telecom,486.88,210702.1888,13,2,0.8306768791875043
PEG,PUBLIC SERVICE ENTERPRISE GP INC,Utilities,61.15,30471.9011,13,2,0.4249500071553374
LVS,LAS VEGAS SANDS CORP,Cons Disc,49.21,37073.28849,13,2,0.061554433449753976
CFFN,CAPITOL FEDERAL FINANCIAL INC,Financials,6.45,863.7066,13,2,-0.029421260315345976
ACVA,A C V AUCTIONS INC,Industrials,15.15,2100.35055,13,2,0.42574330485159706
INFN,INFINERA CORP,Tech,4.75,1097.2215,13,2,0.3831586736040309
BA,BOEING CO,Industrials,260.66,157693.30482000002,13,2,-0.32095487374381726
FLYW,FLYWIRE CORP,Financials,23.15,2794.08925,13,2,-0.1092875309157838
FRHC,FREEDOM HOLDING CORP,Financials,80.6,4808.515399999999,13,2,0.6214669496490008
PLNT,PLANET FITNESS INC,Cons Disc,73,6237.047,13,2,0.3543840500361941
BANR,BANNER CORP,Financials,53.56,1839.6788800000002,13,2,0.2926858096089442
ROVR,ROVER GROUP INC,Cons Disc,10.88,1952.22016,13,2,NA
PAYC,PAYCOM SOFTWARE INC,Industrials,206.72,12450.33216,13,2,-1.258033054613028e-4
ABNB,AIRBNB INC,Cons Disc,136.14,59629.31999999999,13,2,-0.03474438041409045
FCNCA,FIRST CITIZENS BANCSHARES INC NC,Financials,1418.96997,19177.379144550003,13,2,0.49458493070452314
ICVX,ICOSAVAX INC,Health Care,15.76,789.4184,13,2,NA
GERN,GERON CORP,Health Care,2.11,1149.7643199999998,13,2,0.677724819465368
UI,UBIQUITI INC,Tech,139.56,8436.12288,12,2,1.4112667981587603
STEL,STELLAR BANCORP INC,Financials,27.84,1482.81408,12,2,0.03983043648910645
ZUO,ZUORA INC,Tech,9.4,1269,12,2,0.055318565804889364
RYTM,RHYTHM PHARMACEUTICALS INC,Health Care,45.97,2731.85919,12,2,0.2177494814324461
MRVL,MARVELL TECHNOLOGY INC,Tech,60.31,52137.995,12,2,0.8376784784587956
ZI,ZOOMINFO TECHNOLOGIES INC,Telecom,18.49,7115.525189999999,12,2,-0.431583967340348
DH,DEFINITIVE HEALTHCARE CORP,Health Care,9.94,1158.62628,12,2,-0.5865183300108725
VICR,VICOR CORP,Industrials,44.94,1470.4367999999997,12,2,0.07521134654865036
PCG,P G & E CORP,Utilities,18.03,38467.14924,12,2,0.12251025160073414
CRGY,CRESCENT ENERGY CO,Energy,13.21,1170.5248900000001,12,2,0.14830908101814466
APLS,APELLIS PHARMACEUTICALS INC,Health Care,59.86,7156.62216,12,2,-0.4669233739623262
PSTG,PURE STORAGE INC,Tech,35.66,11267.597179999999,12,2,0.7226569782010999
KW,KENNEDY WILSON HOLDINGS INC,Real Estate,12.38,1725.66058,12,2,-0.14092388268720635
FND,FLOOR & DECOR HOLDINGS INC,Cons Disc,111.56,11888.949200000001,12,2,-0.10631123252712782
SHC,SOTERA HEALTH CO,Health Care,16.85,4765.6855,12,2,-0.18813320681192003
HUT,HUT 8 CORP,Tech,13.34,1186.76642,12,2,0.535981924878441
CRM,SALESFORCE INC,Tech,263.14001,254719.52968,12,2,0.2775830882888637
LNG,CHENIERE ENERGY INC,Energy,170.71001,40672.513432550004,12,2,0.27149596043223334
YOU,CLEAR SECURE INC,Tech,20.65,1857.9217999999998,12,2,0.3328505248538025
AVXL,ANAVEX LIFE SCIENCES CORP,Health Care,9.31,764.2299700000001,11,2,0.15360024689873675
BKNG,BOOKING HOLDINGS INC,Cons Disc,3547.21997,122017.27252806,11,2,0.4125392276337929
MDXG,MIMEDX GROUP INC,Health Care,8.77,1282.4195599999998,11,2,0.09692068513205188
TPL,TEXAS PACIFIC LAND CORP,Energy,1572.44995,12068.553366249998,11,2,1.1490719184651912
AMAM,AMBRX BIOPHARMA INC DE,Health Care,14.24,899.256,11,2,NA
MNKD,MANNKIND CORP,Health Care,3.64,982.92376,11,2,0.7664822952334527
ARES,ARES MANAGEMENT CORP,Financials,118.92,22070.00604,11,2,0.5265048094180651
CRS,CARPENTER TECHNOLOGY CORP,Industrials,70.8,3490.8648,11,2,1.4169879521152713
ALXO,ALX ONCOLOGY HOLDINGS INC,Health Care,14.89,743.7852800000001,11,2,-0.8878445194467827
GSHD,GOOSEHEAD INSURANCE INC,Financials,75.8,1892.4227999999998,11,2,0.4145138257884484
PTEN,PATTERSON U T I ENERGY INC,Energy,10.8,4440.906,11,2,-0.2082400971274535
PODD,INSULET CORP,Health Care,216.98,15168.42086,11,2,0.20319841995526922
NYCB,NEW YORK COMMUNITY BANCORP INC,Financials,10.23,7391.05224,11,2,-0.6912599583315557
PDFS,P D F SOLUTIONS INC,Tech,32.14,1230.60846,11,2,-0.15743676793089556
DSGR,DISTRIBUTION SOLUTIONS GROUP INC,Industrials,31.56,1475.68248,11,2,0.08998817978489426
SEDG,SOLAREDGE TECHNOLOGIES INC,Tech,93.6,5346.7128,11,2,-0.8547009512583963
AXNX,AXONICS INC,Health Care,62.23,3174.8501399999996,11,2,NA
XPEL,XPEL INC,Cons Disc,53.85,1487.8755,11,2,-0.25831029059181376
TRUP,TRUPANION INC,Financials,30.51,1277.1180900000002,11,2,0.5798107798734262
LLYVK,LIBERTY MEDIA CORP 3RD NEW,Telecom,37.39,2377.59271,10,2,0.8202765915011758
PAYO,PAYONEER GLOBAL INC,Financials,5.21,1863.0439,10,2,0.9270657445585195
FNA,PARAGON 28 INC,Health Care,12.43,1027.97343,10,2,-0.16894565989997856
DBD,DIEBOLD NIXDORF INC,Tech,28.95,1087.5646499999998,10,2,0.48670344792977427
AAL,AMERICAN AIRLINES GROUP INC,Industrials,13.74,8989.711019999999,10,2,0.26855595027861145
PUMP,PROPETRO HOLDING CORP,Energy,8.38,923.79444,10,2,0.11336402454824523
BBIO,BRIDGEBIO PHARMA INC,Health Care,40.37,7068.10071,10,2,-0.32028660353264005
AMPS,ALTUS POWER INC,Utilities,6.83,1085.9017,10,2,-0.40409987456465246
CTKB,CYTEK BIOSCIENCES INC,Health Care,9.12,1192.1208,10,2,-0.28837647323387594
VVI,VIAD CORP,Cons Disc,36.2,757.2678000000001,10,1,0.17430778013430648
RLAY,RELAY THERAPEUTICS INC,Health Care,11.01,1403.3566199999998,10,1,-0.6257948044471482
ALPN,ALPINE IMMUNE SCIENCES INC,Health Care,19.06,1249.5736,10,1,NA
SLAB,SILICON LABORATORIES INC,Tech,132.27,4219.01619,10,1,-0.060860423777690964
SAVA,CASSAVA SCIENCES INC,Health Care,22.51,950.7548700000001,10,1,-0.8951581102935509
LFST,LIFESTANCE HEALTH GROUP INC,Health Care,7.83,2965.41675,10,1,-0.05874867381927973
SHEN,SHENANDOAH TELECOM CO,Telecom,21.62,1086.88064,10,1,-0.4123682890843533
AES,A E S CORP,Utilities,19.25,12890.35825,10,1,-0.3020241976321262
FOUR,SHIFT4 PAYMENTS INC,Financials,74.34,4229.2026000000005,10,1,0.3960179521716187
GETY,GETTY IMAGES HOLDINGS INC,Telecom,5.25,2115.62925,10,1,-0.5885717734983624
DYN,DYNE THERAPEUTICS INC,Health Care,13.3,817.5377000000001,9,1,0.7714282190827684
SHAK,SHAKE SHACK INC,Cons Disc,74.12,2925.36816,9,1,0.7512160417835447
AMRC,AMERESCO INC,Industrials,31.67,1084.22245,9,1,-0.2586051282143935
RARE,ULTRAGENYX PHARMACEUTICALS INC,Health Care,47.82,3935.87292,9,1,-0.12024433462380246
JOE,ST JOE CO,Real Estate,60.18,3512.82696,9,1,-0.2464476867991029
IAS,INTEGRAL AD SCIENCE HOLDING CORP,Telecom,14.39,2284.5276200000003,9,1,-0.27449672139675363
COCO,VITA COCO CO INC,Cons Staples,25.65,1459.4593499999999,9,1,0.43898671663359656
GBTG,GLOBAL BUSINESS TRAVEL GROUP INC,Cons Disc,6.45,3012.29835,9,1,0.43876044674716463
CALX,CALIX INC,Tech,43.69,2877.72923,9,1,-0.20187601565631874
KNTK,KINETIK HOLDINGS INC,Energy,33.4,1907.0397999999998,9,1,0.8286889458874187
ICUI,I C U MEDICAL INC,Health Care,99.74,2407.82334,9,1,0.5557426614810344
WYNN,WYNN RESORTS LTD,Cons Disc,91.11,10180.35807,9,1,-0.04396814553457462
APG,A P I GROUP CORP,Industrials,34.6,8150.3414,9,1,0.0395949503685753
HIMS,HIMS & HERS HEALTH INC,Health Care,8.9,1812.1824000000001,9,1,1.7168568977034697
BE,BLOOM ENERGY CORP,Industrials,14.8,3315.9252,9,1,0.500675830688361
LTHM,LIVENT CORP,Materials,17.98,3233.01976,9,1,NA
MELI,MERCADOLIBRE INC,Cons Disc,1571.54004,79672.36540788,9,1,0.08201963321212613
BLFS,BIOLIFE SOLUTIONS INC,Health Care,16.25,733.96375,9,1,0.5975404981548351
CNMD,CONMED CORP,Health Care,109.51,3367.65152,9,1,-0.3680776816493251
LBRT,LIBERTY ENERGY INC,Energy,18.14,3058.54912,8,1,0.11236764101291397
WRBY,WARBY PARKER INC,Cons Disc,14.1,1380.7425,8,1,0.7170168831583579
NOG,NORTHERN OIL & GAS INC,Energy,37.07,3725.83156,8,1,0.04727288696947096
ZYME,ZYMEWORKS INC DE,Health Care,10.39,728.50524,8,1,0.40904718397986506
TSLA,TESLA INC,Cons Disc,248.48,791408.8,8,1,0.6252424044905975
SG,SWEETGREEN INC,Cons Disc,11.3,1123.2426,8,1,1.8371728323329979
WBD,WARNER BROS DISCOVERY INC,Telecom,11.38,27755.820000000003,8,1,-0.07117779038339744
MASI,MASIMO CORP,Health Care,117.21,6201.9327299999995,8,1,0.4102888676158516
RBLX,ROBLOX CORP,Telecom,45.72,26227.32372,8,1,0.2655299675910925
MODN,MODEL N INC,Tech,26.93,1043.91452,8,1,NA
LTH,LIFE TIME GROUP HOLDINGS INC,Cons Disc,15.08,2961.84772,8,1,0.4668434256252889
CLB,CORE LABORATORIES INC,Energy,17.66,825.14584,8,1,-0.017653726162123018
IOVA,IOVANCE BIOTHERAPEUTICS INC,Health Care,8.13,2082.3856800000003,8,1,-0.08979202214263404
ASPN,ASPEN AEROGELS INC,Materials,15.78,1204.2980400000001,8,1,-0.24714774468993628
FLNC,FLUENCE ENERGY INC,Industrials,23.85,3028.1868000000004,8,1,-0.3341701608136468
SNDX,SYNDAX PHARMACEUTICALS INC,Health Care,21.61,1833.11147,8,1,-0.38824612737359165
XMTR,XOMETRY INC,Industrials,35.91,1633.5099899999998,8,1,0.18796995599893251
LYV,LIVE NATION ENTERTAINMENT INC,Telecom,93.6,21558.42,8,1,0.38354827655646395
PRVA,PRIVIA HEALTH GROUP INC,Health Care,23.03,2722.53751,8,1,-0.15110634668010825
FSLR,FIRST SOLAR INC,Tech,172.28,18407.60116,7,1,0.022985466257776643
RUN,SUNRUN INC,Industrials,19.63,4306.66496,7,1,-0.5287822349622013
FCEL,FUELCELL ENERGY INC,Industrials,1.6,722.8864,7,1,-0.8116667272094089
DOCU,DOCUSIGN INC,Tech,59.45,12123.8763,7,1,0.5128682631303243
ADMA,ADMA BIOLOGICS INC,Health Care,4.52,1021.8047599999999,7,1,2.7942506651753325
ENTG,ENTEGRIS INC,Tech,119.82,18016.61448,7,1,-0.17044378198609467
PEN,PENUMBRA INC,Health Care,251.53999,9708.43745404,7,1,-0.055896713471437764
DMRC,DIGIMARC CORP NEW,Tech,36.12,736.08948,7,1,0.036822485781554226
SQ,BLOCK INC,Financials,77.35,42818.56215,7,1,0.09877092687656064
NXT,NEXTRACKER INC,Industrials,46.85,2909.8535,7,1,-0.22027876804423807
PACB,PACIFIC BIOSCIENCES CALIF INC,Health Care,9.81,2626.56864,7,1,-0.8134555129737029
ITCI,INTRA CELLULAR THERAPIES INC,Health Care,71.62,6902.735600000001,7,1,0.16615525723252822
SPWR,SUNPOWER CORP,Industrials,4.83,846.99363,7,1,NA
CRNX,CRINETICS PHARMACEUTICALS INC,Health Care,35.58,2425.6665,7,1,0.43704656158269617
AEHR,AEHR TEST SYSTEMS,Tech,26.53,765.3639700000001,7,1,-0.37316249046691363
AZPN,ASPEN TECHNOLOGY INC NEW,Tech,220.14999,14006.162513790001,7,1,0.1339090045320872
STEP,STEPSTONE GROUP INC,Financials,31.83,2039.3162699999998,7,1,0.858593166525397
AFRM,AFFIRM HOLDINGS INC,Financials,49.14,12679.8399,7,1,0.23931349939359436
RVMD,REVOLUTION MEDICINES INC,Health Care,28.68,4722.879,7,1,0.5251027861264621
QS,QUANTUMSCAPE CORP,Cons Disc,6.95,2986.32465,6,1,-0.2532375042040659
CBAY,CYMABAY THERAPEUTICS INC,Health Care,23.62,2689.4913,6,1,NA
HOOD,ROBINHOOD MARKETS INC,Financials,12.74,9496.42148,6,1,1.9246428146807886
SDGR,SCHRODINGER INC,Health Care,35.8,2254.5765999999994,6,1,-0.46117302683188266
PLRX,PLIANT THERAPEUTICS INC,Health Care,18.11,1085.16931,6,1,-0.27277831338391434
LVWR,LIVEWIRE GROUP INC,Cons Disc,11.31,2290.77264,6,1,-0.5747123233609595
SWTX,SPRINGWORKS THERAPEUTICS INC,Health Care,36.5,2682.2755,6,1,-0.010137408174247575
VRDN,VIRIDIAN THERAPEUTICS INC,Health Care,21.78,1175.81508,6,1,-0.11983384249069773
FIGS,F I G S INC,Cons Disc,6.95,1119.7770500000001,6,1,-0.10935291403472946
EVEX,EVE HOLDING INC,Industrials,7.32,1971.7078800000002,6,1,-0.2568315591518444
LQDA,LIQUIDIA CORP,Health Care,12.03,825.6188999999999,6,1,-0.022444133151125145
RXRX,RECURSION PHARMACEUTICALS INC,Health Care,9.86,2230.9728999999998,6,1,-0.31440137351748687
CHEF,CHEFS WAREHOUSE INC,Cons Staples,29.43,1167.3703799999998,6,1,0.6758418499799907
RAPT,R A P T THERAPEUTICS INC,Health Care,24.85,854.7903,6,1,-0.9364185028975527
NPWR,N E T POWER INC,Industrials,10.1,717.3727,6,1,0.04851507994209414
AMD,ADVANCED MICRO DEVICES INC,Tech,147.41,238214.56,6,1,-0.18058651414609328
HLVX,HILLEVAX INC,Health Care,16.05,765.0393,6,1,-0.8710282350171039
BVH,BLUEGREEN VACATIONS HOLDING CORP,Cons Disc,75.12,1005.7065600000001,6,1,NA
AI,C3 AI INC,Tech,28.71,3340.83915,6,1,0.1992320200372968
U,UNITY SOFTWARE INC,Tech,40.89,15538.97691,5,1,-0.4504772721045587
WTTR,SELECT WATER SOLUTIONS INC,Energy,7.59,788.73003,5,1,0.7839038980436741
ARRY,ARRAY TECHNOLOGIES INC,Industrials,16.8,2540.8656,5,1,-0.6404762770364177
LNTH,LANTHEUS HOLDINGS INC,Health Care,62,4248.488,5,1,0.4429021303122884
ARVN,ARVINAS INC,Health Care,41.16,2798.88,5,1,-0.5342564090714244
TDW,TIDEWATER INC NEW,Energy,72.11,3767.81961,5,1,-0.2412973871952654
DDOG,DATADOG INC,Tech,121.38,37068.8451,5,1,0.1772114060679828
SMCI,SUPER MICRO COMPUTER INC,Tech,284.26001,15894.966979170002,5,1,0.07225671974888104
BATRK,ATLANTA BRAVES HOLDINGS INC,Telecom,39.58,2001.87724,5,1,-0.03335036483622522
SHLS,SHOALS TECHNOLOGIES GROUP INC,Industrials,15.54,2643.6181799999995,5,1,-0.6441443657671528
RIOT,RIOT PLATFORMS INC,Tech,15.47,3571.04839,5,1,-0.3400121975063246
KRYS,KRYSTAL BIOTECH INC,Health Care,124.06,3503.0822200000002,5,1,0.2627772738967358
OSCR,OSCAR HEALTH INC,Financials,9.15,1745.95725,5,1,0.4688533176121432
CLSK,CLEANSPARK INC,Tech,11.03,2046.67165,5,1,-0.165004050256099
WDAY,WORKDAY INC,Tech,276.06,57696.54,5,1,-0.06531163883285307
CELH,CELSIUS HOLDINGS INC,Cons Staples,54.52,12637.02724,5,1,-0.5168755444545835
RNA,AVIDITY BIOSCIENCES INC,Health Care,9.05,717.43875,5,1,2.213269295887489
SOFI,SOFI TECHNOLOGIES INC,Financials,9.95,9709.826899999998,5,1,0.5477412728623583
IONQ,IONQ INC,Tech,12.39,2536.29495,4,1,2.371266646994772
RKLB,ROCKET LAB USA INC,Industrials,5.53,2703.74419,4,1,3.6057870994162418
BRP,B R P GROUP INC,Financials,24.02,1540.49868,4,1,0.6136540474527081
RCKT,ROCKET PHARMACEUTICALS INC,Health Care,29.97,2705.75154,4,1,-0.5805807327385569
CABA,CABALETTA BIO INC,Health Care,22.7,1052.8033,4,1,-0.8999999777804725
RCM,R1 R C M INC NEW,Health Care,10.57,4441.53514,4,1,NA
TMDX,TRANSMEDICS GROUP INC,Health Care,78.93,2578.7220300000004,4,1,-0.21005949835316995
JOBY,JOBY AVIATION INC,Industrials,6.65,4630.521350000001,4,1,0.22255552003638557
NTLA,INTELLIA THERAPEUTICS INC,Health Care,30.49,2835.47853,4,1,-0.6175790463188517
FRPT,FRESHPET INC,Cons Staples,86.76,4187.29788,4,1,0.7071234501363586
DNLI,DENALI THERAPEUTICS INC,Health Care,21.46,2969.7421,4,1,-0.050326249888598795
UEC,URANIUM ENERGY CORP,Energy,6.4,2515.072,4,1,0.045313235721170964
AMLX,AMYLYX PHARMACEUTICALS INC,Health Care,14.72,996.6470400000001,4,1,-0.7432067633615493
NEOG,NEOGEN CORP,Health Care,20.11,4350.01421,4,1,-0.39632172185788106
IMVT,IMMUNOVANT INC,Health Care,42.13,6112.81022,4,1,-0.4120572052482325
NUVL,NUVALENT INC,Health Care,73.59,4314.581700000001,4,1,0.06373082849677547
DNA,GINKGO BIOWORKS HOLDINGS INC,Health Care,1.69,2736.85698,4,1,-0.8547339784578328
LMND,LEMONADE INC,Financials,16.13,1127.87412,4,1,1.2740219429024533
GTLS,CHART INDUSTRIES INC,Industrials,136.33,5828.24383,4,1,0.39983843294687516
TTWO,TAKE TWO INTERACTIVE SOFTWR INC,Telecom,160.95,27441.974999999995,3,1,0.14371018374857436
IDYA,IDEAYA BIOSCIENCES INC,Health Care,35.58,2314.0876200000002,3,1,-0.27768551046495826
ARDX,ARDELYX INC,Health Care,6.2,1441.2086000000002,3,1,-0.1822590974139282
LCID,LUCID GROUP INC,Cons Disc,4.21,9679.859339999999,3,1,-0.2826627996942036
UPST,UPSTART HOLDINGS INC,Financials,40.86,3527.4438,3,1,0.5068522045252426
DAWN,DAY ONE BIOPHARMACEUTICALS INC,Health Care,14.6,1273.5141999999998,3,1,-0.1321911149549576
PCVX,VAXCYTE INC,Health Care,62.8,5988.922,3,1,0.3035024150672003
RGNX,REGENXBIO INC,Health Care,17.95,790.6256999999999,3,1,-0.5693591875868955
INBX,INHIBRX INC,Health Care,38,1800.06,3,1,NA
ENFN,ENFUSION INC,Tech,9.7,817.0212999999999,3,1,0.06185561638783077
IE,IVANHOE ELECTRIC INC,Materials,10.08,1199.9030400000001,3,1,-0.2509914270452399
CAVA,CAVA GROUP INC,Cons Disc,42.98,4883.000779999999,3,1,1.6244787525361666
CERE,CEREVEL THERAPEUTICS HLDGS INC,Health Care,42.4,7712.093599999999,3,1,NA
TGTX,T G THERAPEUTICS INC,Health Care,17.08,2586.32192,3,1,0.76229469828486
IMGN,IMMUNOGEN INC,Health Care,29.65,8282.846099999999,3,1,NA
VKTX,VIKING THERAPEUTICS INC,Health Care,18.61,1863.12154,3,1,1.162276103244861
ASAN,ASANA INC,Tech,19.01,2605.2254500000004,3,1,0.0662804407374884
KVYO,KLAVIYO INC,Tech,27.78,1032.08256,3,1,0.48451956746543723
INDI,INDIE SEMICONDUCTOR INC,Tech,8.11,1352.85343,3,1,-0.5006165468981669
MORF,MORPHIC HOLDING INC,Health Care,28.88,1436.6933599999998,2,1,NA
BROS,DUTCH BROS INC,Cons Disc,31.67,1995.78006,2,1,0.6539330412926738
NARI,INARI MEDICAL INC,Health Care,64.92,3749.90904,2,1,-0.2136477562024729
CIFR,CIPHER MINING INC,Tech,4.13,1201.65654,2,1,0.12348455353842747
EVH,EVOLENT HEALTH INC,Health Care,33.03,3797.1288000000004,2,1,-0.659400519473021
ENVX,ENOVIX CORP,Industrials,12.52,2095.74784,2,1,-0.13179033452954925
IRON,DISC MEDICINE INC,Health Care,57.76,1407.0335999999998,2,1,0.09764433382397764
PLUG,PLUG POWER INC,Industrials,4.5,2727.612,2,1,-0.5266660053236044
NMRA,NEUMORA THERAPEUTICS INC,Health Care,17.05,2708.0856,2,1,-0.3782985091265899
NVTS,NAVITAS SEMICONDUCTOR CORP,Tech,8.07,1446.1117199999999,2,1,-0.5576216962669548
APGE,APOGEE THERAPEUTICS INC,Health Care,27.94,978.8220200000001,2,1,0.6213307999293081
ARWR,ARROWHEAD PHARMACEUTICALS INC,Health Care,30.6,3289.5,2,1,-0.3856202063709886
CRGX,CARGO THERAPEUTICS INC,Health Care,23.15,953.9188999999999,2,1,-0.3771050607552041
SYRE,SPYRE THERAPEUTICS INC,Health Care,21.52,775.94664,2,1,0.08178572165794695
OABI,OMNIAB INC,Health Care,6.17,721.02003,2,1,-0.42625679835777497
AAOI,APPLIED OPTOELECTRONICS INC,Tech,19.32,737.01936,2,1,0.9078648518177306
KIDS,ORTHOPEDIATRICS CORP,Health Care,32.51,760.0187799999999,2,1,-0.2869874766257391
CWAN,CLEARWATER ANALYTICS HLDGS INC,Tech,20.03,2208.00705,2,1,0.37393863601742217
KRUS,KURA SUSHI USA INC,Cons Disc,76,772.388,2,1,0.1918402031319879
KROS,KEROS THERAPEUTICS INC,Health Care,39.76,1265.9981599999999,1,1,-0.6018611607127609
SMMT,SUMMIT THERAPEUTICS INC,Health Care,2.61,1831.3326,1,1,5.837156537729125
MDGL,MADRIGAL PHARMACEUTICALS INC,Health Care,231.38,4598.6775,1,1,0.3336077974250995
WOLF,WOLFSPEED INC,Tech,43.51,5452.89075,1,1,-0.8469319146870481
CLDX,CELLDEX THERAPEUTICS INC,Health Care,39.66,2216.31978,1,1,-0.36283535104780884
SANA,SANA BIOTECHNOLOGY INC,Health Care,4.08,807.25656,1,1,-0.6004901796526378
SLRN,ACELYRIN INC,Health Care,7.46,730.08036,1,1,-0.5790882049549889
EWTX,EDGEWISE THERAPEUTICS INC,Health Care,10.94,770.75582,1,1,1.4405866640015725
ACLX,ARCELLX INC,Health Care,55.5,2901.54,1,1,0.38180349350255827
PRME,PRIME MEDICINE INC,Health Care,8.86,862.76022,1,1,-0.670429434338067
MARA,MARATHON DIGITAL HOLDINGS INC,Tech,23.49,5704.05321,1,1,-0.2860790324863387
CYTK,CYTOKINETICS INC,Health Care,83.49,8485.756619999998,1,1,-0.4365791039869926
LNZA,LANZATECH GLOBAL INC,Industrials,5.03,989.1092600000001,1,1,-0.7276344592167933
ZNTL,ZENTALIS PHARMACEUTICALS INC,Health Care,15.15,1072.1049,1,1,-0.799999954054233
AKRO,AKERO THERAPEUTICS INC,Health Care,23.35,1301.8559000000002,1,1,0.1914340525242968
ARCT,ARCTURUS THERAPEUTICS HLDNGS INC,Health Care,31.53,845.8868400000001,1,1,-0.4617819504167042
SLNO,SOLENO THERAPEUTICS INC,Health Care,40.25,1275.0395,1,1,0.1167716675367565
EYPT,EYEPOINT PHARMACEUTICALS INC,Health Care,23.11,1133.38373,1,1,-0.6776289899381857
ETNB,89BIO INC,Health Care,11.17,1041.81473,1,1,-0.29991082269641123
NOVA,SUNNOVA ENERGY INTERNATIONAL INC,Utilities,15.25,1866.844,0,1,-0.7750820854593292
AXSM,AXSOME THERAPEUTICS INC,Health Care,79.59,3768.66609,0,1,0.06307373463479937
VERV,VERVE THERAPEUTICS INC,Health Care,13.94,1142.6618,0,1,-0.5954081998790588
NEXT,NEXTDECADE CORP,Energy,4.77,1223.505,0,1,0.6163538879309081
CART,MAPLEBEAR INC,Cons Staples,23.47,6549.2096200000005,0,1,0.7648057800477788
RYZB,RAYZEBIO INC,Health Care,62.17,3725.2264,0,1,NA
INSP,INSPIRE MEDICAL SYSTEMS INC,Health Care,203.42999,6006.06702476,0,1,-0.08872871869069099
APLD,APPLIED DIGITAL CORP,Tech,6.74,793.51368,0,1,0.13353106916876412
KRTX,KARUNA THERAPEUTICS INC,Health Care,316.51001,12090.365871990001,0,1,NA
GYRE,GYRE THERAPEUTICS INC,Health Care,25.69,1967.75124,0,1,-0.5290001842849948
