factor,t_stat,n_obs,w,form_date
accruals,3.1165741772910622,49,0.15224142776644733,1999-05-31
asset_growth,1.1661810265785368,49,0.05696673796956666,1999-05-31
bp,0.24093256702604693,60,0.011769306909730921,1999-05-31
cash_ratio,0.7712748734379883,60,0.03767598050069426,1999-05-31
current_ratio,0.8664190382642694,60,0.04232367462661734,1999-05-31
ebitda_ev,1.6721651002166966,60,0.08168353706231694,1999-05-31
ep,1.4321397109316982,60,0.06995854484772195,1999-05-31
fcf_growth,1.1041967243835626,47,0.053938868864435295,1999-05-31
fcfp,3.332295475698283,60,0.16277919025849666,1999-05-31
gross_margin,1.6170055221135162,60,0.07898904867612289,1999-05-31
int_coverage,1.5190542617262213,60,0.07420423083301074,1999-05-31
rev_growth,-0.0592289693728962,49,0,1999-05-31
roa,1.3321018785648773,49,0.0650718001197581,1999-05-31
roe,1.5095351839118927,49,0.07373923371918208,1999-05-31
sp,0.7913866058737062,60,0.03865841784589868,1999-05-31
accruals,3.329433498917868,50,0.16904585664114632,1999-06-30
asset_growth,1.0801578437610115,50,0.054843026017964036,1999-06-30
bp,-0.02505696215849544,61,0,1999-06-30
cash_ratio,0.6012397594170328,61,0.030526841941850798,1999-06-30
current_ratio,0.907234947312474,61,0.046063184290381184,1999-06-30
ebitda_ev,1.3901335291601657,61,0.07058147079941336,1999-06-30
ep,1.2098902356096606,61,0.061429949385344004,1999-06-30
fcf_growth,1.2933925754835534,48,0.06566962697016744,1999-06-30
fcfp,3.5010882604816578,61,0.17776131115450838,1999-06-30
gross_margin,1.8444952551024805,61,0.09365085098431042,1999-06-30
int_coverage,1.427879507165485,61,0.07249795334478962,1999-06-30
rev_growth,-0.34157386511998933,50,0,1999-06-30
roa,1.1911385943734638,50,0.06047786932210483,1999-06-30
roe,1.406201140894607,50,0.071397274205821315,1999-06-30
sp,0.5131606033847127,61,0.026054784942198424,1999-06-30
accruals,3.4725709880995135,51,0.17161316692112843,1999-07-31
asset_growth,1.1312590120375354,51,0.055906399704755284,1999-07-31
bp,-0.09078576940404628,62,0,1999-07-31
cash_ratio,0.5793432744417917,62,0.028630929188239576,1999-07-31
current_ratio,0.9256729346136469,62,0.045746412207735176,1999-07-31
ebitda_ev,1.3547433318264384,62,0.06695091168381141,1999-07-31
ep,1.1683371267960843,62,0.05773878634824965,1999-07-31
fcf_growth,1.404379959166889,49,0.06940393534909306,1999-07-31
fcfp,3.677262341833731,62,0.18172893750611707,1999-07-31
gross_margin,1.8414816290297567,62,0.09100533733302585,1999-07-31
int_coverage,1.459700717874042,62,0.07213786667281523,1999-07-31
rev_growth,-0.25952268596837463,51,0,1999-07-31
roa,1.2555389117503428,51,0.06204826613382075,1999-07-31
roe,1.4816913843133683,51,0.07322463723079434,1999-07-31
sp,0.4828934295676822,62,0.023864413720414344,1999-07-31
accruals,3.579928470849816,52,0.1556657807997681,1999-08-31
asset_growth,1.39420160941261,52,0.060623971648793316,1999-08-31
bp,0.14751654190419103,63,0.0064144515353812374,1999-08-31
cash_ratio,0.8281306722856526,63,0.03600954844636366,1999-08-31
current_ratio,1.2243764172407023,63,0.05323947462485272,1999-08-31
ebitda_ev,1.56856685782977,63,0.06820588362279416,1999-08-31
ep,1.4285500151343873,63,0.06211754098668527,1999-08-31
fcf_growth,1.5396424608988195,50,0.06694816608204397,1999-08-31
fcfp,3.786673089527314,63,0.16465564267959035,1999-08-31
gross_margin,1.7976834289093522,63,0.07816854355348331,1999-08-31
int_coverage,1.7171181978857757,63,0.07466533121426536,1999-08-31
rev_growth,0.074667725963386,52,0.0032467715367157715,1999-08-31
roa,1.5166704016483137,52,0.06594927362681018,1999-08-31
roe,1.733524098760413,52,0.07537870786136014,1999-08-31
sp,0.660280056291883,63,0.028710911781092602,1999-08-31
accruals,3.6404725800380646,53,0.17605332118679287,1999-09-30
asset_growth,1.2665797327021586,53,0.06125181925907099,1999-09-30
bp,-0.01567574536727217,64,0,1999-09-30
cash_ratio,0.5346839924288157,64,0.025857327746037512,1999-09-30
current_ratio,1.1158862847164397,64,0.05396428133214128,1999-09-30
ebitda_ev,1.2937420911485635,64,0.06256539141505348,1999-09-30
ep,1.1233276079292176,64,0.05432414386010468,1999-09-30
fcf_growth,1.4841961765320761,51,0.07177575450066415,1999-09-30
fcfp,3.802375008966572,64,0.1838829256390737,1999-09-30
gross_margin,1.935062208217568,64,0.093579644117575,1999-09-30
int_coverage,1.4133444721000332,64,0.06834936476615452,1999-09-30
rev_growth,-0.07635658417965299,53,0,1999-09-30
roa,1.246538375266265,53,0.060282618843436,1999-09-30
roe,1.4658455110998403,53,0.07088831598154226,1999-09-30
sp,0.35618454871612937,64,0.01722509135235347,1999-09-30
accruals,3.6869970859228958,54,0.17524703738208897,1999-10-31
asset_growth,1.3208725669914254,54,0.06278252972000395,1999-10-31
bp,0.055022818841666876,65,0.002615295256735973,1999-10-31
cash_ratio,0.45895398050566205,65,0.021814588811426113,1999-10-31
current_ratio,0.9970477292342871,65,0.04739077807898817,1999-10-31
ebitda_ev,1.4373868287212608,65,0.06832058106777275,1999-10-31
ep,1.2530662139824136,65,0.05955961898707099,1999-10-31
fcf_growth,1.5623608008377758,52,0.0742607317792857,1999-10-31
fcfp,3.8260503194867197,65,0.18185639091629716,1999-10-31
gross_margin,1.7475280160314368,65,0.08306193371320537,1999-10-31
int_coverage,1.4781117563143142,65,0.07025628178626037,1999-10-31
rev_growth,-0.07471359432654966,54,0,1999-10-31
roa,1.255998483981809,54,0.05969899301374446,1999-10-31
roe,1.4893552995010118,54,0.07079069979290034,1999-10-31
sp,0.47010354051952136,65,0.022344539694219817,1999-10-31
accruals,3.718808139544528,55,0.19093168185195417,1999-11-30
asset_growth,1.1655076464775298,55,0.059839692396855645,1999-11-30
bp,-0.21570468720433744,66,0,1999-11-30
cash_ratio,0.3228827992988751,66,0.01657750375870474,1999-11-30
current_ratio,0.9143105155331923,66,0.04694268645089626,1999-11-30
ebitda_ev,1.1791097487245037,66,0.06053805385065601,1999-11-30
ep,0.9983579250136013,66,0.0512578628851825,1999-11-30
fcf_growth,1.5682000909137022,53,0.08051479657006795,1999-11-30
fcfp,3.8336023797951984,66,0.19682546731641812,1999-11-30
gross_margin,1.8448988424610626,66,0.09472111107107475,1999-11-30
int_coverage,1.2195322937539905,66,0.06261343505280687,1999-11-30
rev_growth,-0.3453321962205987,55,0,1999-11-30
roa,1.0684512873182412,55,0.05485660824909965,1999-11-30
roe,1.3794541750651634,55,0.07082417156243777,1999-11-30
sp,0.26405056176818004,66,0.013556928983845539,1999-11-30
accruals,3.813843703507849,56,0.20646525303442337,1999-12-31
asset_growth,0.9335317897905842,56,0.050537434719077075,1999-12-31
bp,-0.46985743056177154,67,0,1999-12-31
cash_ratio,0.16706982357371292,67,0.009044448614094107,1999-12-31
current_ratio,0.8518565796306937,67,0.046115886736711846,1999-12-31
ebitda_ev,0.8912403737626814,67,0.04824795759568215,1999-12-31
ep,0.7467790755424807,67,0.040427438243176475,1999-12-31
fcf_growth,1.8258726817715476,54,0.09884496968343787,1999-12-31
fcfp,3.8927760982103634,67,0.2107383166709532,1999-12-31
gross_margin,1.9820988742091874,67,0.10730239029628953,1999-12-31
int_coverage,1.1065281189553295,67,0.059902719101909425,1999-12-31
rev_growth,-0.5027782130388114,56,0,1999-12-31
roa,1.0265025794647273,56,0.05557047726280454,1999-12-31
roe,1.2319387905969421,56,0.0666919186776254,1999-12-31
sp,0.0020465105454411246,67,1.1078936381516768e-4,1999-12-31
accruals,3.9942761690289097,57,0.26670160539624643,2000-01-31
asset_growth,0.8386599180680986,57,0.05599811757248263,2000-01-31
bp,-0.7890069657996943,68,0,2000-01-31
cash_ratio,-0.15696916139216782,68,0,2000-01-31
current_ratio,0.573043602350211,68,0.03826266443314209,2000-01-31
ebitda_ev,0.42972460601300627,68,0.028693119216591845,2000-01-31
ep,0.30491810761446547,68,0.02035967103269538,2000-01-31
fcf_growth,1.7397571474422895,55,0.11616523359606848,2000-01-31
fcfp,3.590352745277295,68,0.23973125557241473,2000-01-31
gross_margin,2.013413919513801,68,0.13443755562651308,2000-01-31
int_coverage,0.4251447073584579,68,0.02838731504281156,2000-01-31
rev_growth,-0.8340512263723592,57,0,2000-01-31
roa,0.32281099235385363,57,0.021554395904792797,2000-01-31
roe,0.7444714846578656,57,0.049709066606241144,2000-01-31
sp,-0.37291167585985,68,0,2000-01-31
accruals,4.148308564589672,58,0.2610624423327243,2000-02-29
asset_growth,1.0213448700007506,58,0.064275543170152,2000-02-29
bp,-0.7810265300237522,69,0,2000-02-29
cash_ratio,-0.038706695727233294,69,0,2000-02-29
current_ratio,0.6935570019917882,69,0.04364711110993451,2000-02-29
ebitda_ev,0.4978835106252373,69,0.03133293564286053,2000-02-29
ep,0.41250623737812364,69,0.02595995069572834,2000-02-29
fcf_growth,1.6964852140646847,56,0.10676365233425911,2000-02-29
fcfp,3.762058624445031,69,0.23675485981927097,2000-02-29
gross_margin,2.0816202778704294,69,0.13100107315761644,2000-02-29
int_coverage,0.43466302324785916,69,0.027354327353909382,2000-02-29
rev_growth,-0.6830790995464873,58,0,2000-02-29
roa,0.3537444052763296,58,0.022261935669703574,2000-02-29
roe,0.7879292269036976,58,0.04958616871384088,2000-02-29
sp,-0.3369192412946873,69,0,2000-02-29
accruals,4.274617542146518,59,0.2861740295126969,2000-03-31
asset_growth,0.8797728096618003,59,0.05889839909986375,2000-03-31
bp,-0.9985453322951672,70,0,2000-03-31
cash_ratio,-0.21147366894630107,70,0,2000-03-31
current_ratio,0.5942643815909577,70,0.03978438562022964,2000-03-31
ebitda_ev,0.3888053427546772,70,0.026029461240712193,2000-03-31
ep,0.4233912897851856,70,0.02834489641792881,2000-03-31
fcf_growth,1.6911551272131853,57,0.11321824058267203,2000-03-31
fcfp,3.4897725596270117,70,0.23363079050337857,2000-03-31
gross_margin,2.1911859458371787,70,0.14669394521244916,2000-03-31
int_coverage,0.21995176836245384,70,0.014725173241842563,2000-03-31
rev_growth,-0.8688134076318792,59,0,2000-03-31
roa,0.10655484046243426,59,0.007133557039562669,2000-03-31
roe,0.6776544113850633,59,0.04536712152866359,2000-03-31
sp,-0.5954290951686747,70,0,2000-03-31
accruals,4.398603611927706,60,0.3098055590714317,2000-04-30
asset_growth,1.0190795329620184,60,0.07177653007682307,2000-04-30
bp,-0.858625253529756,71,0,2000-04-30
cash_ratio,-0.14225262850166534,71,0,2000-04-30
current_ratio,0.6337361221486623,71,0.044635750558114695,2000-04-30
ebitda_ev,0.46246331473262897,71,0.03257254310942088,2000-04-30
ep,0.42013551526794396,71,0.0295912816150092,2000-04-30
fcf_growth,1.4158459273795394,58,0.09972186125191522,2000-04-30
fcfp,3.350456824181811,71,0.2359817435573459,2000-04-30
gross_margin,1.869891465895206,71,0.1317015175960994,2000-04-30
int_coverage,0.06259306411016258,71,0.004408598939913206,2000-04-30
rev_growth,-0.6644849304153199,60,0,2000-04-30
roa,-1.0741854300332657e-4,60,0,2000-04-30
roe,0.5651438935489989,60,0.039804614223926775,2000-04-30
sp,-0.47586351109153546,71,0,2000-04-30
accruals,4.280025631169296,61,0.28114964639327295,2000-05-31
asset_growth,1.181797731501047,61,0.07763084685759652,2000-05-31
bp,-0.5812342891102472,72,0,2000-05-31
cash_ratio,-0.09765710518545569,72,0,2000-05-31
current_ratio,0.668972557335966,72,0.04394398869298986,2000-05-31
ebitda_ev,0.678201894656579,72,0.044550252567962426,2000-05-31
ep,0.48352329888505663,72,0.03176205383314568,2000-05-31
fcf_growth,1.4378086136234696,59,0.09444788843262206,2000-05-31
fcfp,3.4035536970940536,72,0.22357527755203754,2000-05-31
gross_margin,1.9562500866569088,72,0.1285036743974219,2000-05-31
int_coverage,0.3051319617663128,72,0.020043745189079032,2000-05-31
rev_growth,-0.5609564864799417,61,0,2000-05-31
roa,0.19648098885420137,61,0.012906595730892315,2000-05-31
roe,0.6315543182218624,61,0.041486030352979854,2000-05-31
sp,-0.23249525819879566,72,0,2000-05-31
accruals,4.463354212641805,62,0.30837089446792265,2000-06-30
asset_growth,1.1646205736887083,62,0.08046304884495477,2000-06-30
bp,-0.7296602493220179,73,0,2000-06-30
cash_ratio,-0.30462521845802915,73,0,2000-06-30
current_ratio,0.3395388951766546,73,0.023458571250230716,2000-06-30
ebitda_ev,0.5290020929450898,73,0.03654848815602437,2000-06-30
ep,0.31210074734569926,73,0.021562883436521046,2000-06-30
fcf_growth,1.6254318854331806,60,0.11230027027387468,2000-06-30
fcfp,3.2721473486553463,73,0.2260710122171673,2000-06-30
gross_margin,2.142161494158404,73,0.14800085867650178,2000-06-30
int_coverage,0.14685448301247583,73,0.010146102264282874,2000-06-30
rev_growth,-0.5322664070917679,62,0,2000-06-30
roa,0.005027127643224408,62,3.473217168278415e-4,2000-06-30
roe,0.47374131289225924,62,0.032730548695691856,2000-06-30
sp,-0.40820633486711994,73,0,2000-06-30
accruals,4.498124952660752,63,0.3010060823453684,2000-07-31
asset_growth,1.331764050428568,63,0.08911915156798367,2000-07-31
bp,-0.6540105609510081,74,0,2000-07-31
cash_ratio,-0.30960485260226606,74,0,2000-07-31
current_ratio,0.3623253069392242,74,0.02424612973720218,2000-07-31
ebitda_ev,0.5938285647100023,74,0.039737893395424294,2000-07-31
ep,0.28611096947637915,74,0.019146009269301732,2000-07-31
fcf_growth,1.7881842413572129,61,0.11966193439874734,2000-07-31
fcfp,3.2665722486275066,74,0.21859288605930013,2000-07-31
gross_margin,1.9993999205523474,74,0.1337960913627143,2000-07-31
int_coverage,0.25423394010120365,74,0.01701285827193915,2000-07-31
rev_growth,-0.4273783296552547,63,0,2000-07-31
roa,0.12590869380665576,63,0.008425573556720705,2000-07-31
roe,0.43718186321101815,63,0.02925539003529815,2000-07-31
sp,-0.34643451479636195,74,0,2000-07-31
accruals,4.529946308281678,64,0.31266073984225196,2000-08-31
asset_growth,1.3972237916955268,64,0.09643757225953319,2000-08-31
bp,-0.6882461247856632,75,0,2000-08-31
cash_ratio,-0.43911909923894377,75,0,2000-08-31
current_ratio,0.23007826445356697,75,0.015880197134822298,2000-08-31
ebitda_ev,0.5370024793846218,75,0.037064367009066825,2000-08-31
ep,0.12872424357997647,75,0.008884656570822888,2000-08-31
fcf_growth,1.6600229872897045,62,0.11457619583973017,2000-08-31
fcfp,3.224976579117985,75,0.22259062129666748,2000-08-31
gross_margin,2.133496643953178,75,0.14725574957253632,2000-08-31
int_coverage,0.2456141565879703,75,0.016952497598951757,2000-08-31
rev_growth,-0.3907399040130198,64,0,2000-08-31
roa,0.09216870080953968,64,0.006361561975409164,2000-08-31
roe,0.3091216817587801,64,0.02133584090020775,2000-08-31
sp,-0.4622406316327015,75,0,2000-08-31
accruals,4.692493475182537,65,0.32910339116305276,2000-09-30
asset_growth,1.284707822401273,65,0.09010171313866622,2000-09-30
bp,-0.8419879329702642,76,0,2000-09-30
cash_ratio,-0.5547935659331626,76,0,2000-09-30
current_ratio,0.18201778355436876,76,0.012765637317672583,2000-09-30
ebitda_ev,0.42765043422721716,76,0.02999284045484036,2000-09-30
ep,0.059443699933423015,76,0.0041690251323380795,2000-09-30
fcf_growth,1.6691281980621397,63,0.11706265617061035,2000-09-30
fcfp,3.1626766442714187,76,0.22181120001267962,2000-09-30
gross_margin,2.352855352063875,76,0.16501518422468095,2000-09-30
int_coverage,0.15743863257084062,76,0.01104180286092395,2000-09-30
rev_growth,-0.45481300371414113,65,0,2000-09-30
roa,0.04184223491513751,65,0.0029345637830380106,2000-09-30
roe,0.22816298980260982,65,0.01600198574149727,2000-09-30
sp,-0.6549239393348911,76,0,2000-09-30
accruals,4.8634081472659085,66,0.3419887260577218,2000-10-31
asset_growth,1.199490709035613,66,0.08434667358358033,2000-10-31
bp,-1.0365203002432184,77,0,2000-10-31
cash_ratio,-0.8239222399258538,77,0,2000-10-31
current_ratio,0.03765535112501962,77,0.002647876791451526,2000-10-31
ebitda_ev,0.24530820706938286,77,0.017249763681529487,2000-10-31
ep,-0.035129430382864923,77,0,2000-10-31
fcf_growth,1.851757180768799,64,0.13021322908614505,2000-10-31
fcfp,3.2309410695318057,77,0.2271957003974526,2000-10-31
gross_margin,2.579950448627373,77,0.18141886111576694,2000-10-31
int_coverage,-0.005546032373242777,77,0,2000-10-31
rev_growth,-0.5540391603937486,66,0,2000-10-31
roa,-0.10837171300029157,66,0,2000-10-31
roe,0.2124493355619198,66,0.014939169286352302,2000-10-31
sp,-0.9576869261191023,77,0,2000-10-31
accruals,5.00239282358688,67,0.3708507679458561,2000-11-30
asset_growth,0.8551613833542503,67,0.0633971115261529,2000-11-30
bp,-1.3867599169393212,78,0,2000-11-30
cash_ratio,-1.1246644939025674,78,0,2000-11-30
current_ratio,-0.23367738568264007,78,0,2000-11-30
ebitda_ev,-0.15964467384125897,78,0,2000-11-30
ep,-0.3487602151448536,78,0,2000-11-30
fcf_growth,1.8354102399313563,65,0.13606754226993584,2000-11-30
fcfp,3.0106470352266075,78,0.22319334054760107,2000-11-30
gross_margin,2.7853529638831924,78,0.2064912377104541,2000-11-30
int_coverage,-0.43576060443269826,78,0,2000-11-30
rev_growth,-0.8324251593212147,67,0,2000-11-30
roa,-0.5136397926292511,67,0,2000-11-30
roe,-0.02433678597214204,67,0,2000-11-30
sp,-1.2882077891934165,78,0,2000-11-30
accruals,5.159143103368326,68,0.38598420459286875,2000-12-31
asset_growth,0.7104440123615597,68,0.053152269965163146,2000-12-31
bp,-1.6572238641815797,79,0,2000-12-31
cash_ratio,-1.409017317716839,79,0,2000-12-31
current_ratio,-0.5659264545239496,79,0,2000-12-31
ebitda_ev,-0.510009139812146,79,0,2000-12-31
ep,-0.7347269638169702,79,0,2000-12-31
fcf_growth,1.7489419051143336,66,0.13084807624040387,2000-12-31
fcfp,2.7776561858185196,79,0.2078119160555257,2000-12-31
gross_margin,2.970017456500964,79,0.2222035331460385,2000-12-31
int_coverage,-0.6795399147860041,79,0,2000-12-31
rev_growth,-0.976580947138821,68,0,2000-12-31
roa,-0.7763654945355345,68,0,2000-12-31
roe,-0.33996765110196947,68,0,2000-12-31
sp,-1.574588467527592,79,0,2000-12-31
accruals,5.329923616293165,69,0.4172197256446072,2001-01-31
asset_growth,0.8394763409091739,69,0.06571315348095966,2001-01-31
bp,-1.7498951266589218,80,0,2001-01-31
cash_ratio,-1.6622990615187554,80,0,2001-01-31
current_ratio,-0.8087126466488994,80,0,2001-01-31
ebitda_ev,-0.7610940283104056,80,0,2001-01-31
ep,-1.0365755429295964,80,0,2001-01-31
fcf_growth,1.6655154759387112,67,0.13037445936444264,2001-01-31
fcfp,2.50089465435761,80,0.195766892112203,2001-01-31
gross_margin,2.4390499890674646,80,0.19092576939778738,2001-01-31
int_coverage,-0.8932062839552655,80,0,2001-01-31
rev_growth,-0.843018720947248,69,0,2001-01-31
roa,-1.0663710244610454,69,0,2001-01-31
roe,-0.7341346760678814,69,0,2001-01-31
sp,-1.7400193070859171,80,0,2001-01-31
accruals,5.463605435273629,70,0.4752742698956318,2001-02-28
asset_growth,1.1141746601091742,70,0.09692108158119238,2001-02-28
bp,-2.0037335898991016,81,0,2001-02-28
cash_ratio,-1.9294995565164668,81,0,2001-02-28
current_ratio,-1.2736799425637249,81,0,2001-02-28
ebitda_ev,-1.2059500629873907,81,0,2001-02-28
ep,-1.4269241360331086,81,0,2001-02-28
fcf_growth,1.1711981264735627,68,0.10188150316805895,2001-02-28
fcfp,1.9516175048382485,81,0.16976950398708274,2001-02-28
gross_margin,1.7950937758602243,81,0.15615364136803428,2001-02-28
int_coverage,-1.2348811506810176,81,0,2001-02-28
rev_growth,-0.8196685600103463,70,0,2001-02-28
roa,-1.4378337368112346,70,0,2001-02-28
roe,-1.2298587023129743,70,0,2001-02-28
sp,-2.025698563167785,81,0,2001-02-28
accruals,4.839158411928229,71,0.42154286045929723,2001-03-31
asset_growth,1.1669573257895935,71,0.10165456206904043,2001-03-31
bp,-1.4936454392863918,82,0,2001-03-31
cash_ratio,-1.5612881362410398,82,0,2001-03-31
current_ratio,-0.9715663049829462,82,0,2001-03-31
ebitda_ev,-0.8749755439570168,82,0,2001-03-31
ep,-1.0827781470467466,82,0,2001-03-31
fcf_growth,1.3425380089583523,69,0.1169495322113516,2001-03-31
fcfp,2.111402402992208,82,0.18392590875803091,2001-03-31
gross_margin,2.019579412550995,82,0.1759271365022799,2001-03-31
int_coverage,-0.6241708512006638,82,0,2001-03-31
rev_growth,-0.6870126500928867,71,0,2001-03-31
roa,-0.8164143307611952,71,0,2001-03-31
roe,-0.7798351161352284,71,0,2001-03-31
sp,-1.482258172598995,82,0,2001-03-31
accruals,3.799766775269804,72,0.3356089758197759,2001-04-30
asset_growth,1.5202949832662682,72,0.13427788400031657,2001-04-30
bp,-0.9525581430303119,83,0,2001-04-30
cash_ratio,-1.1720409512258918,83,0,2001-04-30
current_ratio,-0.6278942597565079,83,0,2001-04-30
ebitda_ev,-0.46153259643205957,83,0,2001-04-30
ep,-0.5690369952002954,83,0,2001-04-30
fcf_growth,1.5823560484603953,70,0.13975933898424947,2001-04-30
fcfp,2.3576391904027933,83,0.20823511569008457,2001-04-30
gross_margin,2.0619488160277966,83,0.18211868550557345,2001-04-30
int_coverage,-0.13845673224693444,83,0,2001-04-30
rev_growth,-0.26332892852588186,72,0,2001-04-30
roa,-0.2333157781906934,72,0,2001-04-30
roe,-0.3002098871428465,72,0,2001-04-30
sp,-0.983919507914241,83,0,2001-04-30
accruals,3.3725225544496076,73,0.289449742194862,2001-05-31
asset_growth,1.7191125954153628,73,0.14754436464491613,2001-05-31
bp,-0.6833062207060434,84,0,2001-05-31
cash_ratio,-0.9800648189424561,84,0,2001-05-31
current_ratio,-0.46317063393083374,84,0,2001-05-31
ebitda_ev,-0.28815803791647476,84,0,2001-05-31
ep,-0.3447779232364153,84,0,2001-05-31
fcf_growth,1.7157325093254572,71,0.14725426575557624,2001-05-31
fcfp,2.5514209487928996,84,0.21897796795585817,2001-05-31
gross_margin,2.2065135873898996,84,0.18937598747169765,2001-05-31
int_coverage,0.08619394649990442,84,0.007397671977089768,2001-05-31
rev_growth,-0.0332776988068349,73,0,2001-05-31
roa,-0.01869805942894869,73,0,2001-05-31
roe,-0.04685626880832682,73,0,2001-05-31
sp,-0.7681601133373336,84,0,2001-05-31
accruals,3.544898070229152,74,0.32606143180747466,2001-06-30
asset_growth,1.37189106468449,74,0.12618720086526763,2001-06-30
bp,-1.0400476619929109,85,0,2001-06-30
cash_ratio,-1.2958993901921667,85,0,2001-06-30
current_ratio,-0.7988963683651946,85,0,2001-06-30
ebitda_ev,-0.6243602535019998,85,0,2001-06-30
ep,-0.6886176952567773,85,0,2001-06-30
fcf_growth,1.825306737070698,72,0.1678925927871964,2001-06-30
fcfp,2.2040859489049542,85,0.20273288712085002,2001-06-30
gross_margin,1.925689932168157,85,0.17712588741921126,2001-06-30
int_coverage,-0.3413796108740421,85,0,2001-06-30
rev_growth,-0.31194715321455696,74,0,2001-06-30
roa,-0.44154122115370553,74,0,2001-06-30
roe,-0.3149511556087409,74,0,2001-06-30
sp,-1.1213219692763885,85,0,2001-06-30
accruals,3.3741214532489763,75,0.30561650766226456,2001-07-31
asset_growth,1.5224434008299783,75,0.13789777330839487,2001-07-31
bp,-0.8601147265684139,86,0,2001-07-31
cash_ratio,-1.1501261874791147,86,0,2001-07-31
current_ratio,-0.6842909094986162,86,0,2001-07-31
ebitda_ev,-0.4542616409834959,86,0,2001-07-31
ep,-0.4618468011080458,86,0,2001-07-31
fcf_growth,1.8221896197597327,73,0.1650477718735237,2001-07-31
fcfp,2.388895093583805,86,0.21637803670925776,2001-07-31
gross_margin,1.932727403895113,86,0.17505991044655905,2001-07-31
int_coverage,-0.1790949805987934,86,0,2001-07-31
rev_growth,-0.15902520801233352,75,0,2001-07-31
roa,-0.27250354312408526,75,0,2001-07-31
roe,-0.17822878371472636,75,0,2001-07-31
sp,-0.9627242971904474,86,0,2001-07-31
accruals,3.161937487874368,76,0.2883847789649728,2001-08-31
asset_growth,1.6538107987054365,76,0.15083595531648986,2001-08-31
bp,-0.8838816434398736,87,0,2001-08-31
cash_ratio,-1.2285102881111662,87,0,2001-08-31
current_ratio,-0.8115154949203092,87,0,2001-08-31
ebitda_ev,-0.47492616891925943,87,0,2001-08-31
ep,-0.47785162514382584,87,0,2001-08-31
fcf_growth,1.9201766572745897,74,0.1751298762247493,2001-08-31
fcfp,2.3239912670297223,87,0.21195982223843457,2001-08-31
gross_margin,1.8960173325983616,87,0.17292642295174332,2001-08-31
int_coverage,-0.1652467440507035,87,0,2001-08-31
rev_growth,0.008367343765170385,76,7.63144303610116e-4,2001-08-31
roa,-0.22336229417849832,76,0,2001-08-31
roe,-0.2377717702398906,76,0,2001-08-31
sp,-1.0302726774339357,87,0,2001-08-31
accruals,3.149846009577674,77,0.26456679243867587,2001-09-30
asset_growth,1.896953950219178,77,0.15933192304872504,2001-09-30
bp,-0.8261165416583366,88,0,2001-09-30
cash_ratio,-1.1116623136665815,88,0,2001-09-30
current_ratio,-0.6661716373726817,88,0,2001-09-30
ebitda_ev,-0.35630250680623715,88,0,2001-09-30
ep,-0.3021558731049553,88,0,2001-09-30
fcf_growth,2.0970737159372734,75,0.1761406954009692,2001-09-30
fcfp,2.5234408652677396,88,0.21195279185158514,2001-09-30
gross_margin,1.9412769694102103,88,0.16305477139842628,2001-09-30
int_coverage,-0.03889195197052793,88,0,2001-09-30
rev_growth,0.29708259382297747,77,0.024953025861618374,2001-09-30
roa,-0.11831416253845486,77,0,2001-09-30
roe,-0.12153524142893533,77,0,2001-09-30
sp,-0.9805793812141496,88,0,2001-09-30
accruals,2.8814573879760625,78,0.22124425974856424,2001-10-31
asset_growth,2.1414564566122833,78,0.16442545723702506,2001-10-31
bp,-0.6041561867486169,89,0,2001-10-31
cash_ratio,-0.9283665847175336,89,0,2001-10-31
current_ratio,-0.4902515635904981,89,0,2001-10-31
ebitda_ev,-0.1605710171110859,89,0,2001-10-31
ep,-0.06959003854538146,89,0,2001-10-31
fcf_growth,2.2866955207359374,76,0.17557721306818888,2001-10-31
fcfp,2.7233865752177975,89,0.20910725570939614,2001-10-31
gross_margin,2.0353417209156195,89,0.15627774828752247,2001-10-31
int_coverage,0.17955270830175546,89,0.013786428423282928,2001-10-31
rev_growth,0.5913013790747248,78,0.04540134323956883,2001-10-31
roa,0.12757532960684254,78,0.009795497750140405,2001-10-31
roe,0.05710703811562798,78,0.004384796536310991,2001-10-31
sp,-0.787820236292067,89,0,2001-10-31
accruals,2.4246327531734084,79,0.1651809099741028,2001-11-30
asset_growth,2.3883419171834563,79,0.16270855480827598,2001-11-30
bp,-0.24693798438932507,90,0,2001-11-30
cash_ratio,-0.627287039494745,90,0,2001-11-30
current_ratio,-0.17334895141891132,90,0,2001-11-30
ebitda_ev,0.12232379675434916,90,0.008333450099989436,2001-11-30
ep,0.2606955753216226,90,0.01776018751767151,2001-11-30
fcf_growth,2.338210763259783,77,0.1592933119793048,2001-11-30
fcfp,2.9294947032775926,90,0.19957521410958975,2001-11-30
gross_margin,2.204773224182952,90,0.150202725332495,2001-11-30
int_coverage,0.471072218891416,90,0.03209233962469646,2001-11-30
rev_growth,0.9139891814649337,79,0.06226656985610125,2001-11-30
roa,0.42693058352461255,79,0.029085139673243787,2001-11-30
roe,0.19818521626351596,79,0.013501597024529115,2001-11-30
sp,-0.47302618259107615,90,0,2001-11-30
accruals,2.320559359791659,80,0.1487662851687272,2001-12-31
asset_growth,2.503340066972537,80,0.16048398016889018,2001-12-31
bp,-0.19678162026467316,91,0,2001-12-31
cash_ratio,-0.48766977893882385,91,0,2001-12-31
current_ratio,-0.0752666033558348,91,0,2001-12-31
ebitda_ev,0.2502748873498987,91,0.016044607997189462,2001-12-31
ep,0.40169850402248963,91,0.02575206445338507,2001-12-31
fcf_growth,2.336031869927501,78,0.1497581959532681,2001-12-31
fcfp,3.030015680935731,91,0.19424806995511198,2001-12-31
gross_margin,2.274966889856564,91,0.14584344574413263,2001-12-31
int_coverage,0.5880995009858172,91,0.037701848781449436,2001-12-31
rev_growth,1.1086478348871205,80,0.07107313125199125,2001-12-31
roa,0.513501160660296,80,0.0329195026961605,2001-12-31
roe,0.27155555534477216,80,0.01740886782969406,2001-12-31
sp,-0.39710912924669084,91,0,2001-12-31
accruals,2.2166312164247555,81,0.15158884605848805,2002-01-31
asset_growth,2.1825173966826448,81,0.14925590292792318,2002-01-31
bp,-0.15508474263930802,92,0,2002-01-31
cash_ratio,-0.5576809189617131,92,0,2002-01-31
current_ratio,-0.195738453446899,92,0,2002-01-31
ebitda_ev,0.2633258565086237,92,0.018008075691493937,2002-01-31
ep,0.364295657399357,92,0.024913101430718485,2002-01-31
fcf_growth,2.201404432932321,79,0.15054753141774074,2002-01-31
fcfp,2.6540395792052074,92,0.18150190894369264,2002-01-31
gross_margin,2.3422399820052386,92,0.1601788576436754,2002-01-31
int_coverage,0.643342414498301,92,0.04399628296833987,2002-01-31
rev_growth,0.9169814128408355,81,0.06270964389549047,2002-01-31
roa,0.5625430174003125,81,0.038470651425506555,2002-01-31
roe,0.2753328378625089,81,0.01882919759693067,2002-01-31
sp,-0.3393555611676864,92,0,2002-01-31
accruals,1.9511530947321187,82,0.11858408215754146,2002-02-28
asset_growth,2.4238683438448763,82,0.1473140183625762,2002-02-28
bp,0.1013108437271843,93,0.006157309464044744,2002-02-28
cash_ratio,-0.25349243712831077,93,0,2002-02-28
current_ratio,0.104928908814311,93,0.0063772024743377525,2002-02-28
ebitda_ev,0.47634668285375464,93,0.028950641714128186,2002-02-28
ep,0.5821168578267941,93,0.03537897332618064,2002-02-28
fcf_growth,2.29984761762455,80,0.13977648374929755,2002-02-28
fcfp,2.839389146203941,93,0.17256788137217258,2002-02-28
gross_margin,2.4068791327857726,93,0.14628147509087505,2002-02-28
int_coverage,0.8309952959309346,93,0.05050491153731519,2002-02-28
rev_growth,1.2091229950628686,82,0.07348615594144003,2002-02-28
roa,0.7516323733019743,82,0.04568151794369904,2002-02-28
roe,0.47616084022871685,82,0.028939346866391557,2002-02-28
sp,-0.05490408487495736,93,0,2002-02-28
accruals,1.7309157576884504,83,0.09651371008923615,2002-03-31
asset_growth,2.61650265632441,83,0.14589293424507796,2002-03-31
bp,0.23007330995841524,94,0.012828601645091847,2002-03-31
cash_ratio,-0.07274036973519567,94,0,2002-03-31
current_ratio,0.27236649095046284,94,0.015186816821588482,2002-03-31
ebitda_ev,0.6148416892119223,94,0.03428280797594801,2002-03-31
ep,0.7444278497316984,94,0.041508371133732846,2002-03-31
fcf_growth,2.3316270872576497,81,0.13000862678396105,2002-03-31
fcfp,2.9891543824262463,94,0.16667153106441526,2002-03-31
gross_margin,2.337705523736794,94,0.1303475528429204,2002-03-31
int_coverage,0.9982795548219963,94,0.055662826520667445,2002-03-31
rev_growth,1.3880430202709086,83,0.07739555264591147,2002-03-31
roa,0.9312319325471965,83,0.05192433448276241,2002-03-31
roe,0.6445903552568167,83,0.0359415565992968,2002-03-31
sp,0.10464324396131301,94,0.005834777149389842,2002-03-31
accruals,1.678930900078262,84,0.09827029663711252,2002-04-30
asset_growth,2.3811247238398985,84,0.13937073463285596,2002-04-30
bp,0.19454305614318704,95,0.011386891405113972,2002-04-30
cash_ratio,-0.23333648158343823,95,0,2002-04-30
current_ratio,0.07865939414396357,95,0.004604050110378294,2002-04-30
ebitda_ev,0.5615214248642382,95,0.03286667544622031,2002-04-30
ep,0.7093514840860636,95,0.04151938638919808,2002-04-30
fcf_growth,2.4020867175319545,82,0.14059767097557715,2002-04-30
fcfp,2.987631731834692,95,0.17487048246962378,2002-04-30
gross_margin,2.410593730933783,95,0.14109559899063398,2002-04-30
int_coverage,0.9454042365596885,95,0.055335901414628075,2002-04-30
rev_growth,1.1717048012577984,84,0.06858160653625797,2002-04-30
roa,0.9529865329656048,84,0.05577970438291294,2002-04-30
roe,0.6004339937333196,84,0.03514428537376316,2002-04-30
sp,0.009853079342764587,95,5.767152357237256e-4,2002-04-30
accruals,1.7625976502208216,85,0.10632375500751112,2002-05-31
asset_growth,2.3996243299727325,85,0.14475060110179983,2002-05-31
bp,0.20190839477025996,96,0.012179557085432089,2002-05-31
cash_ratio,-0.2639003810386183,96,0,2002-05-31
current_ratio,0.027931446850822893,96,0.0016848861177139048,2002-05-31
ebitda_ev,0.5122994064160142,96,0.030903023484370136,2002-05-31
ep,0.6661159120848774,96,0.040181572370894945,2002-05-31
fcf_growth,2.30853691793622,83,0.13925600868564345,2002-05-31
fcfp,2.997348311113795,96,0.18080662223912208,2002-05-31
gross_margin,2.276023736887843,96,0.1372947423150288,2002-05-31
int_coverage,0.8690412086394647,96,0.05242247120165954,2002-05-31
rev_growth,1.1966443463801553,85,0.07218421078668015,2002-05-31
roa,0.8598265822454391,85,0.051866624733192174,2002-05-31
roe,0.49974849305801583,85,0.030145924870951957,2002-05-31
sp,-0.018679504912843724,96,0,2002-05-31
accruals,1.7569561678586045,86,0.10565425585029403,2002-06-30
asset_growth,2.378252290139825,86,0.1430157909091347,2002-06-30
bp,0.19391260429334897,97,0.011660900983988073,2002-06-30
cash_ratio,-0.3050761820353951,97,0,2002-06-30
current_ratio,-0.02687792306142499,97,0,2002-06-30
ebitda_ev,0.4890515385989502,97,0.029409029848530478,2002-06-30
ep,0.6561267553689587,97,0.03945606916674893,2002-06-30
fcf_growth,2.4531532843008788,84,0.14751994926282805,2002-06-30
fcfp,3.0363735774530975,97,0.1825918009100383,2002-06-30
gross_margin,2.2679450144497473,97,0.1363824819278908,2002-06-30
int_coverage,0.8935547429382665,97,0.0537337602119628,2002-06-30
rev_growth,1.233347374158833,86,0.07416713143190522,2002-06-30
roa,0.8189945072028718,86,0.04925009330737125,2002-06-30
roe,0.45163073342412235,86,0.027158736189307305,2002-06-30
sp,-0.027208504271398287,97,0,2002-06-30
accruals,1.62360330816011,87,0.08989138092483123,2002-07-31
asset_growth,2.556966823315941,87,0.14156738753342238,2002-07-31
bp,0.2543647422271391,98,0.0140829954105584,2002-07-31
cash_ratio,-0.13458189181427793,98,0,2002-07-31
current_ratio,0.14138915724161602,98,0.007828061527325746,2002-07-31
ebitda_ev,0.6394841412294275,98,0.03540526940646903,2002-07-31
ep,0.7942264758480758,98,0.04397263440042535,2002-07-31
fcf_growth,2.4554396733878003,85,0.13594630037344047,2002-07-31
fcfp,3.1645803008344027,98,0.17520812618439782,2002-07-31
gross_margin,2.2524378290027625,98,0.12470703026950247,2002-07-31
int_coverage,1.0495557893409013,98,0.05810903364592125,2002-07-31
rev_growth,1.3791815561685967,87,0.07635888274368251,2002-07-31
roa,0.9751943570168727,87,0.05399198620855786,2002-07-31
roe,0.6313998659439275,87,0.03495768059857629,2002-07-31
sp,0.14401118023108492,98,0.007973230772889252,2002-07-31
accruals,1.5166580985080074,88,0.07998795618982282,2002-08-31
asset_growth,2.700516492660854,88,0.1424241858579374,2002-08-31
bp,0.3048747871612577,99,0.0160789772875152,2002-08-31
cash_ratio,-0.016035811390044938,99,0,2002-08-31
current_ratio,0.24013113672975567,99,0.012664422432087546,2002-08-31
ebitda_ev,0.7178842736080829,99,0.03786093641224371,2002-08-31
ep,0.8885811118538488,99,0.0468634210412944,2002-08-31
fcf_growth,2.43685631241232,86,0.12851885085364925,2002-08-31
fcfp,3.292320562695946,99,0.17363570154066982,2002-08-31
gross_margin,2.1899611293827275,99,0.11549769525959887,2002-08-31
int_coverage,1.1231634880655763,99,0.059235204009246645,2002-08-31
rev_growth,1.5317529777507952,88,0.08078405422981651,2002-08-31
roa,1.0525731457823673,88,0.05551229690742292,2002-08-31
roe,0.7270278967557325,88,0.038343167528452383,2002-08-31
sp,0.238779363703237,99,0.012593130450242641,2002-08-31
accruals,1.469039917116283,89,0.07340033579325231,2002-09-30
asset_growth,2.821691125723155,89,0.14098532907089517,2002-09-30
bp,0.3000208782483205,100,0.014990493418069632,2002-09-30
cash_ratio,0.10139269306869292,100,0.005066069091460317,2002-09-30
current_ratio,0.34205665669294893,100,0.017090804115700766,2002-09-30
ebitda_ev,0.7836019971013665,100,0.0391525438113406,2002-09-30
ep,0.9507086763232179,100,0.04750200132115195,2002-09-30
fcf_growth,2.5813397293959572,87,0.12897621141980758,2002-09-30
fcfp,3.422073951471766,100,0.1709833573756369,2002-09-30
gross_margin,2.181974091904208,100,0.10902197358417202,2002-09-30
int_coverage,1.1946982223989429,100,0.05969289852097516,2002-09-30
rev_growth,1.6624484283088594,89,0.08306395997487107,2002-09-30
roa,1.1406170570156597,89,0.056990742062888136,2002-09-30
roe,0.7972270213929091,89,0.039833315890123594,2002-09-30
sp,0.26518580076587983,100,0.013249964549654467,2002-09-30
accruals,1.6305324072704435,90,0.08476141248716568,2002-10-31
asset_growth,2.6128666310691564,90,0.13582696382021078,2002-10-31
bp,0.2844868684314938,101,0.01478873323509746,2002-10-31
cash_ratio,-0.05329314241521379,101,0,2002-10-31
current_ratio,0.1774008904682184,101,0.00922198785226176,2002-10-31
ebitda_ev,0.7293010958954446,101,0.03791190579279466,2002-10-31
ep,0.8863725910937459,101,0.04607709265759695,2002-10-31
fcf_growth,2.6116063428909393,88,0.13576144914190677,2002-10-31
fcfp,3.40301690429586,101,0.17690204637433923,2002-10-31
gross_margin,2.320063430309056,101,0.12060591530469188,2002-10-31
int_coverage,1.1519092361491545,101,0.059880719621183263,2002-10-31
rev_growth,1.4893791045652374,90,0.07742371514292803,2002-10-31
roa,1.0747629855594447,90,0.05587035764437401,2002-10-31
roe,0.6889613893177047,90,0.035814891042519954,2002-10-31
sp,0.17607013254954082,101,0.00915280988292939,2002-10-31
accruals,1.6582591090957712,91,0.08711607465964837,2002-11-30
asset_growth,2.5695757614115378,91,0.13499178303734075,2002-11-30
bp,0.3376142149075155,102,0.017736447211847063,2002-11-30
cash_ratio,-0.11362549057288232,102,0,2002-11-30
current_ratio,0.11630052005793622,102,0.00610980801055136,2002-11-30
ebitda_ev,0.7067674219222778,102,0.037129784577973564,2002-11-30
ep,0.8562999278777169,102,0.04498542359204878,2002-11-30
fcf_growth,2.510440935627279,89,0.13188515520713642,2002-11-30
fcfp,3.3564891413371565,102,0.17633200808435254,2002-11-30
gross_margin,2.4153063242756025,102,0.12688729096519144,2002-11-30
int_coverage,1.1429155724373639,102,0.06004267836793036,2002-11-30
rev_growth,1.4485723375354955,91,0.07610025189335798,2002-11-30
roa,1.0532671026011344,91,0.05533302669254484,2002-11-30
roe,0.6596530535319911,91,0.034654647362253106,2002-11-30
sp,0.20359170132399423,102,0.010695620337823562,2002-11-30
accruals,1.6689500608465966,92,0.08790848325704671,2002-12-31
asset_growth,2.5359224178641684,92,0.13357445416844765,2002-12-31
bp,0.37080784434383107,103,0.019531534190750995,2002-12-31
cash_ratio,-0.10324710028430453,103,0,2002-12-31
current_ratio,0.11677205892018257,103,0.0061507260326702385,2002-12-31
ebitda_ev,0.7208837666081627,103,0.03797105738143193,2002-12-31
ep,0.8780812535561899,103,0.04625110899808163,2002-12-31
fcf_growth,2.463042939480713,90,0.12973567878771256,2002-12-31
fcfp,3.311032862429806,103,0.17440178935180006,2002-12-31
gross_margin,2.4979944071642834,103,0.13157667486288077,2002-12-31
int_coverage,1.1251544141150076,103,0.059265175331038755,2002-12-31
rev_growth,1.4144900148911594,92,0.07450532805531837,2002-12-31
roa,1.0420399246730705,92,0.054887291968957676,2002-12-31
roe,0.6302495336071706,92,0.03319708712240492,2002-12-31
sp,0.2096638881573109,103,0.011043610491457603,2002-12-31
accruals,1.6346296456934222,93,0.08018399871122389,2003-01-31
asset_growth,2.6831412554653573,93,0.1316169662877977,2003-01-31
bp,0.4237611665884669,104,0.02078688889872805,2003-01-31
cash_ratio,8.596366580683846e-4,104,4.2168025561188156e-5,2003-01-31
current_ratio,0.2130039701071642,104,0.010448550293674119,2003-01-31
ebitda_ev,0.8174708775587619,104,0.04009965435615775,2003-01-31
ep,0.9738413036148924,104,0.04777014171969716,2003-01-31
fcf_growth,2.5655410922601543,91,0.12584828874072826,2003-01-31
fcfp,3.445050974784551,104,0.16899116179007193,2003-01-31
gross_margin,2.567924211483532,104,0.12596518863254136,2003-01-31
int_coverage,1.2491744511752305,104,0.061276144628245904,2003-01-31
rev_growth,1.542048347432529,93,0.075642579362815,2003-01-31
roa,1.1593362688169655,93,0.056869284201229726,2003-01-31
roe,0.7786717102621914,93,0.038196426680885145,2003-01-31
sp,0.3315282264603562,104,0.016262557670642712,2003-01-31
accruals,1.4966602437155074,94,0.06864094743853283,2003-02-28
asset_growth,2.805820479270133,94,0.128682629774022,2003-02-28
bp,0.47855509556260956,105,0.021947850421554418,2003-02-28
cash_ratio,0.15212890322008688,105,0.006977049128991596,2003-02-28
current_ratio,0.34902560051543235,105,0.016007272191721357,2003-02-28
ebitda_ev,0.9384819856381996,105,0.04304136020095054,2003-02-28
ep,1.1209183567654835,105,0.051408393008835374,2003-02-28
fcf_growth,2.6701326971992647,92,0.12245961559542934,2003-02-28
fcfp,3.603622270948688,105,0.1652720100818913,2003-02-28
gross_margin,2.501398920393262,105,0.11472102137975541,2003-02-28
int_coverage,1.331596316486691,105,0.06107066259901338,2003-02-28
rev_growth,1.6590811658775149,94,0.07609001681005786,2003-02-28
roa,1.285609312403172,94,0.058961572347296605,2003-02-28
roe,0.9554609221009419,94,0.04382006083804906,2003-02-28
sp,0.4556974965980247,105,0.02089953818389912,2003-02-28
accruals,1.5475232165988033,95,0.07075665636643975,2003-03-31
asset_growth,2.802765493930908,95,0.12814949255859676,2003-03-31
bp,0.5143986989637719,106,0.023519603187549,2003-03-31
cash_ratio,0.15273068403161796,106,0.006983231276095375,2003-03-31
current_ratio,0.33832424911147513,106,0.015469036185077495,2003-03-31
ebitda_ev,0.9508258519123597,106,0.04347415104760387,2003-03-31
ep,1.1257241157160873,106,0.05147093986363594,2003-03-31
fcf_growth,2.704812272407893,93,0.12367082473574978,2003-03-31
fcfp,3.5680940714128098,106,0.16314224134805938,2003-03-31
gross_margin,2.501169093376134,106,0.11435974604848564,2003-03-31
int_coverage,1.3157086695815592,106,0.060157511831412484,2003-03-31
rev_growth,1.6612264666271774,95,0.07595545513321186,2003-03-31
roa,1.2593754381682374,95,0.05758181470818354,2003-03-31
roe,0.934803727598791,95,0.04274157919849961,2003-03-31
sp,0.4935799264756567,106,0.022567716511399348,2003-03-31
accruals,1.4119229125713513,96,0.06118345466461855,2003-04-30
asset_growth,2.787542704238691,96,0.1207937707872967,2003-04-30
bp,0.5532466392352519,107,0.023974071366514513,2003-04-30
cash_ratio,0.2837404695926151,107,0.012295446163007182,2003-04-30
current_ratio,0.4399100735897126,107,0.019062809877465628,2003-04-30
ebitda_ev,1.086266650440566,107,0.04707165367823068,2003-04-30
ep,1.2581733224568803,107,0.054520958438574026,2003-04-30
fcf_growth,2.8423359339074907,94,0.12316814905789482,2003-04-30
fcfp,3.7194710284425536,107,0.16117741628729104,2003-04-30
gross_margin,2.436688236230909,107,0.1055900452537696,2003-04-30
int_coverage,1.4180798826164918,107,0.06145025726005361,2003-04-30
rev_growth,1.6923849141447411,96,0.0733368335818592,2003-04-30
roa,1.4062244459888964,96,0.06093652059428003,2003-04-30
roe,1.1153046019573911,96,0.04832996755242618,2003-04-30
sp,0.6255828120638829,107,0.027108645436718155,2003-04-30
accruals,1.3491263965488471,97,0.05666259962737663,2003-05-31
asset_growth,2.7934419479064525,97,0.11732309373046317,2003-05-31
bp,0.5557440452766921,108,0.023340957832687203,2003-05-31
cash_ratio,0.3440839884195669,108,0.014451346681736138,2003-05-31
current_ratio,0.4979311130496794,108,0.020912845062494828,2003-05-31
ebitda_ev,1.1583763106779545,108,0.04865119626870047,2003-05-31
ep,1.3253635123451517,108,0.05566457097930477,2003-05-31
fcf_growth,2.87895475926503,95,0.12091458686662687,2003-05-31
fcfp,3.8276152272046833,108,0.16075782795559337,2003-05-31
gross_margin,2.4832914859836284,108,0.10429693732796881,2003-05-31
int_coverage,1.4996583569262665,108,0.06298486285179276,2003-05-31
rev_growth,1.7109908552480968,97,0.07186071671640845,2003-05-31
roa,1.513250496917123,97,0.06355572558811702,2003-05-31
roe,1.2190262300306485,97,0.05119846100720487,2003-05-31
sp,0.6529670158947561,108,0.027424271503524646,2003-05-31
accruals,1.2606124592617216,98,0.05163272523083602,2003-06-30
asset_growth,2.7951787912748434,98,0.11448617490697895,2003-06-30
bp,0.5674483188663031,109,0.02324180037684426,2003-06-30
cash_ratio,0.4257165830501926,109,0.01743668896602379,2003-06-30
current_ratio,0.5654038194366825,109,0.023158060860779168,2003-06-30
ebitda_ev,1.2306796487387277,109,0.05040672387747358,2003-06-30
ep,1.4233744599756322,109,0.05829920357565913,2003-06-30
fcf_growth,2.9724522631005725,96,0.12174702053344114,2003-06-30
fcfp,3.954173508926795,109,0.1619567955254362,2003-06-30
gross_margin,2.3587605138616747,109,0.09661116118818258,2003-06-30
int_coverage,1.598845971304486,109,0.06548624370343026,2003-06-30
rev_growth,1.6839606237245102,98,0.06897240745600414,2003-06-30
roa,1.589970375220727,98,0.06512271309536298,2003-06-30
roe,1.2852186767748304,98,0.05264055762094946,2003-06-30
sp,0.7031937749519688,109,0.028801723082598304,2003-06-30
accruals,1.2184188337895743,99,0.04911141504785245,2003-07-31
asset_growth,2.774052798268253,99,0.11181512839610082,2003-07-31
bp,0.5230269077794699,110,0.02108190618595491,2003-07-31
cash_ratio,0.3784090238524771,110,0.01525272107824399,2003-07-31
current_ratio,0.5466524578608929,110,0.02203419300523677,2003-07-31
ebitda_ev,1.2553629944342701,110,0.050600541739511534,2003-07-31
ep,1.4925246634781297,110,0.060159935306687756,2003-07-31
fcf_growth,3.08360975963396,97,0.12429259508405324,2003-07-31
fcfp,4.024507109371448,110,0.16221781339068572,2003-07-31
gross_margin,2.4275497184718966,110,0.09784845610303534,2003-07-31
int_coverage,1.6784762232333876,110,0.06765517748177154,2003-07-31
rev_growth,1.6703467899851698,99,0.06732750036509788,2003-07-31
roa,1.704656497464094,99,0.06871043884030768,2003-07-31
roe,1.3944910716137742,99,0.056208446471188,2003-07-31
sp,0.6371948793637624,110,0.025683731504272302,2003-07-31
accruals,1.2035823009978164,100,0.04763647695061109,2003-08-31
asset_growth,2.784176502066114,100,0.11019467439588583,2003-08-31
bp,0.5267904530440292,111,0.020849792534693806,2003-08-31
cash_ratio,0.4251667402907345,111,0.01682763663709173,2003-08-31
current_ratio,0.6133960192515985,111,0.024277546544553563,2003-08-31
ebitda_ev,1.3135241558304436,111,0.051987855854488285,2003-08-31
ep,1.5476579201016745,111,0.06125461530734811,2003-08-31
fcf_growth,3.0585921754560252,98,0.12105574795062951,2003-08-31
fcfp,4.054531763707428,111,0.16047395242290108,2003-08-31
gross_margin,2.5498542387408882,111,0.10092045435571644,2003-08-31
int_coverage,1.7164591914073766,111,0.0679355858260418,2003-08-31
rev_growth,1.623087355121443,100,0.06424003021394646,2003-08-31
roa,1.751876224947691,100,0.06933735344966296,2003-08-31
roe,1.441333222439787,100,0.05704639954574031,2003-08-31
sp,0.6559523053463115,111,0.02596187801068908,2003-08-31
accruals,1.2064400362887577,101,0.047218320025018475,2003-09-30
asset_growth,2.7117812656147726,101,0.10613520091022625,2003-09-30
bp,0.42985152000485255,112,0.01682376746818419,2003-09-30
cash_ratio,0.46459661032210503,112,0.01818364010548908,2003-09-30
current_ratio,0.6497476378787302,112,0.025430183828477105,2003-09-30
ebitda_ev,1.3463688199532142,112,0.05269493045656956,2003-09-30
ep,1.5928397542608763,112,0.06234144673831121,2003-09-30
fcf_growth,3.17174564337118,99,0.12413754212547767,2003-09-30
fcfp,4.114209654074119,112,0.16102422188647866,2003-09-30
gross_margin,2.5990643776119393,112,0.10172362476068601,2003-09-30
int_coverage,1.7840765993495578,112,0.06982618056706404,2003-09-30
rev_growth,1.5202561961858736,101,0.05950063113981454,2003-09-30
roa,1.8257824318864262,101,0.07145848659836382,2003-09-30
roe,1.518995313424571,101,0.059451282010188206,2003-09-30
sp,0.614497423869736,112,0.024050541379651166,2003-09-30
accruals,1.271266915381608,102,0.050142971397340023,2003-10-31
asset_growth,2.7439854603185405,102,0.10823186129261243,2003-10-31
bp,0.4001705808633685,113,0.015784051128448905,2003-10-31
cash_ratio,0.3438082928808158,113,0.013560936092571942,2003-10-31
current_ratio,0.5373794342700571,113,0.021196022075374833,2003-10-31
ebitda_ev,1.3068037158168393,113,0.05154466033159651,2003-10-31
ep,1.5454005835714304,113,0.06095570986852405,2003-10-31
fcf_growth,3.2442251735305576,100,0.12796296994328804,2003-10-31
fcfp,4.019741173792542,113,0.15855188573178966,2003-10-31
gross_margin,2.741419154928563,113,0.10813063772090652,2003-10-31
int_coverage,1.7688239133258443,113,0.06976826488574567,2003-10-31
rev_growth,1.598649346463698,102,0.06305601717798409,2003-10-31
roa,1.790533355191419,102,0.07062455706903667,2003-10-31
roe,1.4810986244690323,102,0.05841942794609503,2003-10-31
sp,0.5595379530844288,113,0.022070027338685672,2003-10-31
accruals,1.38812063422022,103,0.05613459975134774,2003-11-30
asset_growth,2.8193780896640193,103,0.11401362151778306,2003-11-30
bp,0.4534027544633323,114,0.018335281185597564,2003-11-30
cash_ratio,0.24223603804101285,114,0.00979585109937013,2003-11-30
current_ratio,0.4202347076440111,114,0.016993989235289175,2003-11-30
ebitda_ev,1.277558943139114,114,0.051663564508682064,2003-11-30
ep,1.439925978601251,114,0.058229570606271694,2003-11-30
fcf_growth,3.1063202190672827,101,0.12561735478762237,2003-11-30
fcfp,3.9363629996020753,114,0.1591836876503211,2003-11-30
gross_margin,2.826166935825209,114,0.114288157572242,2003-11-30
int_coverage,1.6318732302693786,114,0.06599177936546528,2003-11-30
rev_growth,1.709516579250604,103,0.06913162053702433,2003-11-30
roa,1.6308723664707545,103,0.06595130515352986,2003-11-30
roe,1.278205993171824,103,0.05168973074647859,2003-11-30
sp,0.5682565558983274,114,0.02297988628297513,2003-11-30
accruals,1.265663854229837,104,0.0496446456541291,2003-12-31
asset_growth,2.747448410140367,104,0.10776645182572318,2003-12-31
bp,0.4746340093309711,115,0.018617136872390888,2003-12-31
cash_ratio,0.3352974718781908,115,0.01315177337528305,2003-12-31
current_ratio,0.5251418447202731,115,0.020598266049999245,2003-12-31
ebitda_ev,1.3720771381665864,115,0.05381862103967631,2003-12-31
ep,1.5765878290296456,115,0.06184038823042521,2003-12-31
fcf_growth,3.2012825425823466,102,0.1255677302738156,2003-12-31
fcfp,4.0274592126516024,115,0.15797384497498523,2003-12-31
gross_margin,2.8346074855747054,115,0.11118519638496654,2003-12-31
int_coverage,1.730117786592849,115,0.06786247720377012,2003-12-31
rev_growth,1.6078019656499094,104,0.0630647376078162,2003-12-31
roa,1.7507675914472238,104,0.06867244917333873,2003-12-31
roe,1.424326856377659,104,0.05586807416852086,2003-12-31
sp,0.6212544896825569,115,0.024368207165159844,2003-12-31
accruals,1.3082746931309495,105,0.05049753380605797,2004-01-31
asset_growth,2.7467869556984845,105,0.10602205170037615,2004-01-31
bp,0.4379417526123889,116,0.016903925890902196,2004-01-31
cash_ratio,0.3219885237830249,116,0.01242829693967681,2004-01-31
current_ratio,0.5210774993473711,116,0.020112846925058003,2004-01-31
ebitda_ev,1.3794545370288271,116,0.05324497407408066,2004-01-31
ep,1.5940634150263797,116,0.06152857011752782,2004-01-31
fcf_growth,3.3511353215538904,103,0.12934903508976178,2004-01-31
fcfp,4.0918006832232034,116,0.1579376597388886,2004-01-31
gross_margin,2.9431910102079906,116,0.11360296756943203,2004-01-31
int_coverage,1.7479514139732275,116,0.06746842699159734,2004-01-31
rev_growth,1.646804798862094,105,0.0635643121732336,2004-01-31
roa,1.7604157493781007,105,0.06794953252836448,2004-01-31
roe,1.4487773391203203,105,0.0559207351818402,2004-01-31
sp,0.608031089843352,116,0.023469131273202472,2004-01-31
accruals,1.3673751686229012,106,0.05281882163310275,2004-02-29
asset_growth,2.7835321787494376,106,0.10752198301760651,2004-02-29
bp,0.4124597189915982,117,0.015932449870504427,2004-02-29
cash_ratio,0.3008915480270218,117,0.01162280650609824,2004-02-29
current_ratio,0.5048055810091007,117,0.019499575942692696,2004-02-29
ebitda_ev,1.3675541718186086,117,0.052825736149383865,2004-02-29
ep,1.581708629420262,117,0.06109807161192369,2004-02-29
fcf_growth,3.2936076299134514,104,0.12722512294049224,2004-02-29
fcfp,4.062421483004387,117,0.15692278215450678,2004-02-29
gross_margin,3.0271818415528737,117,0.11693365610915545,2004-02-29
int_coverage,1.7092080435611516,117,0.06602310533227053,2004-02-29
rev_growth,1.6947643101930503,106,0.06546517434596034,2004-02-29
roa,1.7566207648967511,106,0.06785455885638793,2004-02-29
roe,1.4528197288610165,106,0.05611936495895611,2004-02-29
sp,0.5730778689080713,117,0.022136790570958378,2004-02-29
accruals,1.3987514158040772,107,0.054200146278876364,2004-03-31
asset_growth,2.7773472112897,107,0.10761928346831869,2004-03-31
bp,0.3626143620586572,118,0.014050925163927449,2004-03-31
cash_ratio,0.28950450877856326,118,0.011217995239827685,2004-03-31
current_ratio,0.5143627331161156,118,0.019931014946833876,2004-03-31
ebitda_ev,1.3775005214107048,118,0.05337669647095204,2004-03-31
ep,1.5875808044655826,118,0.06151708649539153,2004-03-31
fcf_growth,3.335411476596366,105,0.12924368682611423,2004-03-31
fcfp,4.031966399571557,118,0.15623445751629017,2004-03-31
gross_margin,2.9771684430922676,118,0.1153621460462976,2004-03-31
int_coverage,1.712933573672288,118,0.06637437446715028,2004-03-31
rev_growth,1.6569651045109832,107,0.06420565514985566,2004-03-31
roa,1.767221996940153,107,0.06847799377299839,2004-03-31
roe,1.4668186888004768,107,0.05683768152032474,2004-03-31
sp,0.5510048034879704,118,0.02135085663684121,2004-03-31
accruals,1.4256883975694394,108,0.05597941978231529,2004-04-30
asset_growth,2.805498395797375,108,0.1101574317815153,2004-04-30
bp,0.40853815317975145,119,0.016041183201694145,2004-04-30
cash_ratio,0.24843998933011763,119,0.0097549552041909,2004-04-30
current_ratio,0.4906315027223467,119,0.019264565031283206,2004-04-30
ebitda_ev,1.3394051393682487,119,0.05259152188031591,2004-04-30
ep,1.5574671591419096,119,0.06115369112031266,2004-04-30
fcf_growth,3.3421527294565148,106,0.13122907567868075,2004-04-30
fcfp,3.984968817919451,119,0.15646914336825454,2004-04-30
gross_margin,2.9201315489060704,119,0.11465848363112154,2004-04-30
int_coverage,1.6287659871066154,119,0.06395322784055797,2004-04-30
rev_growth,1.658350424083574,108,0.06511485587890073,2004-04-30
roa,1.6918389102324851,108,0.06642977576405946,2004-04-30
roe,1.4063998197703638,108,0.05522205695642773,2004-04-30
sp,0.5598040293534569,119,0.021980612880369878,2004-04-30
accruals,1.4746240555607333,109,0.06026774749640406,2004-05-31
asset_growth,2.8682062568973588,109,0.11722332197582741,2004-05-31
bp,0.4157498691421063,120,0.016991658342092965,2004-05-31
cash_ratio,0.1731218209031002,120,0.007075472659598161,2004-05-31
current_ratio,0.4366720522186697,120,0.017846746011371754,2004-05-31
ebitda_ev,1.246358651722842,120,0.05093856174984742,2004-05-31
ep,1.4723468005070666,120,0.060174676294939694,2004-05-31
fcf_growth,3.313527734742965,107,0.1354235692051587,2004-05-31
fcfp,3.728644794669624,120,0.1523893646936883,2004-05-31
gross_margin,2.934023192548259,120,0.11991325399194877,2004-05-31
int_coverage,1.4686758721355953,120,0.06002464579507436,2004-05-31
rev_growth,1.663547406038743,109,0.06798902719467519,2004-05-31
roa,1.5070629007575596,109,0.06159352007147158,2004-05-31
roe,1.236652476866234,109,0.050541871289517475,2004-05-31
sp,0.5286668113234243,120,0.021606563228384133,2004-05-31
accruals,1.4548571089850835,110,0.058893857680757576,2004-06-30
asset_growth,2.8503657872174073,110,0.11538524022306831,2004-06-30
bp,0.41065328028099096,121,0.016623595331555618,2004-06-30
cash_ratio,0.19661487702419642,121,0.007959138058211461,2004-06-30
current_ratio,0.4812343035148033,121,0.019480775402108515,2004-06-30
ebitda_ev,1.2640579517248451,121,0.051170144923061475,2004-06-30
ep,1.4987031620787576,121,0.06066878333827675,2004-06-30
fcf_growth,3.405181442419284,108,0.1378446515526868,2004-06-30
fcfp,3.748107113926953,121,0.15172657546680912,2004-06-30
gross_margin,2.905226747974447,121,0.11760605874545135,2004-06-30
int_coverage,1.5014645439658076,121,0.06078056643426175,2004-06-30
rev_growth,1.6090503253656852,110,0.06513573070373259,2004-06-30
roa,1.5515657478133191,110,0.06280870593387787,2004-06-30
roe,1.2541743277734685,110,0.05077004738855613,2004-06-30
sp,0.571779662291506,121,0.023146128817584686,2004-06-30
accruals,1.4736136045185266,111,0.0611620392972657,2004-07-31
asset_growth,2.8995942289691623,111,0.12034708123930538,2004-07-31
bp,0.3571614882581094,122,0.01482391646855738,2004-07-31
cash_ratio,0.14069231508985341,122,0.005839406529610875,2004-07-31
current_ratio,0.40212161984435657,122,0.01668997777964764,2004-07-31
ebitda_ev,1.2157586507660163,122,0.050459820774006,2004-07-31
ep,1.4456354025868694,122,0.06000080959582714,2004-07-31
fcf_growth,3.304618568105985,109,0.13715753580533063,2004-07-31
fcfp,3.7059212470865814,122,0.15381352360745781,2004-07-31
gross_margin,2.8875123238978984,122,0.11984562417451673,2004-07-31
int_coverage,1.4644874762788425,122,0.06078326116145321,2004-07-31
rev_growth,1.5929262428756137,111,0.06611408660022262,2004-07-31
roa,1.4865042397559973,111,0.06169706254660554,2004-07-31
roe,1.1569231694354516,111,0.048017865834000355,2004-07-31
sp,0.5601276977014874,122,0.023247988586192935,2004-07-31
accruals,1.553138171440147,112,0.06550344509370591,2004-08-31
asset_growth,2.902857796214146,112,0.12242773358202609,2004-08-31
bp,0.3758642804880763,123,0.01585203796569285,2004-08-31
cash_ratio,0.13214351061171384,123,0.005573139177834901,2004-08-31
current_ratio,0.35699919760180426,123,0.015056405005437099,2004-08-31
ebitda_ev,1.1954138191948693,123,0.05041645676461696,2004-08-31
ep,1.4135121954869392,123,0.059614733697845076,2004-08-31
fcf_growth,3.0711067039997944,110,0.12952361422926695,2004-08-31
fcfp,3.6472473106398158,123,0.1538222859683727,2004-08-31
gross_margin,2.9277372769415564,123,0.12347702316215191,2004-08-31
int_coverage,1.4251061524534188,123,0.06010370765878276,2004-08-31
rev_growth,1.600429138627206,112,0.06749793684564928,2004-08-31
roa,1.4350272909927206,112,0.06052213067196105,2004-08-31
roe,1.0973753149838488,112,0.046281692777906766,2004-08-31
sp,0.5768278794140408,123,0.024327657398749678,2004-08-31
accruals,1.5179309159712242,113,0.06342106851647678,2004-09-30
asset_growth,2.881813155197511,113,0.12040578898844316,2004-09-30
bp,0.4028598947513011,124,0.01683199460445487,2004-09-30
cash_ratio,0.15527658142977152,124,0.006487651451226198,2004-09-30
current_ratio,0.4014455624283364,124,0.01677290201584229,2004-09-30
ebitda_ev,1.2125949230634392,124,0.05066374555599087,2004-09-30
ep,1.4505198301123752,124,0.0606045483112152,2004-09-30
fcf_growth,3.1512329092271516,111,0.13166248618080081,2004-09-30
fcfp,3.6540061911507298,124,0.15266898814056037,2004-09-30
gross_margin,2.9002898719522614,124,0.1211777695225591,2004-09-30
int_coverage,1.423781952519067,124,0.059487406055933195,2004-09-30
rev_growth,1.602022331705548,113,0.06693451394592291,2004-09-30
roa,1.46287932278775,113,0.06112094350650793,2004-09-30
roe,1.136631285351921,113,0.04748988894540824,2004-09-30
sp,0.5808896954278497,124,0.024270304258657963,2004-09-30
accruals,1.5590030227850624,114,0.06501638242570011,2004-10-31
asset_growth,2.9008635079584253,114,0.12097709141144203,2004-10-31
bp,0.40534674421502065,125,0.016904507914177174,2004-10-31
cash_ratio,0.13893228203688665,125,0.0057940069699472276,2004-10-31
current_ratio,0.37315439732290123,125,0.01556196405369141,2004-10-31
ebitda_ev,1.1998865301723367,125,0.050039852632079496,2004-10-31
ep,1.4276436272683284,125,0.059538193756849635,2004-10-31
fcf_growth,3.2080599154397493,112,0.13378835528758692,2004-10-31
fcfp,3.658606158208206,125,0.152577854982056,2004-10-31
gross_margin,2.9223633030678244,125,0.1218737150102916,2004-10-31
int_coverage,1.4137444509177028,125,0.058958544999401966,2004-10-31
rev_growth,1.617366873440418,114,0.06745037798477621,2004-10-31
roa,1.4346896688819548,114,0.05983204061246416,2004-10-31
roe,1.1104933218678683,114,0.04631181430730398,2004-10-31
sp,0.6084645787407413,125,0.02537529765223211,2004-10-31
accruals,1.5586598641937441,115,0.06473234136496996,2004-11-30
asset_growth,2.9037095497473797,115,0.12059328793726247,2004-11-30
bp,0.41994290890852587,126,0.017440551564678115,2004-11-30
cash_ratio,0.14872496923973275,126,0.006176662208018686,2004-11-30
current_ratio,0.3744625489812556,126,0.015551717283481911,2004-11-30
ebitda_ev,1.211723901175535,126,0.05032382433967512,2004-11-30
ep,1.438633772617713,126,0.059747565589902574,2004-11-30
fcf_growth,3.2170383924218076,113,0.13360607544108624,2004-11-30
fcfp,3.6659724962847333,126,0.15225065360032697,2004-11-30
gross_margin,2.942465124510871,126,0.1222028367253065,2004-11-30
int_coverage,1.4067511798213745,126,0.05842345702208462,2004-11-30
rev_growth,1.6093636637699447,115,0.06683810910690474,2004-11-30
roa,1.429508439891432,115,0.05936858351262165,2004-11-30
roe,1.127079898076142,115,0.0468084938759875,2004-11-30
sp,0.6244970082397561,126,0.025935840427692845,2004-11-30
accruals,1.5212696774538634,116,0.06230531308484256,2004-12-31
asset_growth,2.888270122609484,116,0.11829235600355156,2004-12-31
bp,0.5056016636654002,127,0.02070748560742636,2004-12-31
cash_ratio,0.20799704828468044,127,0.008518753384863385,2004-12-31
current_ratio,0.4224467333479052,127,0.017301781776760932,2004-12-31
ebitda_ev,1.2602716052438394,127,0.0516158430687158,2004-12-31
ep,1.4718483641821458,127,0.06028120753531757,2004-12-31
fcf_growth,3.1981051197498744,114,0.13098199728647184,2004-12-31
fcfp,3.7096196664220553,127,0.15193165167727138,2004-12-31
gross_margin,2.9497909379801546,127,0.12081201028951605,2004-12-31
int_coverage,1.42163943845017,127,0.05822484443037477,2004-12-31
rev_growth,1.6307184854376922,116,0.06678791229079568,2004-12-31
roa,1.4241302402985119,116,0.05832685802552706,2004-12-31
roe,1.1358146350806746,116,0.04651856767663328,2004-12-31
sp,0.6688478701396279,127,0.02739341786193163,2004-12-31
accruals,1.6155601237657577,117,0.06756866927836111,2005-01-31
asset_growth,2.961281694190111,117,0.12385169731003326,2005-01-31
bp,0.46560477714697973,128,0.0194733051024666,2005-01-31
cash_ratio,0.14811332502315203,128,0.006194644276611778,2005-01-31
current_ratio,0.3808092814481987,128,0.015926845443750514,2005-01-31
ebitda_ev,1.2093283625108886,128,0.0505785621800157,2005-01-31
ep,1.3861530771299475,128,0.057974022421065884,2005-01-31
fcf_growth,3.100438132832837,115,0.12967173163886286,2005-01-31
fcfp,3.6623025508160763,128,0.1531709691352031,2005-01-31
gross_margin,2.9416944466435857,128,0.12303248654091647,2005-01-31
int_coverage,1.3566953142000624,128,0.05674199037731239,2005-01-31
rev_growth,1.640862750651698,117,0.06862691824277894,2005-01-31
roa,1.346953103274674,117,0.05633453526723996,2005-01-31
roe,1.0517933838018783,117,0.04398986967666809,2005-01-31
sp,0.6423096497332449,128,0.026863753108713286,2005-01-31
accruals,1.5355387992271432,118,0.06375092433955813,2005-02-28
asset_growth,2.8937341798302643,118,0.12013908658641695,2005-02-28
bp,0.486660610934539,129,0.020204675910726742,2005-02-28
cash_ratio,0.19941885568660825,129,0.008279267438346014,2005-02-28
current_ratio,0.42514776143620225,129,0.01765084854000004,2005-02-28
ebitda_ev,1.2483950965002952,129,0.05182958671114174,2005-02-28
ep,1.4509831320527888,129,0.06024042890744906,2005-02-28
fcf_growth,3.043661704971385,116,0.1263636237433416,2005-02-28
fcfp,3.704608232388006,129,0.1538041235099631,2005-02-28
gross_margin,2.909083794250012,129,0.1207763561285524,2005-02-28
int_coverage,1.404474467873118,129,0.058309529907863755,2005-02-28
rev_growth,1.614746420632314,118,0.0670393850947399,2005-02-28
roa,1.3993094607456171,118,0.05809509444145658,2005-02-28
roe,1.096135638251784,118,0.045508234748124946,2005-02-28
sp,0.6746357290011985,129,0.02800883399231909,2005-02-28
accruals,1.493000827765508,119,0.0616481399019706,2005-03-31
asset_growth,2.8508405912296184,119,0.11771528611231513,2005-03-31
bp,0.48761933816282005,130,0.020134500007584204,2005-03-31
cash_ratio,0.21607463984773134,130,0.008922030972037075,2005-03-31
current_ratio,0.4426755715588004,130,0.018278707592872104,2005-03-31
ebitda_ev,1.2748128766021203,130,0.05263884728263827,2005-03-31
ep,1.481917830317762,130,0.06119050708323037,2005-03-31
fcf_growth,3.036242284674382,117,0.12537078725001458,2005-03-31
fcfp,3.7165707456528514,130,0.15346252260723053,2005-03-31
gross_margin,2.926139810253067,130,0.12082449858061241,2005-03-31
int_coverage,1.4348213632719624,130,0.059245826587859596,2005-03-31
rev_growth,1.59602407678439,119,0.06590211722774146,2005-03-31
roa,1.421641026518133,119,0.05870159162894718,2005-03-31
roe,1.1512125075691597,119,0.047535211236110965,2005-03-31
sp,0.6885066850702029,130,0.02842942592883569,2005-03-31
accruals,1.516378602324237,120,0.06176968810863001,2005-04-30
asset_growth,2.811482014821474,120,0.1145257305216258,2005-04-30
bp,0.519262077297539,131,0.021152142685306772,2005-04-30
cash_ratio,0.282067781346336,131,0.01149003214141301,2005-04-30
current_ratio,0.5003924767339165,131,0.020383489434883124,2005-04-30
ebitda_ev,1.3275414997917596,131,0.054077408021790334,2005-04-30
ep,1.5193573340507605,131,0.06189102675679124,2005-04-30
fcf_growth,3.0545239307640317,118,0.12442604388801398,2005-04-30
fcfp,3.75332920266644,131,0.15289187928553066,2005-04-30
gross_margin,2.841078607099722,131,0.11573134782017086,2005-04-30
int_coverage,1.486695172531965,131,0.060560533483622316,2005-04-30
rev_growth,1.549564604083911,120,0.06312152001599505,2005-04-30
roa,1.4646170214765004,120,0.0596611799167618,2005-04-30
roe,1.2069601150633424,120,0.04916552485820264,2005-04-30
sp,0.7156609881147179,131,0.029152453061262462,2005-04-30
accruals,1.5594981791399476,121,0.06334264350006849,2005-05-31
asset_growth,2.8221351119472025,121,0.11462757744525438,2005-05-31
bp,0.5126141319074436,132,0.020821014506357073,2005-05-31
cash_ratio,0.27441962500312,132,0.011146190940461001,2005-05-31
current_ratio,0.46432564130678344,132,0.01885966521708705,2005-05-31
ebitda_ev,1.3142966844369133,132,0.05338321483743044,2005-05-31
ep,1.514552883919492,132,0.06151708586221044,2005-05-31
fcf_growth,3.0925415235301212,119,0.12561076239419464,2005-05-31
fcfp,3.751255426789419,132,0.15236595871363065,2005-05-31
gross_margin,2.899870877076554,132,0.11778499623782336,2005-05-31
int_coverage,1.4791020800743946,132,0.06007716906090371,2005-05-31
rev_growth,1.5556021612284767,121,0.06318439767654833,2005-05-31
roa,1.4634687653980838,121,0.05944218564668,2005-05-31
roe,1.2029444517783463,121,0.048860385076822346,2005-05-31
sp,0.7134087064231978,132,0.028976752884527997,2005-05-31
accruals,1.5928539543926556,122,0.06421570299587007,2005-06-30
asset_growth,2.862440102278514,122,0.1153989058095862,2005-06-30
bp,0.5550689995111291,133,0.022377535565344584,2005-06-30
cash_ratio,0.3175859754744075,133,0.01280343789239254,2005-06-30
current_ratio,0.4852305257853296,133,0.019562006449135805,2005-06-30
ebitda_ev,1.3300608114631574,133,0.053621231124061586,2005-06-30
ep,1.5092560728497049,133,0.060845465117223524,2005-06-30
fcf_growth,3.102199540208603,120,0.12506477681685368,2005-06-30
fcfp,3.751665651787488,133,0.15124791985518357,2005-06-30
gross_margin,2.87764751885599,133,0.11601199085958755,2005-06-30
int_coverage,1.4822865748901626,133,0.05975819326399324,2005-06-30
rev_growth,1.558244498177215,122,0.06282042720485963,2005-06-30
roa,1.4528667895336789,122,0.05857213838843841,2005-06-30
roe,1.1742908692629968,122,0.04734138587119069,2005-06-30
sp,0.7530442592861987,133,0.03035888278627892,2005-06-30
accruals,1.5812089844222363,123,0.062037939873109946,2005-07-31
asset_growth,2.8511522417758655,123,0.111863525370117,2005-07-31
bp,0.6138225577174659,134,0.024083019577800464,2005-07-31
cash_ratio,0.41248759091067866,134,0.016183743335275214,2005-07-31
current_ratio,0.5910281319583143,134,0.023188691738394072,2005-07-31
ebitda_ev,1.4112434231676554,134,0.05536942649284737,2005-07-31
ep,1.5942428661721844,134,0.06254931767344034,2005-07-31
fcf_growth,3.089041372291288,121,0.1211969858555915,2005-07-31
fcfp,3.8350889312348633,134,0.15046778690731558,2005-07-31
gross_margin,2.8665377751287555,134,0.11246716903927506,2005-07-31
int_coverage,1.521962841830384,134,0.059713447242447315,2005-07-31
rev_growth,1.5565020275325456,123,0.06106857483593226,2005-07-31
roa,1.5098455522884444,123,0.05923803147676812,2005-07-31
roe,1.2537266608064244,123,0.049189335481067784,2005-07-31
sp,0.7998829381627319,134,0.03138300510061802,2005-07-31
accruals,1.4906548794676082,124,0.058327910195235366,2005-08-31
asset_growth,2.8371232677471236,124,0.11101393988195969,2005-08-31
bp,0.6526171608753802,135,0.025536289905684916,2005-08-31
cash_ratio,0.4190828994756798,135,0.016398315976201432,2005-08-31
current_ratio,0.6079091082473471,135,0.02378690625249275,2005-08-31
ebitda_ev,1.4537689187306166,135,0.05688459757139005,2005-08-31
ep,1.6382528269949226,135,0.06410327775143926,2005-08-31
fcf_growth,3.02888678137896,122,0.11851746410873133,2005-08-31
fcfp,3.8485115330597615,135,0.15058860248443925,2005-08-31
gross_margin,2.8506593958522966,135,0.11154359572341892,2005-08-31
int_coverage,1.516877756353352,135,0.05935398647158892,2005-08-31
rev_growth,1.5962458977312561,124,0.062459586491029055,2005-08-31
roa,1.5255690655404264,124,0.05969406914848845,2005-08-31
roe,1.2812974637194032,124,0.050135953282425885,2005-08-31
sp,0.8090026278639602,135,0.03165550475547473,2005-08-31
accruals,1.5193208196499848,125,0.060631704367757534,2005-09-30
asset_growth,2.7865470076092316,125,0.11120304032373168,2005-09-30
bp,0.6195706808519987,136,0.0247252758406897,2005-09-30
cash_ratio,0.3939543984293233,136,0.015721581848294086,2005-09-30
current_ratio,0.5690208551216241,136,0.022707978341777114,2005-09-30
ebitda_ev,1.4336334403242972,136,0.05721216862248954,2005-09-30
ep,1.6082949160216113,136,0.06418240349451315,2005-09-30
fcf_growth,2.962097379739213,123,0.11820874848422866,2005-09-30
fcfp,3.741591609476682,136,0.14931611111795018,2005-09-30
gross_margin,2.833550146032673,136,0.11307879977913322,2005-09-30
int_coverage,1.509135201601595,136,0.06022522577921615,2005-09-30
rev_growth,1.5565858950289106,125,0.06211884586176915,2005-09-30
roa,1.4945436185739918,125,0.05964291785784438,2005-09-30
roe,1.2469171794660998,125,0.04976086210276753,2005-09-30
sp,0.7834277027644483,136,0.03126433617783796,2005-09-30
accruals,1.5622615918079599,126,0.061827991895972385,2005-10-31
asset_growth,2.790881142028939,126,0.11045178191463763,2005-10-31
bp,0.6240949501116291,137,0.024699152638812567,2005-10-31
cash_ratio,0.3766605490904715,137,0.014906700323949886,2005-10-31
current_ratio,0.558296562842763,137,0.022095118732993045,2005-10-31
ebitda_ev,1.4259972851573464,137,0.0564352020511203,2005-10-31
ep,1.595824449635468,137,0.06315627399203504,2005-10-31
fcf_growth,3.0443277446440415,124,0.12048217283938266,2005-10-31
fcfp,3.7347101206328697,137,0.14780471355317015,2005-10-31
gross_margin,2.9282272304583117,137,0.11588738430471329,2005-10-31
int_coverage,1.5098382617752446,137,0.05975328863153917,2005-10-31
rev_growth,1.5964515443822662,126,0.06318109186448762,2005-10-31
roa,1.4978947316648406,126,0.05928061204091725,2005-10-31
roe,1.2455510865667938,126,0.04929387171142702,2005-10-31
sp,0.7768516205775653,137,0.030744643504842004,2005-10-31
accruals,1.530481164509371,127,0.06084218471067858,2005-11-30
asset_growth,2.802692019687122,127,0.11141718663595132,2005-11-30
bp,0.625319785277614,138,0.024858732509327467,2005-11-30
cash_ratio,0.3940628194729202,138,0.01566542823652986,2005-11-30
current_ratio,0.5765772907916829,138,0.022921041329885254,2005-11-30
ebitda_ev,1.439261415598419,138,0.057215868398395806,2005-11-30
ep,1.5933942233306657,138,0.06334320728729165,2005-11-30
fcf_growth,3.018039338848659,125,0.1199780246738215,2005-11-30
fcfp,3.741137267426581,138,0.14872379349127082,2005-11-30
gross_margin,2.808292693940581,138,0.11163983377812801,2005-11-30
int_coverage,1.479544247826969,138,0.05881725727919553,2005-11-30
rev_growth,1.5976668268165244,127,0.06351305879315154,2005-11-30
roa,1.4873633552829775,127,0.05912809519810819,2005-11-30
roe,1.236862730150957,127,0.049169785577676706,2005-11-30
sp,0.8242392105128479,138,0.03276650210058794,2005-11-30
accruals,1.4356960338666243,128,0.05763766822427913,2005-12-31
asset_growth,2.7915276733330767,128,0.11206908849719163,2005-12-31
bp,0.6134730518861842,139,0.024628581116799768,2005-12-31
cash_ratio,0.3698789082187964,139,0.014849214103947371,2005-12-31
current_ratio,0.5628460668982755,139,0.02259610258715599,2005-12-31
ebitda_ev,1.437115908374194,139,0.057694670719136636,2005-12-31
ep,1.6008326564456272,139,0.06426726783266727,2005-12-31
fcf_growth,3.01934653808548,126,0.12121513879759302,2005-12-31
fcfp,3.701749127115563,139,0.14861097544692584,2005-12-31
gross_margin,2.7941100659865343,139,0.11217276161982605,2005-12-31
int_coverage,1.4584760571855178,139,0.05855219845576524,2005-12-31
rev_growth,1.5743398234544803,128,0.06320368258743086,2005-12-31
roa,1.4872505818547581,128,0.05970738483719609,2005-12-31
roe,1.2388005966460314,128,0.049733074481806486,2005-12-31
sp,0.8235457385809297,139,0.0330621906922787,2005-12-31
accruals,1.4207231419364268,129,0.0563506115534891,2006-01-31
asset_growth,2.8039459241035614,129,0.1112138339428971,2006-01-31
bp,0.6321798692832947,140,0.025074359102339808,2006-01-31
cash_ratio,0.42493428293815044,140,0.016854308912692878,2006-01-31
current_ratio,0.6277611537576822,140,0.02489909812798151,2006-01-31
ebitda_ev,1.4812723345176266,140,0.058752194191447754,2006-01-31
ep,1.6479833431619542,140,0.06536450802833127,2006-01-31
fcf_growth,2.946836685887242,127,0.11688135745552151,2006-01-31
fcfp,3.755396019657768,140,0.14895151355444264,2006-01-31
gross_margin,2.7353635018845956,140,0.1084936266626871,2006-01-31
int_coverage,1.4984338404814677,140,0.05943287667468175,2006-01-31
rev_growth,1.5693782563918857,129,0.06224676849135776,2006-01-31
roa,1.5306373123212649,129,0.06071017362209738,2006-01-31
roe,1.288874598475054,129,0.05112105919583657,2006-01-31
sp,0.8484842307619159,140,0.033653710484195944,2006-01-31
accruals,1.3868586990653147,130,0.05474931138927178,2006-02-28
asset_growth,2.835208072435913,130,0.11192610300947495,2006-02-28
bp,0.6472859438750784,141,0.025553042803134467,2006-02-28
cash_ratio,0.47555953907659265,141,0.01877376354677697,2006-02-28
current_ratio,0.661681958343979,141,0.02612135728207417,2006-02-28
ebitda_ev,1.5138359974079072,141,0.059762020795797746,2006-02-28
ep,1.6647636671580741,141,0.06572022403162711,2006-02-28
fcf_growth,2.954975556642405,128,0.11665418907300125,2006-02-28
fcfp,3.7562176982382116,141,0.14828499294509048,2006-02-28
gross_margin,2.6531922156306447,141,0.10474062490075854,2006-02-28
int_coverage,1.492756960867741,141,0.058929879254556956,2006-02-28
rev_growth,1.5599233341533707,130,0.06158142024310999,2006-02-28
roa,1.5529143733677035,130,0.06130472602990117,2006-02-28
roe,1.294252390905966,130,0.051093472762420974,2006-02-28
sp,0.8816446852991591,141,0.03480487193300355,2006-02-28
accruals,1.4391563281620494,131,0.05575275701614577,2006-03-31
asset_growth,2.8483756378976826,131,0.11034575724878253,2006-03-31
bp,0.6903231279240519,142,0.026743041642270905,2006-03-31
cash_ratio,0.5032232952224813,142,0.01949481481225441,2006-03-31
current_ratio,0.716707961732306,142,0.027765187186460417,2006-03-31
ebitda_ev,1.5469051797644382,142,0.05992693561273275,2006-03-31
ep,1.681765190653025,142,0.06515139752221027,2006-03-31
fcf_growth,2.972333936001612,129,0.11514788801045553,2006-03-31
fcfp,3.802056325083307,142,0.14729124161569282,2006-03-31
gross_margin,2.7138059430501285,142,0.10513254215063249,2006-03-31
int_coverage,1.5202391566513842,142,0.05889389682596821,2006-03-31
rev_growth,1.5996816975750918,131,0.061971492076875495,2006-03-31
roa,1.5661442321852226,131,0.06067225437612709,2006-03-31
roe,1.2966532255910046,131,0.050232202580036064,2006-03-31
sp,0.9158155031238205,142,0.03547859132335509,2006-03-31
accruals,1.4728571442682845,132,0.056558381920462544,2006-04-30
asset_growth,2.889514636846216,132,0.11095867174321587,2006-04-30
bp,0.6969372456581113,143,0.026762706123891856,2006-04-30
cash_ratio,0.49788324977251,143,0.019118942459571863,2006-04-30
current_ratio,0.7336613695243869,143,0.02817292912576694,2006-04-30
ebitda_ev,1.5625462060677988,143,0.06000248254562195,2006-04-30
ep,1.684128506805333,143,0.0646712980017864,2006-04-30
fcf_growth,3.0084625469865904,130,0.11552632540639743,2006-04-30
fcfp,3.8350557212724667,143,0.14726787795685461,2006-04-30
gross_margin,2.7429723692184367,143,0.10533138224522444,2006-04-30
int_coverage,1.5169221481962556,143,0.0582504980440008,2006-04-30
rev_growth,1.6441262610471434,132,0.06313519363343513,2006-04-30
roa,1.5536899363528829,132,0.059662397774416474,2006-04-30
roe,1.2900214175290732,132,0.04953740714238317,2006-04-30
sp,0.9125805272097095,143,0.03504350587697064,2006-04-30
accruals,1.5119085944432735,133,0.05798034559975752,2006-05-31
asset_growth,2.860985213428154,133,0.10971623022716022,2006-05-31
bp,0.6837702243457942,144,0.0262219780111716,2006-05-31
cash_ratio,0.47579796934845237,144,0.01824642759481394,2006-05-31
current_ratio,0.7091558028485027,144,0.027195492296523485,2006-05-31
ebitda_ev,1.5631698832471248,144,0.05994617028761221,2006-05-31
ep,1.6718381216583464,144,0.06411350027168412,2006-05-31
fcf_growth,3.092102608326386,131,0.11857937610751647,2006-05-31
fcfp,3.859150853737455,144,0.1479949919219089,2006-05-31
gross_margin,2.7731547183288714,144,0.1063480091066702,2006-05-31
int_coverage,1.5406817714638978,144,0.05908377126569409,2006-05-31
rev_growth,1.607955596630054,133,0.06166366243589258,2006-05-31
roa,1.5405287610856084,133,0.05907790345420987,2006-05-31
roe,1.265647727491111,133,0.0485364610778629,2006-05-31
sp,0.9203781368162934,144,0.035295680341522,2006-05-31
accruals,1.4974949200187229,134,0.05780786209450418,2006-06-30
asset_growth,2.869128509610818,134,0.11075709372885136,2006-06-30
bp,0.6824524854166876,145,0.026344743234605596,2006-06-30
cash_ratio,0.49628077185923675,145,0.01915794840855564,2006-06-30
current_ratio,0.7105437916708439,145,0.027429153162336403,2006-06-30
ebitda_ev,1.5742152979223971,145,0.06076950220854102,2006-06-30
ep,1.6787186863951602,145,0.06480365109845268,2006-06-30
fcf_growth,3.019675782108989,132,0.11656867669380006,2006-06-30
fcfp,3.8220715867715356,145,0.1475435971433207,2006-06-30
gross_margin,2.708692886735046,145,0.10456379034046154,2006-06-30
int_coverage,1.5060601861410945,145,0.05813850743839529,2006-06-30
rev_growth,1.633554608523167,134,0.06306018021895414,2006-06-30
roa,1.5270421485000392,134,0.05894847505184321,2006-06-30
roe,1.2505498672100497,134,0.048275031387135,2006-06-30
sp,0.9282114620215165,145,0.03583178779024309,2006-06-30
accruals,1.469941853898484,135,0.057639017497263696,2006-07-31
asset_growth,2.8531525811120004,135,0.11187715426220865,2006-07-31
bp,0.6714881978614502,146,0.026330238766311864,2006-07-31
cash_ratio,0.4600385244950956,146,0.018038923439361722,2006-07-31
current_ratio,0.6496431710614323,146,0.025473656665043674,2006-07-31
ebitda_ev,1.5633168060433302,146,0.06130041436558815,2006-07-31
ep,1.6608654199580564,146,0.06512546788682289,2006-07-31
fcf_growth,3.018308251438407,133,0.11835319992787176,2006-07-31
fcfp,3.7839871914206644,146,0.14837682412897674,2006-07-31
gross_margin,2.6873676703972067,146,0.10537643496904113,2006-07-31
int_coverage,1.4819243841230434,146,0.05810887368065159,2006-07-31
rev_growth,1.575574935646847,135,0.061781077287612556,2006-07-31
roa,1.5019197512194038,135,0.05889292735656721,2006-07-31
roe,1.19428656673657,135,0.04683008660125555,2006-07-31
sp,0.9307334493142069,146,0.036495703165422666,2006-07-31
accruals,1.4912688386147948,136,0.05882519679087502,2006-08-31
asset_growth,2.8725240193910744,136,0.1133107501154211,2006-08-31
bp,0.65926666761324,147,0.026005700954655816,2006-08-31
cash_ratio,0.45848313832062937,147,0.018085512242085836,2006-08-31
current_ratio,0.6405267675107686,147,0.025266479237669365,2006-08-31
ebitda_ev,1.5624475466369212,147,0.061632941040805925,2006-08-31
ep,1.6367698322790845,147,0.06456468813136336,2006-08-31
fcf_growth,3.0200704789029174,134,0.11913092773318933,2006-08-31
fcfp,3.763450746154792,147,0.14845460793035894,2006-08-31
gross_margin,2.662485554040462,147,0.10502548743308682,2006-08-31
int_coverage,1.458537438103463,147,0.057534060661383765,2006-08-31
rev_growth,1.5682383195784082,136,0.06186136622413549,2006-08-31
roa,1.4629846813203744,136,0.05770948842506901,2006-08-31
roe,1.1745630003056466,136,0.04633228955581208,2006-08-31
sp,0.9192346465102297,147,0.03626050352408821,2006-08-31
accruals,1.499277489696171,137,0.0594187522340581,2006-09-30
asset_growth,2.863895873311672,137,0.11350074985447324,2006-09-30
bp,0.6454804433661457,148,0.02558141691574077,2006-09-30
cash_ratio,0.461705987197012,148,0.018298142836653916,2006-09-30
current_ratio,0.6598644447863541,148,0.026151477776652447,2006-09-30
ebitda_ev,1.5596008455791777,148,0.0618094628008296,2006-09-30
ep,1.652493985337914,148,0.06549096572040364,2006-09-30
fcf_growth,2.9588658630294997,135,0.11726456164214852,2006-09-30
fcfp,3.7578714011644103,148,0.14893042231861311,2006-09-30
gross_margin,2.653138070204346,148,0.10514808280631635,2006-09-30
int_coverage,1.4465173060193302,148,0.05732778221465702,2006-09-30
rev_growth,1.5404863626782976,137,0.06105192543274726,2006-09-30
roa,1.467947235852929,137,0.05817708442850798,2006-09-30
roe,1.1687112743594994,137,0.046317887196712405,2006-09-30
sp,0.8965394763301602,148,0.035531285821485535,2006-09-30
accruals,1.4819285567488771,138,0.05802583696467193,2006-10-31
asset_growth,2.859684432761038,138,0.11197272763934005,2006-10-31
bp,0.6612437880501905,149,0.025891412959527953,2006-10-31
cash_ratio,0.45942880912691253,149,0.01798922158147541,2006-10-31
current_ratio,0.6712401187702038,149,0.026282825523894056,2006-10-31
ebitda_ev,1.5779342231729017,149,0.06178499871524013,2006-10-31
ep,1.6712131245973705,149,0.06543739228148217,2006-10-31
fcf_growth,2.9995201520763324,136,0.11744808244904016,2006-10-31
fcfp,3.8356292455644776,149,0.15018645551194895,2006-10-31
gross_margin,2.67840228748411,149,0.10487451216968059,2006-10-31
int_coverage,1.4900408443223772,149,0.058343478644499694,2006-10-31
rev_growth,1.5510751341850035,138,0.0607333143330655,2006-10-31
roa,1.4984159818895069,138,0.058671412379775786,2006-10-31
roe,1.1952650310488688,138,0.046801347814885305,2006-10-31
sp,0.9080938481662615,149,0.03555698103147236,2006-10-31
accruals,1.4620383026604897,139,0.057473198142918645,2006-11-30
asset_growth,2.8310690509673564,139,0.11129023926831806,2006-11-30
bp,0.639090129596312,150,0.025122839519753578,2006-11-30
cash_ratio,0.4168189827126313,150,0.01638528890767085,2006-11-30
current_ratio,0.6376875434816999,150,0.02506770340633513,2006-11-30
ebitda_ev,1.5885467604938992,150,0.0624462865022207,2006-11-30
ep,1.672388589787222,150,0.06574213590566746,2006-11-30
fcf_growth,3.0234238843007053,137,0.11885176992712385,2006-11-30
fcfp,3.8212183057378724,150,0.15021332644526456,2006-11-30
gross_margin,2.6542248598825866,150,0.10433843696864921,2006-11-30
int_coverage,1.5164993745344422,150,0.05961408047766433,2006-11-30
rev_growth,1.5444809043577608,139,0.060714043457396893,2006-11-30
roa,1.52030675743331,139,0.05976374992979455,2006-11-30
roe,1.2039656394948468,139,0.04732827835634449,2006-11-30
sp,0.9068514304525108,150,0.0356486227848775,2006-11-30
accruals,1.4794314026239326,140,0.05828608672777113,2006-12-31
asset_growth,2.8305732144558484,140,0.11151786799608561,2006-12-31
bp,0.6405865973165482,151,0.025237591889436976,2006-12-31
cash_ratio,0.41985668112380214,151,0.01654135696039213,2006-12-31
current_ratio,0.647924979598284,151,0.02552670673812558,2006-12-31
ebitda_ev,1.594685792477484,151,0.06282683620141744,2006-12-31
ep,1.6618790238695313,151,0.06547409007577068,2006-12-31
fcf_growth,3.034624107017308,138,0.11955698897163217,2006-12-31
fcfp,3.810625203504649,151,0.150129590803989,2006-12-31
gross_margin,2.6190460054750204,151,0.10318419789413094,2006-12-31
int_coverage,1.4926201959441474,151,0.058805693888963784,2006-12-31
rev_growth,1.5382620033036354,140,0.06060387279570393,2006-12-31
roa,1.5027244103072,140,0.05920377595862672,2006-12-31
roe,1.194721294466509,140,0.04706918405360571,2006-12-31
sp,0.9146784132062459,151,0.0360361590443483,2006-12-31
accruals,1.5008970393120291,141,0.06027275662215836,2007-01-31
asset_growth,2.813107312286184,141,0.11296826360798079,2007-01-31
bp,0.6214075973982909,152,0.024954375883315248,2007-01-31
cash_ratio,0.3970472789886619,152,0.01594455408143334,2007-01-31
current_ratio,0.6163507171713081,152,0.02475130258567716,2007-01-31
ebitda_ev,1.5793752913573744,152,0.0634242723236149,2007-01-31
ep,1.6186684922962793,152,0.06500220170522109,2007-01-31
fcf_growth,2.9376956101688716,139,0.11797145833724366,2007-01-31
fcfp,3.6999479323995996,152,0.1485818516547938,2007-01-31
gross_margin,2.5652264479671874,152,0.10301390790265043,2007-01-31
int_coverage,1.4924017906251943,152,0.05993160593484606,2007-01-31
rev_growth,1.4724498201174518,141,0.059130378248304104,2007-01-31
roa,1.4885299835081145,141,0.05977612259258918,2007-01-31
roe,1.191126978329809,141,0.047833065553828553,2007-01-31
sp,0.9075164155526567,152,0.03644388296634334,2007-01-31
accruals,1.479167045613988,142,0.05974480285739053,2007-02-28
asset_growth,2.8559545327426794,142,0.11535440911445946,2007-02-28
bp,0.631040284030516,153,0.025488248589817273,2007-02-28
cash_ratio,0.38121431743678613,153,0.015397567373617062,2007-02-28
current_ratio,0.5934934112276645,153,0.023971698772019823,2007-02-28
ebitda_ev,1.5773554432641363,153,0.06371071494141493,2007-02-28
ep,1.5706640574705695,153,0.06344044423313705,2007-02-28
fcf_growth,2.9690013330323,140,0.11992046459615029,2007-02-28
fcfp,3.71077934578299,153,0.14988150332206454,2007-02-28
gross_margin,2.5015382634812013,153,0.10103923747832454,2007-02-28
int_coverage,1.4517607965566386,153,0.05863784137400228,2007-02-28
rev_growth,1.517380487625381,142,0.06128827596696439,2007-02-28
roa,1.443481910827208,142,0.05830345020618229,2007-02-28
roe,1.1512430147227053,142,0.04649967504312925,2007-02-28
sp,0.9240130687289794,153,0.03732166613132614,2007-02-28
accruals,1.4841618105159617,143,0.05981794520804855,2007-03-31
asset_growth,2.825483335021332,143,0.11387882784950733,2007-03-31
bp,0.6162497630712981,154,0.024837449866100942,2007-03-31
cash_ratio,0.38409317835234913,154,0.015480565888889608,2007-03-31
current_ratio,0.5863786095352749,154,0.023633517105630667,2007-03-31
ebitda_ev,1.586138639184718,154,0.06392803907151857,2007-03-31
ep,1.5804555424626472,154,0.06369898643997654,2007-03-31
fcf_growth,2.9908753470106535,141,0.12054481954995859,2007-03-31
fcfp,3.708670224877901,154,0.14947496339994357,2007-03-31
gross_margin,2.5198129576281905,154,0.10155902972704389,2007-03-31
int_coverage,1.478820823287558,154,0.05960268102383235,2007-03-31
rev_growth,1.4767236010662748,143,0.05951815417303149,2007-03-31
roa,1.4649512550001882,143,0.05904367925596935,2007-03-31
roe,1.176531004514846,143,0.047419133591082574,2007-03-31
sp,0.9319677266570349,154,0.03756220784946583,2007-03-31
accruals,1.4788965798221234,144,0.05915177352376354,2007-04-30
asset_growth,2.839361669520843,144,0.11356661494730949,2007-04-30
bp,0.6262243367902277,155,0.025047241741095846,2007-04-30
cash_ratio,0.4205014776482531,155,0.0168188962714682,2007-04-30
current_ratio,0.6141180582425994,155,0.024563024077308267,2007-04-30
ebitda_ev,1.6161193176909743,155,0.06464030356939074,2007-04-30
ep,1.5897054870924807,155,0.06358382338898146,2007-04-30
fcf_growth,3.0069710023819227,142,0.12027052476300475,2007-04-30
fcfp,3.7163721449645504,155,0.1486446087226781,2007-04-30
gross_margin,2.515352840371095,155,0.10060715777967517,2007-04-30
int_coverage,1.478147182225348,155,0.059121799692240413,2007-04-30
rev_growth,1.4697999956626102,144,0.05878793531263717,2007-04-30
roa,1.4850969666769298,144,0.059399771851705675,2007-04-30
roe,1.1977974457305407,144,0.047908585498059104,2007-04-30
sp,0.9472639594662702,155,0.03788793886068201,2007-04-30
accruals,1.443431889179639,145,0.05751944135157836,2007-05-31
asset_growth,2.8720716316733403,145,0.1144494291791326,2007-05-31
bp,0.6819145155402278,156,0.027173670110404946,2007-05-31
cash_ratio,0.49736207721709275,156,0.019819424141479122,2007-05-31
current_ratio,0.6816118239912945,156,0.027161608128868444,2007-05-31
ebitda_ev,1.651773666720033,156,0.06582167074262299,2007-05-31
ep,1.617995949309921,156,0.06447565957983419,2007-05-31
fcf_growth,2.792059181989716,143,0.11126100619812931,2007-05-31
fcfp,3.722917101593931,156,0.1483548434028465,2007-05-31
gross_margin,2.4794841301906496,156,0.09880517610687281,2007-05-31
int_coverage,1.4599034727639337,156,0.05817581890083905,2007-05-31
rev_growth,1.4943507656665773,145,0.059548512034950395,2007-05-31
roa,1.47641372350528,145,0.05883373730096284,2007-05-31
roe,1.2211676656811632,145,0.04866241521552656,2007-05-31
sp,1.0022209217050138,156,0.039937587605951806,2007-05-31
accruals,1.4700482923601892,146,0.058350200462265266,2007-06-30
asset_growth,2.853056210534521,146,0.11324553259914973,2007-06-30
bp,0.675751628162359,157,0.02682241336620977,2007-06-30
cash_ratio,0.5172626778013881,157,0.020531557431287352,2007-06-30
current_ratio,0.7149954450290616,157,0.02838010680592669,2007-06-30
ebitda_ev,1.642756451893508,157,0.06520545534240145,2007-06-30
ep,1.627022952481194,157,0.06458095011393204,2007-06-30
fcf_growth,2.782008544873622,144,0.11042545821435959,2007-06-30
fcfp,3.7299607247573467,157,0.1480522491247795,2007-06-30
gross_margin,2.4865207011396384,157,0.09869674494307074,2007-06-30
int_coverage,1.474043927669457,157,0.05850879805561069,2007-06-30
rev_growth,1.4685831493139911,146,0.058292044964316087,2007-06-30
roa,1.500415028995083,146,0.05955553853125213,2007-06-30
roe,1.260600123111232,146,0.05003663503339794,2007-06-30
sp,0.9905172782178064,157,0.039316315012041164,2007-06-30
accruals,1.4602181081315697,147,0.05765501075723477,2007-07-31
asset_growth,2.884581523883937,147,0.11389434075876012,2007-07-31
bp,0.7251546369385482,158,0.028631885990543806,2007-07-31
cash_ratio,0.5630805668733608,158,0.02223258016010601,2007-07-31
current_ratio,0.7537020676933108,158,0.02975904803441359,2007-07-31
ebitda_ev,1.6811159005156895,158,0.06637690273024426,2007-07-31
ep,1.6496582609417756,158,0.06513483448171943,2007-07-31
fcf_growth,2.6525108261060946,145,0.1047312996333895,2007-07-31
fcfp,3.7249778401530116,158,0.14707641019414902,2007-07-31
gross_margin,2.508456692980039,158,0.0990434900186778,2007-07-31
int_coverage,1.462557016539654,158,0.057747359830758335,2007-07-31
rev_growth,1.5055934479154034,147,0.05944660318358646,2007-07-31
roa,1.4933764661161093,147,0.05896422989076343,2007-07-31
roe,1.2542220229976155,147,0.04952149533360858,2007-07-31
sp,1.0076151180080986,158,0.039784509002044825,2007-07-31
accruals,1.5157088346143417,148,0.059711918294523915,2007-08-31
asset_growth,2.921855048724957,148,0.11510757604200349,2007-08-31
bp,0.7339870438874248,159,0.028915695015392994,2007-08-31
cash_ratio,0.5268622562495281,159,0.02075593628485054,2007-08-31
current_ratio,0.7314450037000644,159,0.028815550388336254,2007-08-31
ebitda_ev,1.6795162275827773,159,0.06616517200763494,2007-08-31
ep,1.6226594339886413,159,0.06392527728903916,2007-08-31
fcf_growth,2.734989575606427,146,0.1077459406090608,2007-08-31
fcfp,3.7372044976533094,159,0.14722857353442928,2007-08-31
gross_margin,2.504673155341156,159,0.09867253880872998,2007-08-31
int_coverage,1.441205435568251,159,0.056776828932432535,2007-08-31
rev_growth,1.5390417334028577,148,0.0606311265977392,2007-08-31
roa,1.4624547523149993,148,0.05761395373926863,2007-08-31
roe,1.2195784031746435,148,0.04804574882791358,2007-08-31
sp,1.0125087877812127,159,0.039888163628644696,2007-08-31
accruals,1.4791559657271909,149,0.05746249783980124,2007-09-30
asset_growth,2.9353083284886847,149,0.11403134787210156,2007-09-30
bp,0.7329543792198174,160,0.028473934060013497,2007-09-30
cash_ratio,0.5292932904969013,160,0.020562074092603837,2007-09-30
current_ratio,0.7388679786858234,160,0.02870366655909703,2007-09-30
ebitda_ev,1.693894812169529,160,0.06580470838806339,2007-09-30
ep,1.6591707754688907,160,0.0644557432145912,2007-09-30
fcf_growth,2.767399571989976,147,0.10750840047429464,2007-09-30
fcfp,3.80810140329742,160,0.14793775891857563,2007-09-30
gross_margin,2.5468848798500745,160,0.09894180890833765,2007-09-30
int_coverage,1.4882215369987388,160,0.05781467866567634,2007-09-30
rev_growth,1.5549579039535248,149,0.06040726418798147,2007-09-30
roa,1.5062164332568766,149,0.05851374739900787,2007-09-30
roe,1.2683498978626715,149,0.049273068530143106,2007-09-30
sp,1.0324631528821262,160,0.04010930088971141,2007-09-30
accruals,1.5000090091487244,150,0.05880562718606743,2007-10-31
asset_growth,2.9394739135666654,150,0.11523771259378701,2007-10-31
bp,0.7131991296475678,161,0.02795991348830914,2007-10-31
cash_ratio,0.5351604020468497,161,0.020980169382697846,2007-10-31
current_ratio,0.7525140603637003,161,0.029501197003566834,2007-10-31
ebitda_ev,1.6877260530382594,161,0.06616479531913307,2007-10-31
ep,1.6233413758644424,161,0.06364068959757643,2007-10-31
fcf_growth,2.7455176610176304,148,0.10763394554422895,2007-10-31
fcfp,3.761019029834577,161,0.1474451697017964,2007-10-31
gross_margin,2.541305666671041,161,0.09962811735704759,2007-10-31
int_coverage,1.4424793514616319,161,0.05655026233061954,2007-10-31
rev_growth,1.535976530472424,150,0.06021568048365979,2007-10-31
roa,1.4700740307379838,150,0.0576320707810669,2007-10-31
roe,1.234146730534634,150,0.04838289109337476,2007-10-31
sp,1.0259732351549176,161,0.040221758137068374,2007-10-31
accruals,1.5068571173022158,151,0.05939280238549849,2007-11-30
asset_growth,2.9163191026361828,151,0.11494677376314662,2007-11-30
bp,0.7104339921211851,162,0.028001769522472752,2007-11-30
cash_ratio,0.5290412672018214,162,0.02085217176592439,2007-11-30
current_ratio,0.7556444100596239,162,0.029783739018818138,2007-11-30
ebitda_ev,1.7007828752992156,162,0.06703638988289476,2007-11-30
ep,1.6304332820836307,162,0.06426355930740268,2007-11-30
fcf_growth,2.6845511756480582,149,0.10581163644399126,2007-11-30
fcfp,3.718261800602504,162,0.14655536069412275,2007-11-30
gross_margin,2.5537782735334957,162,0.10065721998108611,2007-11-30
int_coverage,1.4378152019874648,162,0.05667151395972738,2007-11-30
rev_growth,1.5023870135615411,151,0.05921661316021355,2007-11-30
roa,1.469633431159734,151,0.05792563007716553,2007-11-30
roe,1.2279807725553842,151,0.04840088587041938,2007-11-30
sp,1.0271194805754447,162,0.04048393416711609,2007-11-30
accruals,1.443231276120088,152,0.05660305146002872,2007-12-31
asset_growth,2.9603278866234928,152,0.116103076809406,2007-12-31
bp,0.7364986756356247,163,0.028885233522182547,2007-12-31
cash_ratio,0.5417750411965505,163,0.021248237232669193,2007-12-31
current_ratio,0.7663659384701342,163,0.030056617653862965,2007-12-31
ebitda_ev,1.7122585423459047,163,0.06715421151752714,2007-12-31
ep,1.637134595094862,163,0.06420787524939776,2007-12-31
fcf_growth,2.6451860625519035,150,0.1037433191043996,2007-12-31
fcfp,3.7673512356189938,163,0.147754264604782,2007-12-31
gross_margin,2.56582053647322,163,0.10063062952296194,2007-12-31
int_coverage,1.427360692101032,163,0.0559806124242379,2007-12-31
rev_growth,1.5504833112451128,152,0.06080944066723535,2007-12-31
roa,1.4653126809660988,152,0.0574690768265026,2007-12-31
roe,1.2212515427822546,152,0.0478970800214224,2007-12-31
sp,1.0570531451261431,163,0.041457273383383744,2007-12-31
accruals,1.4763040658884587,153,0.05756511766390056,2008-01-31
asset_growth,2.992174080902135,153,0.11667301948013381,2008-01-31
bp,0.715901448894226,164,0.027914947938961158,2008-01-31
cash_ratio,0.566925217489858,164,0.0221059587963648,2008-01-31
current_ratio,0.7895736605846813,164,0.03078762818994224,2008-01-31
ebitda_ev,1.7205285988511352,164,0.06708809758467105,2008-01-31
ep,1.6325176712241503,164,0.06365631173403233,2008-01-31
fcf_growth,2.658160300626878,151,0.10364891217921812,2008-01-31
fcfp,3.7917551891079,164,0.1478508653177368,2008-01-31
gross_margin,2.55911940242201,164,0.09978703772500769,2008-01-31
int_coverage,1.4228940469263196,164,0.05548251551097863,2008-01-31
rev_growth,1.5425518340795668,153,0.06014829863522497,2008-01-31
roa,1.4640920625070832,153,0.057088938380916755,2008-01-31
roe,1.2338871654460228,153,0.048112622259921065,2008-01-31
sp,1.079425179525036,164,0.04208972860298985,2008-01-31
accruals,1.4841785881991274,154,0.05780642140989082,2008-02-29
asset_growth,3.0171378671192897,154,0.11751277399174877,2008-02-29
bp,0.7213071006541066,165,0.028093776960460757,2008-02-29
cash_ratio,0.5744475788364192,165,0.02237382959445732,2008-02-29
current_ratio,0.7876863983453165,165,0.030679146191455117,2008-02-29
ebitda_ev,1.7335676002974372,165,0.06751973114429663,2008-02-29
ep,1.6201491150918836,165,0.06310225955186582,2008-02-29
fcf_growth,2.6398547693872647,152,0.10281819079823327,2008-02-29
fcfp,3.8138870161285685,165,0.14854490006593446,2008-02-29
gross_margin,2.491566713412468,165,0.09704260427388267,2008-02-29
int_coverage,1.4298214425614175,165,0.055689296090635984,2008-02-29
rev_growth,1.5799452042160282,154,0.061536380463665705,2008-02-29
roa,1.4654833462212535,154,0.057078271142311385,2008-02-29
roe,1.2111126584952763,154,0.047170932978341885,2008-02-29
sp,1.1048324322198804,165,0.04303148534281933,2008-02-29
accruals,1.4974734973091726,155,0.058097043191699296,2008-03-31
asset_growth,3.005860357531031,155,0.11661748894621143,2008-03-31
bp,0.7225752166701062,166,0.028033540258019962,2008-03-31
cash_ratio,0.594350514654428,166,0.02305884383458831,2008-03-31
current_ratio,0.7885307018015453,166,0.030592396007584902,2008-03-31
ebitda_ev,1.75168746947949,166,0.06795970863963617,2008-03-31
ep,1.633625073679589,166,0.0633792762510647,2008-03-31
fcf_growth,2.6572429957534545,153,0.10309228268315428,2008-03-31
fcfp,3.8333162911912453,166,0.14872005583869252,2008-03-31
gross_margin,2.461595362835493,166,0.09550179844392519,2008-03-31
int_coverage,1.443886847698788,166,0.05601805755188186,2008-03-31
rev_growth,1.5546026209328787,155,0.0603134651641979,2008-03-31
roa,1.4836069591505086,155,0.057559067148870595,2008-03-31
roe,1.234220932096787,155,0.04788371008166301,2008-03-31
sp,1.1128074341455494,166,0.04317326595880986,2008-03-31
accruals,1.4526543698502075,156,0.05655306630681858,2008-04-30
asset_growth,2.9959206941195053,156,0.11663373282798246,2008-04-30
bp,0.7197667704778904,167,0.028021130656481045,2008-04-30
cash_ratio,0.5871091129861246,167,0.022856655571459508,2008-04-30
current_ratio,0.7619282791918359,167,0.029662513938962163,2008-04-30
ebitda_ev,1.7681674478222182,167,0.06883625795209582,2008-04-30
ep,1.6611254357978467,167,0.06466902166432437,2008-04-30
fcf_growth,2.6111965040418177,154,0.10165609390514352,2008-04-30
fcfp,3.8082453020357616,167,0.14825821857464053,2008-04-30
gross_margin,2.4657475695712385,167,0.09599364356176351,2008-04-30
int_coverage,1.4542413330305992,167,0.05661484812899864,2008-04-30
rev_growth,1.5373595103850466,156,0.05985070924833199,2008-04-30
roa,1.4991920769212639,156,0.058364818701869124,2008-04-30
roe,1.2558233580878446,156,0.048890268128210596,2008-04-30
sp,1.1080935343808593,167,0.04313902083291815,2008-04-30
accruals,1.4387530743614168,157,0.055920705244623344,2008-05-31
asset_growth,2.9794231944148746,157,0.11580266914655801,2008-05-31
bp,0.713401784143757,168,0.027728129032702963,2008-05-31
cash_ratio,0.5988425071958424,168,0.023275498714547167,2008-05-31
current_ratio,0.7776616622748621,168,0.030225748511722935,2008-05-31
ebitda_ev,1.7792656270261118,168,0.06915556981518786,2008-05-31
ep,1.6803200895216017,168,0.06530980619065739,2008-05-31
fcf_growth,2.619020117282172,155,0.10179471002922416,2008-05-31
fcfp,3.8221624409716166,168,0.14855781931413797,2008-05-31
gross_margin,2.437199065479378,168,0.09472778407346608,2008-05-31
int_coverage,1.4622131972730947,168,0.05683254108478575,2008-05-31
rev_growth,1.5302887347076775,157,0.05947846562255833,2008-05-31
roa,1.512436205508934,157,0.058784582814601825,2008-05-31
roe,1.260821699296936,157,0.04900496121872952,2008-05-31
sp,1.116640699081029,168,0.04340100918649681,2008-05-31
accruals,1.455791683394396,158,0.0569312627428538,2008-06-30
asset_growth,2.9663856414020024,158,0.11600566363555337,2008-06-30
bp,0.6823892946351637,169,0.02668601879576772,2008-06-30
cash_ratio,0.5889458761465285,169,0.023031751588276257,2008-06-30
current_ratio,0.7412878519283377,169,0.028989349195769936,2008-06-30
ebitda_ev,1.7814127859246958,169,0.06966524161787119,2008-06-30
ep,1.6371763147028928,169,0.06402462384686974,2008-06-30
fcf_growth,2.6445724219265303,156,0.10342059864235112,2008-06-30
fcfp,3.8211826578652692,169,0.1494339858956509,2008-06-30
gross_margin,2.406523820022502,169,0.09411129453301056,2008-06-30
int_coverage,1.464538554587695,169,0.057273324335706505,2008-06-30
rev_growth,1.5196199866551736,158,0.05942737942274654,2008-06-30
roa,1.5096581393733595,158,0.05903780407932737,2008-06-30
roe,1.2501933729649046,158,0.04889098365343333,2008-06-30
sp,1.1013631186611732,169,0.043070718014811736,2008-06-30
accruals,1.430804221261112,159,0.05653985049962473,2008-07-31
asset_growth,2.924431115343382,159,0.11556221012000421,2008-07-31
bp,0.625063114733532,170,0.024700077435272114,2008-07-31
cash_ratio,0.5653591523561426,170,0.0223408076924994,2008-07-31
current_ratio,0.7286970247890139,170,0.028795288851453132,2008-07-31
ebitda_ev,1.7280160334961376,170,0.0682845121247348,2008-07-31
ep,1.6123616398423648,170,0.06371429767495808,2008-07-31
fcf_growth,2.637274039226763,157,0.10421487278881243,2008-07-31
fcfp,3.779570731170326,170,0.1493540212683853,2008-07-31
gross_margin,2.4234864148500637,170,0.09576681250123895,2008-07-31
int_coverage,1.50711421743673,170,0.05955532648947995,2008-07-31
rev_growth,1.4657247379401013,159,0.057919774295669635,2008-07-31
roa,1.5566737085408362,159,0.06151372595198215,2008-07-31
roe,1.260056064604732,159,0.04979254356064386,2008-07-31
sp,1.0614874259986975,170,0.04194587874524117,2008-07-31
accruals,1.4211505678861087,160,0.056670172377735584,2008-08-31
asset_growth,2.8948208077157624,160,0.11543463295372304,2008-08-31
bp,0.5798422352474375,171,0.023121940887826587,2008-08-31
cash_ratio,0.5326846375558124,171,0.021241472167274757,2008-08-31
current_ratio,0.7125808416869958,171,0.028415060334908995,2008-08-31
ebitda_ev,1.682669350499131,171,0.06709856386952524,2008-08-31
ep,1.59076579301676,171,0.06343379353319134,2008-08-31
fcf_growth,2.621761053746028,158,0.1045460306644496,2008-08-31
fcfp,3.7646831946252872,171,0.1501214933927232,2008-08-31
gross_margin,2.4567154025334235,171,0.09796462703575015,2008-08-31
int_coverage,1.5370905859019164,171,0.061293426911705653,2008-08-31
rev_growth,1.4718839218547013,160,0.05869322889241393,2008-08-31
roa,1.5469199108595524,160,0.06168538364893904,2008-08-31
roe,1.2378882433699414,160,0.049362355911726885,2008-08-31
sp,1.0261196855516783,171,0.040917817418105996,2008-08-31
accruals,1.4364839583889266,161,0.05827380899822422,2008-09-30
asset_growth,2.8275402552409425,161,0.11470475518118464,2008-09-30
bp,0.5202761691908586,172,0.021106030410363404,2008-09-30
cash_ratio,0.5137728824374725,172,0.020842211738449704,2008-09-30
current_ratio,0.7017000662459751,172,0.02846584912811683,2008-09-30
ebitda_ev,1.6296631694760346,172,0.06611050524782472,2008-09-30
ep,1.5542856104579956,172,0.06305266568663952,2008-09-30
fcf_growth,2.6118735938140283,159,0.1059558110931686,2008-09-30
fcfp,3.684809661170023,172,0.14948158184144225,2008-09-30
gross_margin,2.520292750142044,172,0.10224065328658728,2008-09-30
int_coverage,1.5149812591028042,172,0.061458207043160955,2008-09-30
rev_growth,1.4063445570025155,161,0.057051144652092343,2008-09-30
roa,1.5515150867515033,161,0.06294027392037277,2008-09-30
roe,1.2349456909521093,161,0.05009801111767014,2008-09-30
sp,0.9421084649021386,172,0.03821849065470265,2008-09-30
accruals,1.4992488299684708,162,0.06184255654894437,2008-10-31
asset_growth,2.818485992459085,162,0.11625980683588337,2008-10-31
bp,0.4436034627940515,173,0.018298211534189156,2008-10-31
cash_ratio,0.5153842076874489,173,0.021259097470173932,2008-10-31
current_ratio,0.7186972773020687,173,0.02964556391487078,2008-10-31
ebitda_ev,1.5818279368561525,173,0.06524886441817924,2008-10-31
ep,1.5037100703463544,173,0.06202657837696441,2008-10-31
fcf_growth,2.506814025881735,160,0.10340364124648896,2008-10-31
fcfp,3.541427395419771,173,0.1460804368077004,2008-10-31
gross_margin,2.546467594330587,173,0.10503931239069599,2008-10-31
int_coverage,1.5007668336410136,173,0.061905172724514575,2008-10-31
rev_growth,1.3799057093445233,162,0.05691976885794502,2008-10-31
roa,1.5405968157261203,162,0.06354812075969393,2008-10-31
roe,1.2409116286501924,162,0.051186398170246394,2008-10-31
sp,0.9051478787694924,173,0.03733646994350936,2008-10-31
accruals,1.4655120465120217,163,0.06022293460645872,2008-11-30
asset_growth,2.8436401970991425,163,0.116854964134745,2008-11-30
bp,0.43509062360739953,174,0.017879371401794086,2008-11-30
cash_ratio,0.5324239652797232,174,0.021879133453912007,2008-11-30
current_ratio,0.740252809958109,174,0.03041953607440976,2008-11-30
ebitda_ev,1.5863675384852276,174,0.06518930278286257,2008-11-30
ep,1.5180025843571812,174,0.06237995149050994,2008-11-30
fcf_growth,2.4435986394378943,161,0.1004158794992837,2008-11-30
fcfp,3.5422195416856272,174,0.14556199406778728,2008-11-30
gross_margin,2.5445499529632003,174,0.10456431646869672,2008-11-30
int_coverage,1.540680727457983,174,0.06331187445368587,2008-11-30
rev_growth,1.3923319818079107,163,0.05721571384586435,2008-11-30
roa,1.5734015245014485,163,0.06465648463639287,2008-11-30
roe,1.2925492772368659,163,0.05311529904099135,2008-11-30
sp,0.8841616102113627,174,0.03633324404260593,2008-11-30
accruals,1.4886785947660883,164,0.06171146354108758,2008-12-31
asset_growth,2.8113540108916064,164,0.11654145572737822,2008-12-31
bp,0.41438654072464104,175,0.017177918719160603,2008-12-31
cash_ratio,0.5324428101038725,175,0.02207180594855144,2008-12-31
current_ratio,0.7235493369890951,175,0.029993907809762358,2008-12-31
ebitda_ev,1.564531529032292,175,0.06485585992316148,2008-12-31
ep,1.5032025390829682,175,0.06231353699289586,2008-12-31
fcf_growth,2.3483210101927283,162,0.09734695381043555,2008-12-31
fcfp,3.510922212087502,175,0.1455412530606556,2008-12-31
gross_margin,2.5597193537608858,175,0.10611022965628895,2008-12-31
int_coverage,1.5556915437430887,175,0.06448940847299862,2008-12-31
rev_growth,1.3775538164443253,164,0.057104913322642045,2008-12-31
roa,1.5848501503755816,164,0.0656981450642524,2008-12-31
roe,1.3069583424505578,164,0.05417845892553511,2008-12-31
sp,0.8410482151411954,175,0.034864689025194136,2008-12-31
accruals,1.4675305659686948,165,0.058768513421584616,2009-01-31
asset_growth,2.8935906780237772,165,0.11587630713896831,2009-01-31
bp,0.5315665103594022,176,0.021287034371172218,2009-01-31
cash_ratio,0.6013501843273616,176,0.024081581125628707,2009-01-31
current_ratio,0.7710864588296246,176,0.030878815035119078,2009-01-31
ebitda_ev,1.6615100300389485,176,0.06653658653848055,2009-01-31
ep,1.6002281467255512,176,0.06408250124341475,2009-01-31
fcf_growth,2.366051880646224,163,0.09475056597007828,2009-01-31
fcfp,3.588623894749727,176,0.1437095052152511,2009-01-31
gross_margin,2.522275456916656,176,0.10100667235158767,2009-01-31
int_coverage,1.590310482554608,176,0.06368533992122033,2009-01-31
rev_growth,1.476554760616983,165,0.05912989499455162,2009-01-31
roa,1.609408098687489,165,0.06445012025087885,2009-01-31
roe,1.341941765223747,165,0.0537392027596235,2009-01-31
sp,0.9493457311371329,176,0.03801735966244044,2009-01-31
accruals,1.464556203865033,166,0.058526458189186364,2009-02-28
asset_growth,2.8838811356063894,166,0.1152453885076062,2009-02-28
bp,0.5020909018166839,177,0.0200645097093543,2009-02-28
cash_ratio,0.647789539659312,177,0.025886905062577497,2009-02-28
current_ratio,0.8129213144467986,177,0.03248588561880381,2009-02-28
ebitda_ev,1.676238166676208,177,0.06698567301015261,2009-02-28
ep,1.6016295747517835,177,0.064004171430155,2009-02-28
fcf_growth,2.2978552235308847,164,0.0918266757601181,2009-02-28
fcfp,3.4807442623215987,177,0.13909717701403346,2009-02-28
gross_margin,2.578580142191036,177,0.10304497873221775,2009-02-28
int_coverage,1.6057084628297487,177,0.06416717157444675,2009-02-28
rev_growth,1.499023241285355,166,0.05990382671841182,2009-02-28
roa,1.6455703014536966,166,0.0657601266453493,2009-02-28
roe,1.3940137589731914,166,0.05570744759701531,2009-02-28
sp,0.9332288579077884,177,0.03729360443057174,2009-02-28
accruals,1.4798772857418292,167,0.058748814975956555,2009-03-31
asset_growth,2.910798460609084,167,0.11555414887586493,2009-03-31
bp,0.5103680203267743,178,0.02026081262595556,2009-03-31
cash_ratio,0.6731519190032311,178,0.02672307894800004,2009-03-31
current_ratio,0.8175141198445344,178,0.032454032661838696,2009-03-31
ebitda_ev,1.666736413108487,178,0.06616683024384383,2009-03-31
ep,1.6159385791688459,178,0.0641502356409992,2009-03-31
fcf_growth,2.303418239806111,165,0.09144210353548222,2009-03-31
fcfp,3.4582400614672846,178,0.13728672469740544,2009-03-31
gross_margin,2.596665793806967,178,0.10308357303983516,2009-03-31
int_coverage,1.654492661693588,178,0.06568077245147429,2009-03-31
rev_growth,1.5210843521551947,167,0.06038467109980215,2009-03-31
roa,1.6522900717794433,167,0.06559333307485792,2009-03-31
roe,1.3970703814096774,167,0.05546151031346037,2009-03-31
sp,0.9322623445776048,178,0.037009357815223534,2009-03-31
accruals,1.554801179361771,168,0.06178347618990541,2009-04-30
asset_growth,2.900991684592591,168,0.11527734417188522,2009-04-30
bp,0.4858590804650773,179,0.01930668906611296,2009-04-30
cash_ratio,0.6810941398830693,179,0.027064787532398996,2009-04-30
current_ratio,0.8322261668972442,179,0.03307035410676662,2009-04-30
ebitda_ev,1.6732439182008438,179,0.06649006133536749,2009-04-30
ep,1.5870042587665982,179,0.06306313703404401,2009-04-30
fcf_growth,2.294256644866993,166,0.09116738054563207,2009-04-30
fcfp,3.385734913162086,179,0.13453969238597333,2009-04-30
gross_margin,2.6690501196002656,179,0.10606063122596689,2009-04-30
int_coverage,1.6456505338299128,179,0.0653935769559434,2009-04-30
rev_growth,1.480539046078936,168,0.058832505477769075,2009-04-30
roa,1.6667630129765865,168,0.06623252818005029,2009-04-30
roe,1.3914071245577655,168,0.05529065072221488,2009-04-30
sp,0.9167019047865083,179,0.03642718506996956,2009-04-30
accruals,1.6141786459994762,169,0.0645754403516258,2009-05-31
asset_growth,2.8413260814079084,169,0.11366764350662496,2009-05-31
bp,0.4279967220307078,180,0.01712206815688126,2009-05-31
cash_ratio,0.6815120182458417,180,0.027263982702423098,2009-05-31
current_ratio,0.8225859390986288,180,0.03290766444965523,2009-05-31
ebitda_ev,1.676196098052838,180,0.06705645711253826,2009-05-31
ep,1.5815022481640026,180,0.06326821652942978,2009-05-31
fcf_growth,2.310752383392035,167,0.09244196921507156,2009-05-31
fcfp,3.3124828886691073,180,0.1325163368522857,2009-05-31
gross_margin,2.716448413897235,180,0.10867189511807375,2009-05-31
int_coverage,1.6341869504725337,180,0.06537587534389833,2009-05-31
rev_growth,1.4382026609246612,169,0.05753549669007335,2009-05-31
roa,1.6678971125500521,169,0.0667244550478087,2009-05-31
roe,1.3795678741195572,169,0.05518980392103116,2009-05-31
sp,0.8919527918236702,180,0.03568269500257916,2009-05-31
accruals,1.7292588097402046,170,0.06938560433943214,2009-06-30
asset_growth,2.796424957875672,170,0.1122050872889437,2009-06-30
bp,0.30554589667899124,181,0.012259869127219051,2009-06-30
cash_ratio,0.7236572846515984,181,0.029036369655810593,2009-06-30
current_ratio,0.8724456042008301,181,0.03500642307547365,2009-06-30
ebitda_ev,1.6297282196921203,181,0.06539199152575266,2009-06-30
ep,1.536627702778933,181,0.06165638202996786,2009-06-30
fcf_growth,2.4044100308307303,168,0.09647569359154909,2009-06-30
fcfp,3.1676659700400696,181,0.12710093852851556,2009-06-30
gross_margin,2.8273409901012236,181,0.11344557689504814,2009-06-30
int_coverage,1.659978981692643,181,0.06660578751239847,2009-06-30
rev_growth,1.3999830788980927,170,0.056173588040830454,2009-06-30
roa,1.699320542937747,170,0.06818434705899314,2009-06-30
roe,1.373406130156785,170,0.05510720188768384,2009-06-30
sp,0.7966493844300094,181,0.03196513944238179,2009-06-30
accruals,1.654217106110695,171,0.06640532189266454,2009-07-31
asset_growth,2.8357234697039515,171,0.11383459227248105,2009-07-31
bp,0.3491681905469342,182,0.014016676530726687,2009-07-31
cash_ratio,0.6657122110775687,182,0.026723719335982502,2009-07-31
current_ratio,0.7976359806516992,182,0.03201954196500905,2009-07-31
ebitda_ev,1.628984992291522,182,0.06539242785716881,2009-07-31
ep,1.5716750796911494,182,0.06309183310463604,2009-07-31
fcf_growth,2.4980047403387924,169,0.10027753204753719,2009-07-31
fcfp,3.2716514456569725,182,0.13133407130594293,2009-07-31
gross_margin,2.699317455904486,182,0.10835883868428026,2009-07-31
int_coverage,1.637800052109771,182,0.06574629125428372,2009-07-31
rev_growth,1.4326936444182432,171,0.05751269424051147,2009-07-31
roa,1.6537782022937593,171,0.06638770295429432,2009-07-31
roe,1.3740780766334162,171,0.05515968650513368,2009-07-31
sp,0.8404709928235939,182,0.03373907004934778,2009-07-31
accruals,1.6171584643854426,172,0.063781375091468,2009-08-31
asset_growth,2.866888442984431,172,0.11307122409730787,2009-08-31
bp,0.43551711489215306,183,0.017176968785335832,2009-08-31
cash_ratio,0.6685794257731161,183,0.026369039319766783,2009-08-31
current_ratio,0.8068226256677864,183,0.031821406283493836,2009-08-31
ebitda_ev,1.6673723002782472,183,0.06576182881470748,2009-08-31
ep,1.6199569048434785,183,0.06389174669972777,2009-08-31
fcf_growth,2.5418759560775817,170,0.10025260193173403,2009-08-31
fcfp,3.3377773163518585,183,0.13164326915045624,2009-08-31
gross_margin,2.717943131304575,183,0.10719676157456513,2009-08-31
int_coverage,1.6398095571086113,183,0.06467474322639415,2009-08-31
rev_growth,1.4949777692289101,172,0.05896251972365062,2009-08-31
roa,1.6642877472605242,172,0.06564017281293298,2009-08-31
roe,1.380674932601708,172,0.0544543702395437,2009-08-31
sp,0.895071377027593,183,0.035301972248915486,2009-08-31
accruals,1.582830426258028,173,0.06169632362158363,2009-09-30
asset_growth,2.9012786102099857,173,0.11308742938121531,2009-09-30
bp,0.4702070050166544,184,0.018327954194831724,2009-09-30
cash_ratio,0.6830876495982118,184,0.026625718075909677,2009-09-30
current_ratio,0.8033768629659939,184,0.031314408736013655,2009-09-30
ebitda_ev,1.688882459961674,184,0.06583007066331546,2009-09-30
ep,1.6960393334661081,184,0.06610903471184729,2009-09-30
fcf_growth,2.5020437679473653,171,0.09752586219080095,2009-09-30
fcfp,3.4291553670179615,184,0.1336632628249349,2009-09-30
gross_margin,2.7133616617601373,184,0.10576271242277828,2009-09-30
int_coverage,1.6691239101171955,184,0.06505991242951144,2009-09-30
rev_growth,1.541928027981408,173,0.0601020103211127,2009-09-30
roa,1.676800199098125,173,0.06535912250364417,2009-09-30
roe,1.3937630216404444,173,0.05432676363077905,2009-09-30
sp,0.9033039403366429,184,0.03520941429172159,2009-09-30
accruals,1.504097083326021,174,0.057852382816131545,2009-10-31
asset_growth,2.893131532210816,174,0.11127908882634409,2009-10-31
bp,0.4313924500714745,185,0.016592732904139457,2009-10-31
cash_ratio,0.6544926611924073,185,0.02517388033352407,2009-10-31
current_ratio,0.786631730477313,185,0.030256371421355465,2009-10-31
ebitda_ev,1.6974627062225225,185,0.065289842913156,2009-10-31
ep,1.7550932541148196,185,0.06750649804501486,2009-10-31
fcf_growth,2.553332961476465,172,0.09820934937107713,2009-10-31
fcfp,3.441365348691155,185,0.13236591425494884,2009-10-31
gross_margin,2.8459832018481976,185,0.10946561329506523,2009-10-31
int_coverage,1.7629913306792468,185,0.06781028332189737,2009-10-31
rev_growth,1.547450494409063,174,0.05951989361856931,2009-10-31
roa,1.7798541194789148,174,0.06845888009387482,2009-10-31
roe,1.496520401324819,174,0.05756095940173309,2009-10-31
sp,0.849079424190735,185,0.03265830938316876,2009-10-31
accruals,1.5167599986302813,175,0.05808136874599896,2009-11-30
asset_growth,2.8849034953520145,175,0.11047175813014377,2009-11-30
bp,0.39524188957785433,186,0.015135018033945699,2009-11-30
cash_ratio,0.6711610557247274,186,0.025700804874010864,2009-11-30
current_ratio,0.7986275419871237,186,0.030581885597427066,2009-11-30
ebitda_ev,1.6924045351605612,186,0.06480733402966148,2009-11-30
ep,1.750087268638293,186,0.06701618191358695,2009-11-30
fcf_growth,2.506419324070256,173,0.09597844426599164,2009-11-30
fcfp,3.487245268804408,186,0.13353726268366622,2009-11-30
gross_margin,2.8441564774098755,186,0.10891143047347139,2009-11-30
int_coverage,1.8518053796634375,186,0.07091127877791162,2009-11-30
rev_growth,1.5892728464005998,175,0.060858106960333266,2009-11-30
roa,1.8179798013214299,175,0.06961599416432541,2009-11-30
roe,1.529474726627535,175,0.0585682544800508,2009-11-30
sp,0.7788587145307135,186,0.029824876869474933,2009-11-30
accruals,1.459520469544479,176,0.05573210019818576,2009-12-31
asset_growth,2.848031784723109,176,0.10875270070268028,2009-12-31
bp,0.4708508917413921,187,0.017979541653928593,2009-12-31
cash_ratio,0.6562831968286849,187,0.025060313745005187,2009-12-31
current_ratio,0.7756951480746863,187,0.029620084553687368,2009-12-31
ebitda_ev,1.7139163566734623,187,0.06544626136778131,2009-12-31
ep,1.7979207678686608,187,0.06865398771318953,2009-12-31
fcf_growth,2.62768250573466,174,0.1003386165213087,2009-12-31
fcfp,3.5862127567162885,187,0.13694029844727243,2009-12-31
gross_margin,2.7524550380558312,187,0.10510308226085067,2009-12-31
int_coverage,1.8188253825321088,187,0.0694522348795286,2009-12-31
rev_growth,1.5644005065528968,176,0.059736966764508646,2009-12-31
roa,1.7920573258470576,176,0.06843009092991507,2009-12-31
roe,1.481741691731973,176,0.05658062230344001,2009-12-31
sp,0.8425538401105668,187,0.032173097958717777,2009-12-31
accruals,1.5535100857731767,177,0.06056458737460473,2010-01-31
asset_growth,2.845223353493897,177,0.1109228578372467,2010-01-31
bp,0.39004293611261576,188,0.015206074103009705,2010-01-31
cash_ratio,0.6474919761650754,188,0.02524289010025189,2010-01-31
current_ratio,0.7653862465487871,188,0.029839073868229118,2010-01-31
ebitda_ev,1.701969368008168,188,0.06635236773910572,2010-01-31
ep,1.7130796165099487,188,0.06678550790491594,2010-01-31
fcf_growth,2.52834707391439,175,0.09856923278048937,2010-01-31
fcfp,3.3851461322395275,188,0.13197209376325894,2010-01-31
gross_margin,2.800946326347366,188,0.10919668952726165,2010-01-31
int_coverage,1.7762302843769109,188,0.06924747720709125,2010-01-31
rev_growth,1.4905760066205467,177,0.05811106192241383,2010-01-31
roa,1.7703352388680813,177,0.06901765507586312,2010-01-31
roe,1.4707113778602225,177,0.057336626625703185,2010-01-31
sp,0.8114732219097003,188,0.03163580417055483,2010-01-31
accruals,1.606551987829954,178,0.06249889123728802,2010-02-28
asset_growth,2.8266863088991916,178,0.10996516858470992,2010-02-28
bp,0.3071185046200383,189,0.011947678109771803,2010-02-28
cash_ratio,0.6353857339344647,189,0.024718094515281726,2010-02-28
current_ratio,0.734966926409793,189,0.028592052012419215,2010-02-28
ebitda_ev,1.6797116837632793,189,0.06534498642357958,2010-02-28
ep,1.651229403861223,189,0.06423695448482292,2010-02-28
fcf_growth,2.612623110239561,176,0.10163757466164897,2010-02-28
fcfp,3.3324316646654237,189,0.12963992808408498,2010-02-28
gross_margin,2.8691936220674967,189,0.11161880940219988,2010-02-28
int_coverage,1.846948112075021,189,0.07185090183941757,2010-02-28
rev_growth,1.453075324335431,178,0.05652826509392707,2010-02-28
roa,1.826376664064663,178,0.0710506210507893,2010-02-28
roe,1.547075883542225,178,0.060185121996544466,2010-02-28
sp,0.7759128920057052,189,0.030184952503514637,2010-02-28
accruals,1.634238175267095,179,0.06333734044680042,2010-03-31
asset_growth,2.8638373251931584,179,0.11099229132887431,2010-03-31
bp,0.3588882060847458,190,0.013909248257167854,2010-03-31
cash_ratio,0.628843015919265,190,0.02437174996255466,2010-03-31
current_ratio,0.7124260735870055,190,0.027611136154362968,2010-03-31
ebitda_ev,1.6732376071449229,190,0.06484882165649256,2010-03-31
ep,1.6870145217338897,190,0.06538276655071537,2010-03-31
fcf_growth,2.5272611315720943,177,0.09794777842720902,2010-03-31
fcfp,3.3774590007478356,190,0.13089846621684362,2010-03-31
gross_margin,2.849692232564576,190,0.11044407714502585,2010-03-31
int_coverage,1.8281866175232089,190,0.07085410189700606,2010-03-31
rev_growth,1.4790345268334677,179,0.057322191328270274,2010-03-31
roa,1.8159562475334923,179,0.07038009564776249,2010-03-31
roe,1.5518988842287533,179,0.0601461582876936,2010-03-31
sp,0.8141545900435699,190,0.03155377669322096,2010-03-31
accruals,1.7394427716558645,180,0.06596350839346124,2010-04-30
asset_growth,2.968316340131417,180,0.11256510591050621,2010-04-30
bp,0.5760109638777506,191,0.021843606854800777,2010-04-30
cash_ratio,0.7056195633578694,191,0.026758650959145133,2010-04-30
current_ratio,0.7763013260060678,191,0.029439059374807286,2010-04-30
ebitda_ev,1.75793551641556,191,0.06666479408336817,2010-04-30
ep,1.7329372019891676,191,0.0657168028356205,2010-04-30
fcf_growth,2.492305867408531,178,0.09451373835505573,2010-04-30
fcfp,3.4673003951635852,191,0.13148768240377282,2010-04-30
gross_margin,2.6515400489644576,191,0.10055224990757512,2010-04-30
int_coverage,1.7734227961413398,191,0.06725210590691891,2010-04-30
rev_growth,1.4844122933421393,180,0.056292189870678536,2010-04-30
roa,1.7524965102730479,180,0.06645853496798942,2010-04-30
roe,1.4812096536036092,180,0.0561707387044107,2010-04-30
sp,1.0105221918629326,191,0.03832123147188949,2010-04-30
accruals,1.7945874263133277,181,0.06795700224628472,2010-05-31
asset_growth,2.950602198932772,181,0.11173268982090709,2010-05-31
bp,0.6262738765976179,192,0.023715587557729276,2010-05-31
cash_ratio,0.7221626219781379,192,0.027346679356140047,2010-05-31
current_ratio,0.7903792211527824,192,0.029929889020585687,2010-05-31
ebitda_ev,1.7902945258562049,192,0.06779443973095099,2010-05-31
ep,1.7717903665810897,192,0.06709372870679771,2010-05-31
fcf_growth,2.496217853459242,179,0.09452617341871872,2010-05-31
fcfp,3.45980924021233,192,0.13101521879702238,2010-05-31
gross_margin,2.651455656280879,192,0.10040468095776373,2010-05-31
int_coverage,1.7173912738108075,192,0.06503375703008739,2010-05-31
rev_growth,1.381842199371451,181,0.05232726590512794,2010-05-31
roa,1.7380532103399766,181,0.06581617824096697,2010-05-31
roe,1.4709736692233801,181,0.05570247482954658,2010-05-31
sp,1.0458563312136047,192,0.0396042343813708,2010-05-31
accruals,1.7195219691089174,182,0.06546302966926232,2010-06-30
asset_growth,2.959770267742075,182,0.11267987983416519,2010-06-30
bp,0.5849559589947549,193,0.022269555136146035,2010-06-30
cash_ratio,0.6794141588638458,193,0.025865624306311858,2010-06-30
current_ratio,0.7514908528664606,193,0.028609618766819177,2010-06-30
ebitda_ev,1.7701669780983103,193,0.06739110955752961,2010-06-30
ep,1.7639659042928322,193,0.06715503169065615,2010-06-30
fcf_growth,2.490154268935659,180,0.094801372542423,2010-06-30
fcfp,3.4354627334527446,193,0.13078972114802725,2010-06-30
gross_margin,2.748745830946323,193,0.10464607787346185,2010-06-30
int_coverage,1.748012287369111,193,0.06654766980940562,2010-06-30
rev_growth,1.396672718297132,182,0.05317200317220433,2010-06-30
roa,1.7465396860610014,182,0.06649160716824394,2010-06-30
roe,1.4540280518599227,182,0.05535554834938932,2010-06-30
sp,1.0181681249678902,193,0.038762150975954354,2010-06-30
accruals,1.8122287651936728,183,0.0687901343532813,2010-07-31
asset_growth,3.0057931046608815,183,0.1140964736235666,2010-07-31
bp,0.661826798629048,194,0.02512218946675244,2010-07-31
cash_ratio,0.6990720834867563,194,0.026535977945666783,2010-07-31
current_ratio,0.7488766315631478,194,0.028426501713626776,2010-07-31
ebitda_ev,1.793454577251286,194,0.06807748761919609,2010-07-31
ep,1.7234950962622335,194,0.0654219056148963,2010-07-31
fcf_growth,2.4093516543579243,181,0.09145623730890819,2010-07-31
fcfp,3.479705203331586,194,0.1320856356793401,2010-07-31
gross_margin,2.6408145834020367,194,0.10024230576370775,2010-07-31
int_coverage,1.7018913966641658,194,0.0646018538496766,2010-07-31
rev_growth,1.4724665283409826,183,0.0558931478523689,2010-07-31
roa,1.6932149903284437,183,0.06427250737366798,2010-07-31
roe,1.4080187536376225,183,0.053446783924280414,2010-07-31
sp,1.0941018804102771,194,0.041530857911063604,2010-07-31
accruals,1.8079330874228945,184,0.06884005617274375,2010-08-31
asset_growth,3.07698689083326,184,0.11716138826226971,2010-08-31
bp,0.7492422572151848,195,0.02852864380462662,2010-08-31
cash_ratio,0.7365569334513259,195,0.02804562902573441,2010-08-31
current_ratio,0.7971287456683371,195,0.030352001415570862,2010-08-31
ebitda_ev,1.806110802398995,195,0.068770669642744,2010-08-31
ep,1.665659494128092,195,0.06342275272139021,2010-08-31
fcf_growth,2.2327823466037104,182,0.08501689760034623,2010-08-31
fcfp,3.5029483725765975,195,0.1333805794118908,2010-08-31
gross_margin,2.5151283923141268,195,0.09576769240689688,2010-08-31
int_coverage,1.6509171889972005,195,0.06286141495928702,2010-08-31
rev_growth,1.5558970071409846,184,0.059243363659694764,2010-08-31
roa,1.6528765559518677,184,0.06293602111156148,2010-08-31
roe,1.354727746248542,184,0.05158350980979076,2010-08-31
sp,1.1579108636651552,195,0.04408937999545243,2010-08-31
accruals,1.8869095518096022,185,0.07203005762217024,2010-09-30
asset_growth,3.0949945927616,185,0.11814696610291912,2010-09-30
bp,0.7681337973122582,196,0.029322402671011185,2010-09-30
cash_ratio,0.7427779760882866,196,0.028354480672805934,2010-09-30
current_ratio,0.8052047493388599,196,0.030737532934157083,2010-09-30
ebitda_ev,1.8319521736405746,196,0.06993213877254544,2010-09-30
ep,1.6527455376234872,196,0.06309118325021704,2010-09-30
fcf_growth,2.187979319818346,183,0.08352296289532743,2010-09-30
fcfp,3.4055855377490216,196,0.13000332861002126,2010-09-30
gross_margin,2.5695806699967596,196,0.09809004546464745,2010-09-30
int_coverage,1.6092161975547579,196,0.06142951331463446,2010-09-30
rev_growth,1.4773810073435825,185,0.056396894587131756,2010-09-30
roa,1.629710053626118,185,0.062211836787587814,2010-09-30
roe,1.3440982859544834,185,0.051309018439337904,2010-09-30
sp,1.189871634084478,196,0.04542163787548572,2010-09-30
accruals,1.8155830031617224,186,0.06769779028350756,2010-10-31
asset_growth,3.056398150716984,186,0.11396416504770955,2010-10-31
bp,0.7776163686269684,197,0.028995044430718358,2010-10-31
cash_ratio,0.7884714680370455,197,0.029399799400383918,2010-10-31
current_ratio,0.837474350944791,197,0.031226973858725294,2010-10-31
ebitda_ev,1.8821325191859868,197,0.07017922747003881,2010-10-31
ep,1.7340276836849975,197,0.06465683048997285,2010-10-31
fcf_growth,2.2688586511053632,184,0.0845991160293822,2010-10-31
fcfp,3.4577449346813456,197,0.12892921504237476,2010-10-31
gross_margin,2.6590350101112823,197,0.09914765348515636,2010-10-31
int_coverage,1.699579141404299,197,0.06337234490774936,2010-10-31
rev_growth,1.4679655837065018,186,0.054736151448933484,2010-10-31
roa,1.718583584315716,186,0.06408096510766946,2010-10-31
roe,1.4550302811168854,186,0.054253831775065306,2010-10-31
sp,1.2004396741727086,197,0.044760891222612606,2010-10-31
accruals,1.7646039618900595,187,0.06570998018229059,2010-11-30
asset_growth,3.059452787424891,187,0.11392730968087246,2010-11-30
bp,0.7701968425279831,198,0.028680440683567784,2010-11-30
cash_ratio,0.7775407859197718,198,0.028953913023626127,2010-11-30
current_ratio,0.8538251203823177,198,0.031794574279075255,2010-11-30
ebitda_ev,1.8869158155498607,198,0.0702646052730312,2010-11-30
ep,1.7353857526516119,198,0.06462195817197844,2010-11-30
fcf_growth,2.290945696831943,185,0.0853097916522245,2010-11-30
fcfp,3.4381470020097513,198,0.12802905141609228,2010-11-30
gross_margin,2.699976599837182,198,0.10054120510866399,2010-11-30
int_coverage,1.701883930240711,198,0.06337442380492816,2010-11-30
rev_growth,1.4815118025086955,187,0.05516824924183255,2010-11-30
roa,1.7292484934481493,187,0.06439342010375311,2010-11-30
roe,1.4597012990399885,187,0.05435607394264561,2010-11-30
sp,1.2050925693827832,198,0.04487500343541783,2010-11-30
accruals,1.8217903758609824,188,0.06872232073729356,2010-12-31
asset_growth,3.0950846258442053,188,0.11675404656027373,2010-12-31
bp,0.7819555699693111,199,0.029497247429659732,2010-12-31
cash_ratio,0.7720891278115024,199,0.029125061468262037,2010-12-31
current_ratio,0.8438171656595704,199,0.0318308158119922,2010-12-31
ebitda_ev,1.8893762257785507,199,0.07127182177587636,2010-12-31
ep,1.6812920061076442,199,0.06342238384159413,2010-12-31
fcf_growth,2.1722893641516334,186,0.0819439867481393,2010-12-31
fcfp,3.355003609909032,199,0.1265588166508901,2010-12-31
gross_margin,2.6591860745176454,199,0.10031090334791143,2010-12-31
int_coverage,1.6627097889781286,199,0.06272141785642632,2010-12-31
rev_growth,1.4799038207643695,188,0.05582553644946686,2010-12-31
roa,1.6677301434317622,188,0.06291079771787962,2010-12-31
roe,1.3982044580049031,188,0.052743639714264774,2010-12-31
sp,1.22900964568887,199,0.046361203890069876,2010-12-31
accruals,1.7943828928095742,189,0.06743113948927265,2011-01-31
asset_growth,3.0986160830485665,189,0.11644293654215376,2011-01-31
bp,0.8020809300944762,200,0.030141410339797458,2011-01-31
cash_ratio,0.7804069016807809,200,0.029326921726963,2011-01-31
current_ratio,0.855645956687802,200,0.03215433121328266,2011-01-31
ebitda_ev,1.886802922082309,200,0.07090419304460088,2011-01-31
ep,1.6878820255565394,200,0.06342894192918366,2011-01-31
fcf_growth,2.2162365997397653,187,0.08328398576308922,2011-01-31
fcfp,3.4270832363422152,200,0.12878640822823767,2011-01-31
gross_margin,2.6227549888317743,200,0.09856054591625533,2011-01-31
int_coverage,1.6593623787434737,200,0.062357201728057754,2011-01-31
rev_growth,1.5068322526069242,189,0.05662527001323532,2011-01-31
roa,1.649301366863138,189,0.06197911882377644,2011-01-31
roe,1.3712585304294387,189,0.05153054323676906,2011-01-31
sp,1.2519501511450444,200,0.047047052005324955,2011-01-31
accruals,1.8315706360974198,190,0.06873779479419992,2011-02-28
asset_growth,3.085078940386806,190,0.11578124203828774,2011-02-28
bp,0.812756014193821,201,0.030502266754201875,2011-02-28
cash_ratio,0.7716350780813059,201,0.028959021622105792,2011-02-28
current_ratio,0.8562074059322157,201,0.03213297254843765,2011-02-28
ebitda_ev,1.9013159320455018,201,0.07135529572277727,2011-02-28
ep,1.6677743580999156,201,0.06259061448722796,2011-02-28
fcf_growth,2.266431491584586,188,0.0850578731244561,2011-02-28
fcfp,3.439993719317392,201,0.12910098999818126,2011-02-28
gross_margin,2.6087931484710554,201,0.09790650961854583,2011-02-28
int_coverage,1.6463449691651022,201,0.061786381819300455,2011-02-28
rev_growth,1.5047520323191856,190,0.0564724801627634,2011-02-28
roa,1.6340027738607148,190,0.061323186312983224,2011-02-28
roe,1.3468316662170923,190,0.05054581945691156,2011-02-28
sp,1.2722696968581753,201,0.04774755153962003,2011-02-28
accruals,1.8270898629837484,191,0.06876747357915658,2011-03-31
asset_growth,3.1213333528001583,191,0.11747983129844247,2011-03-31
bp,0.8035466817442658,202,0.030243654855721374,2011-03-31
cash_ratio,0.7518440757786595,202,0.02829768730275871,2011-03-31
current_ratio,0.842786185549894,202,0.03172053981681798,2011-03-31
ebitda_ev,1.8830910095538564,202,0.07087522834545656,2011-03-31
ep,1.6182400042461242,202,0.06090684371429815,2011-03-31
fcf_growth,2.266223662812268,189,0.08529546302796617,2011-03-31
fcfp,3.4268822366555676,202,0.12897999077245653,2011-03-31
gross_margin,2.626882580519031,202,0.09886983782854905,2011-03-31
int_coverage,1.6212216629384082,202,0.0610190665115988,2011-03-31
rev_growth,1.5434936685948637,191,0.058093563006997466,2011-03-31
roa,1.6011552003789704,191,0.06026381086608294,2011-03-31
roe,1.3511278930128752,191,0.050853356240010424,2011-03-31
sp,1.284181641946662,202,0.04833365283368687,2011-03-31
accruals,1.9018139736424997,192,0.07176315073425157,2011-04-30
asset_growth,3.1864548511417907,192,0.12023785867574058,2011-04-30
bp,0.821814910812967,203,0.031010408030271785,2011-04-30
cash_ratio,0.7815662207349235,203,0.029491661794858036,2011-04-30
current_ratio,0.8522148770993578,203,0.032157521992605374,2011-04-30
ebitda_ev,1.8698415622671694,203,0.07055670204438795,2011-04-30
ep,1.5637744992723668,203,0.0590075510333572,2011-04-30
fcf_growth,2.2395401124219436,190,0.08450692701312011,2011-04-30
fcfp,3.4291065963267093,203,0.12939409267494867,2011-04-30
gross_margin,2.5721256762801756,203,0.09705672856152377,2011-04-30
int_coverage,1.5660960339565624,203,0.05909515194795014,2011-04-30
rev_growth,1.5942084699166845,192,0.06015594811796107,2011-04-30
roa,1.543112225337141,192,0.0582278796777587,2011-04-30
roe,1.2718970961953666,192,0.04799383341258527,2011-04-30
sp,1.3076936974424251,203,0.049344584288679876,2011-04-30
accruals,1.880382410628601,193,0.07019409178406834,2011-05-31
asset_growth,3.157071823184896,193,0.117852511315214,2011-05-31
bp,0.815180806621574,204,0.030430446507674482,2011-05-31
cash_ratio,0.7935302737256525,204,0.029622238834235193,2011-05-31
current_ratio,0.866273064898074,204,0.03233770465189264,2011-05-31
ebitda_ev,1.9032420691607985,204,0.07104743574223966,2011-05-31
ep,1.6010588681621774,204,0.059767030636019854,2011-05-31
fcf_growth,2.2798395038287027,191,0.08510570109576768,2011-05-31
fcfp,3.461366427185878,204,0.12921173444020656,2011-05-31
gross_margin,2.6407072672673007,204,0.09857678270424351,2011-05-31
int_coverage,1.6164988599888694,204,0.06034340073887876,2011-05-31
rev_growth,1.5476583713919794,193,0.057773606665228155,2011-05-31
roa,1.585256457544217,193,0.05917713155216497,2011-05-31
roe,1.321877709667324,193,0.04934528463743909,2011-05-31
sp,1.3183848881628737,204,0.04921489869472716,2011-05-31
accruals,1.816972231787462,194,0.06739774893503087,2011-06-30
asset_growth,3.112143017959936,194,0.11544008769359576,2011-06-30
bp,0.8186528056269622,205,0.030366648038602877,2011-06-30
cash_ratio,0.7859640335588018,205,0.029154109060680822,2011-06-30
current_ratio,0.8456152120285035,205,0.03136677642006287,2011-06-30
ebitda_ev,1.9210025829753434,205,0.07125659243760128,2011-06-30
ep,1.6631308947070849,205,0.06169124465776266,2011-06-30
fcf_growth,2.3394078245022425,192,0.08677668180836141,2011-06-30
fcfp,3.4200776911866066,205,0.1268624437601521,2011-06-30
gross_margin,2.7493607250184833,205,0.10198324478208398,2011-06-30
int_coverage,1.6638028520388655,205,0.06171616986616711,2011-06-30
rev_growth,1.5160133751951042,194,0.05623414989839001,2011-06-30
roa,1.6464398280619346,194,0.06107211559264699,2011-06-30
roe,1.3909799777548513,194,0.05159623117748475,2011-06-30
sp,1.269382320372227,205,0.047085755871376346,2011-06-30
accruals,1.841853290667899,195,0.0680081454892817,2011-07-31
asset_growth,3.156390646698951,195,0.11654580492883305,2011-07-31
bp,0.8304666847040877,206,0.030663951034274075,2011-07-31
cash_ratio,0.7931840038833083,206,0.029287334343717483,2011-07-31
current_ratio,0.8558830170275854,206,0.031602417542555834,2011-07-31
ebitda_ev,1.9319859048959547,206,0.07133618034027037,2011-07-31
ep,1.6498133345600037,206,0.06091730859097204,2011-07-31
fcf_growth,2.3546594197465387,193,0.08694287498748675,2011-07-31
fcfp,3.4413847515346223,206,0.12706885833566745,2011-07-31
gross_margin,2.7167096622184848,206,0.10031113058591891,2011-07-31
int_coverage,1.6478054362086707,206,0.06084316943781743,2011-07-31
rev_growth,1.5743083046469557,195,0.05812937912584234,2011-07-31
roa,1.6161299652107501,195,0.05967359200676865,2011-07-31
roe,1.3828910438618824,195,0.051061534479046156,2011-07-31
sp,1.289368177321665,206,0.04760831877154788,2011-07-31
accruals,1.8107646364259378,196,0.06683539278116514,2011-08-31
asset_growth,3.11792731489057,196,0.11508281781178804,2011-08-31
bp,0.8295949456210043,207,0.030620381536326173,2011-08-31
cash_ratio,0.8151710484457398,207,0.03008799493358871,2011-08-31
current_ratio,0.8927661393991433,207,0.03295203274249865,2011-08-31
ebitda_ev,1.909535149956195,207,0.07048101625657265,2011-08-31
ep,1.6877413745593297,207,0.062294599426428565,2011-08-31
fcf_growth,2.3050987955416375,194,0.08508128571778485,2011-08-31
fcfp,3.3816585414484046,207,0.12481714758666283,2011-08-31
gross_margin,2.814456987816259,207,0.10388171629951548,2011-08-31
int_coverage,1.6645306558723072,207,0.06143789090176784,2011-08-31
rev_growth,1.5657241913314153,196,0.057790940473167025,2011-08-31
roa,1.6319803450532082,196,0.06023645767020359,2011-08-31
roe,1.413654828212952,196,0.052178054397555934,2011-08-31
sp,1.252295394718503,207,0.04622227146497441,2011-08-31
accruals,1.8969137277236727,197,0.07007691054466861,2011-09-30
asset_growth,3.0929298036025177,197,0.1142608448661965,2011-09-30
bp,0.8104299661309521,208,0.029939383857709428,2011-09-30
cash_ratio,0.7847048503564433,208,0.028989031392790104,2011-09-30
current_ratio,0.8669567256066975,208,0.03202762888924037,2011-09-30
ebitda_ev,1.9047516500001216,208,0.0703664637121086,2011-09-30
ep,1.6383306921066572,208,0.06052418287420803,2011-09-30
fcf_growth,2.3493600459422233,195,0.08679145043368813,2011-09-30
fcfp,3.420794137824097,208,0.12637300330768989,2011-09-30
gross_margin,2.8141017621028817,208,0.10396021419652302,2011-09-30
int_coverage,1.6470842515298156,208,0.060847562051488925,2011-09-30
rev_growth,1.560382714815409,197,0.05764458252552398,2011-09-30
roa,1.614200252376095,197,0.05963274187629226,2011-09-30
roe,1.3977872366789328,197,0.05163788406063877,2011-09-30
sp,1.2702983857004817,208,0.04692811541123346,2011-09-30
accruals,1.9083127355655074,198,0.07019143253012292,2011-10-31
asset_growth,3.0823641749443476,198,0.11337531474093504,2011-10-31
bp,0.790933054256935,209,0.029092047167660878,2011-10-31
cash_ratio,0.77554102548853,209,0.028525898585898646,2011-10-31
current_ratio,0.8703788243798951,209,0.03201421621755557,2011-10-31
ebitda_ev,1.9182015603335778,209,0.07055516262717355,2011-10-31
ep,1.6655890000005291,209,0.061263584179669074,2011-10-31
fcf_growth,2.360133749510915,196,0.08681028311209668,2011-10-31
fcfp,3.407297882058351,209,0.12532700481488748,2011-10-31
gross_margin,2.8477918954722554,209,0.10474729270809811,2011-10-31
int_coverage,1.669268355033674,209,0.0613989179725795,2011-10-31
rev_growth,1.584825320063405,198,0.05829293985835914,2011-10-31
roa,1.6245015284792443,198,0.05975230752602091,2011-10-31
roe,1.4093505740905936,198,0.05183863938488822,2011-10-31
sp,1.272770457042606,209,0.04681495857405446,2011-10-31
accruals,1.968908064755595,199,0.07224905695218041,2011-11-30
asset_growth,3.104377514903454,199,0.11391509430541612,2011-11-30
bp,0.7600371515186546,210,0.027889553823662455,2011-11-30
cash_ratio,0.7834078855930658,210,0.02874714261990013,2011-11-30
current_ratio,0.8647050780814666,210,0.03173034208730439,2011-11-30
ebitda_ev,1.9211845654221007,210,0.07049784373759542,2011-11-30
ep,1.658461463426957,210,0.0608572227769327,2011-11-30
fcf_growth,2.438689827404045,197,0.08948769289067293,2011-11-30
fcfp,3.373683861998624,210,0.12379728736315944,2011-11-30
gross_margin,2.820725224167058,210,0.10350647702415458,2011-11-30
int_coverage,1.6398326323891281,210,0.060173638053655276,2011-11-30
rev_growth,1.6195602407088685,199,0.05942974289304208,2011-11-30
roa,1.6104826682712556,199,0.059096641485326507,2011-11-30
roe,1.414844683535735,199,0.05191770806827993,2011-11-30
sp,1.2727775377062043,210,0.04670455591871748,2011-11-30
accruals,1.9615761806831156,200,0.07325977509682971,2011-12-31
asset_growth,3.1537484994615905,200,0.11778431450062775,2011-12-31
bp,0.7758937101433581,211,0.02897761466717654,2011-12-31
cash_ratio,0.7747151492846149,211,0.028933598480448894,2011-12-31
current_ratio,0.8379358681129632,211,0.031294728111015566,2011-12-31
ebitda_ev,1.8849339698102294,211,0.07039738760111894,2011-12-31
ep,1.588013953682157,211,0.05930819625718936,2011-12-31
fcf_growth,2.282428289732384,198,0.08524276794705239,2011-12-31
fcfp,3.3813565807221866,211,0.1262848851170416,2011-12-31
gross_margin,2.7161079965209494,211,0.10143957849984216,2011-12-31
int_coverage,1.573031761175594,211,0.05874865028375387,2011-12-31
rev_growth,1.6681233812984557,200,0.06230007529206937,2011-12-31
roa,1.5288972631211073,200,0.05710034142207246,2011-12-31
roe,1.361735356141333,200,0.05085727840433603,2011-12-31
sp,1.287125881303027,211,0.04807080831942534,2011-12-31
accruals,1.9616697106379737,201,0.0729203453495034,2012-01-31
asset_growth,3.146437149077451,201,0.11696122047814891,2012-01-31
bp,0.7979054058372754,212,0.0296602111121792,2012-01-31
cash_ratio,0.7981952370454134,212,0.02967098488906726,2012-01-31
current_ratio,0.8592070875988644,212,0.03193895344087971,2012-01-31
ebitda_ev,1.9035475192002407,212,0.07075979291342022,2012-01-31
ep,1.6121772368233602,212,0.059928804648533084,2012-01-31
fcf_growth,2.254704213456959,199,0.08381319699981056,2012-01-31
fcfp,3.372555337343646,212,0.12536661935277013,2012-01-31
gross_margin,2.69248270741493,212,0.10008655779693411,2012-01-31
int_coverage,1.5748144955113803,212,0.05853993475626785,2012-01-31
rev_growth,1.694747410046254,201,0.06299815190629524,2012-01-31
roa,1.533631817925291,201,0.05700906793617598,2012-01-31
roe,1.3942018979010982,201,0.05182609658015133,2012-01-31
sp,1.3052644664989799,212,0.04852006183986314,2012-01-31
accruals,2.011587870099342,202,0.0748690045357129,2012-02-29
asset_growth,3.1661495240176056,202,0.11784047149912115,2012-02-29
bp,0.8014646316691757,213,0.029829598813741927,2012-02-29
cash_ratio,0.802020740488056,213,0.029850296549248277,2012-02-29
current_ratio,0.8427515643337372,213,0.031366251323371584,2012-02-29
ebitda_ev,1.899622524227576,213,0.07070178215755153,2012-02-29
ep,1.6029271964646543,213,0.05965912070080394,2012-02-29
fcf_growth,2.266778717193851,200,0.08436691659443278,2012-02-29
fcfp,3.3591714511803996,213,0.125024527316444,2012-02-29
gross_margin,2.6584317429541295,213,0.0989437951876726,2012-02-29
int_coverage,1.5399955154315288,213,0.05731687536181389,2012-02-29
rev_growth,1.7365718078850227,202,0.06463322059836944,2012-02-29
roa,1.5049770316487032,202,0.05601352736487022,2012-02-29
roe,1.3608710435284121,202,0.05065006696695648,2012-02-29
sp,1.3147782292737815,213,0.04893454502988928,2012-02-29
accruals,2.0516730143892765,203,0.07636339604553759,2012-03-31
asset_growth,3.1679719870125744,203,0.1179121126069992,2012-03-31
bp,0.765995851553846,214,0.028510412805159955,2012-03-31
cash_ratio,0.8066487128695751,214,0.03002351480887346,2012-03-31
current_ratio,0.8319153312425526,214,0.030963939901963392,2012-03-31
ebitda_ev,1.8813350107682265,214,0.07002340505238586,2012-03-31
ep,1.5789181335284015,214,0.058767430242777245,2012-03-31
fcf_growth,2.321578451438503,201,0.08640929304748712,2012-03-31
fcfp,3.333903458826393,214,0.12408809221469971,2012-03-31
gross_margin,2.668525673209741,214,0.09932269002507642,2012-03-31
int_coverage,1.537507785411862,214,0.05722613453365168,2012-03-31
rev_growth,1.7645731860136378,203,0.06567752273868373,2012-03-31
roa,1.5024392329280598,203,0.05592088084883805,2012-03-31
roe,1.3618622046255124,203,0.05068859519128767,2012-03-31
sp,1.2923831349712394,214,0.048102579936579015,2012-03-31
accruals,2.0713333263100275,204,0.07704573678997217,2012-04-30
asset_growth,3.1508121029091023,204,0.11719824949075276,2012-04-30
bp,0.7273869130204834,215,0.027056031944835534,2012-04-30
cash_ratio,0.7965498341053971,215,0.0296286300611545,2012-04-30
current_ratio,0.8362015153749428,215,0.031103522083393915,2012-04-30
ebitda_ev,1.876588063268017,215,0.06980195227357182,2012-04-30
ep,1.5743759455599167,215,0.058560808716461236,2012-04-30
fcf_growth,2.3321260560662855,202,0.08674623634661938,2012-04-30
fcfp,3.3343748911911515,215,0.12402608839566079,2012-04-30
gross_margin,2.7291282259117384,215,0.10151321001253838,2012-04-30
int_coverage,1.5371238164337975,215,0.057175170925063364,2012-04-30
rev_growth,1.77709517290773,204,0.06610119443522432,2012-04-30
roa,1.5047683070500384,204,0.055971668800116885,2012-04-30
roe,1.3616353252741333,204,0.05064766522242343,2012-04-30
sp,1.2749643647853026,215,0.04742383450221174,2012-04-30
accruals,2.071874844318411,205,0.0764104120930023,2012-05-31
asset_growth,3.1547384612281806,205,0.11634624867864042,2012-05-31
bp,0.7204896887595517,216,0.026571544211680984,2012-05-31
cash_ratio,0.8029255612056105,216,0.029611765971273664,2012-05-31
current_ratio,0.8333004733020344,216,0.03073198785964743,2012-05-31
ebitda_ev,1.8879363987239521,216,0.06962679170871093,2012-05-31
ep,1.5902475137473986,216,0.058648073356614816,2012-05-31
fcf_growth,2.3755046501737302,203,0.08760823065465173,2012-05-31
fcfp,3.3583565918479388,216,0.12385565269159411,2012-05-31
gross_margin,2.783463438936426,216,0.10265368537977751,2012-05-31
int_coverage,1.5721223037691463,216,0.05797961851847228,2012-05-31
rev_growth,1.768896036774274,205,0.06523660224470045,2012-05-31
roa,1.532169634385412,205,0.05650617047686005,2012-05-31
roe,1.3767143246411322,205,0.05077300357627277,2012-05-31
sp,1.2863454123248461,216,0.04744021257810058,2012-05-31
accruals,2.0941055158568758,206,0.07631372871590504,2012-06-30
asset_growth,3.1419288746006018,206,0.11449867543223008,2012-06-30
bp,0.7160553357467683,217,0.026094603268066625,2012-06-30
cash_ratio,0.8160539067996051,217,0.029738767215641997,2012-06-30
current_ratio,0.8355161207441425,217,0.030448012334346818,2012-06-30
ebitda_ev,1.9101320426544557,217,0.06960933793015828,2012-06-30
ep,1.618773574048168,217,0.05899160593722014,2012-06-30
fcf_growth,2.4141690759569587,204,0.0879775362520454,2012-06-30
fcfp,3.3880002025955025,217,0.12346604619133027,2012-06-30
gross_margin,2.81562534824684,217,0.10260747004613718,2012-06-30
int_coverage,1.6252081406115475,217,0.0592260954428367,2012-06-30
rev_growth,1.772082722396047,206,0.06457852248373389,2012-06-30
roa,1.5831489807968284,206,0.05769336880236175,2012-06-30
roe,1.4231208184257869,206,0.0518615968703293,2012-06-30
sp,1.2868236350707587,217,0.046894633077656456,2012-06-30
accruals,2.1253225489630827,207,0.07722825503906798,2012-07-31
asset_growth,3.1408489023460215,207,0.11412963184712752,2012-07-31
bp,0.7081136097695863,218,0.025730860700932872,2012-07-31
cash_ratio,0.8434026618340087,218,0.030646885057764015,2012-07-31
current_ratio,0.861927662855567,218,0.031320031589893875,2012-07-31
ebitda_ev,1.9156678763870811,218,0.06960999279848185,2012-07-31
ep,1.6215666109611753,218,0.05892317843954803,2012-07-31
fcf_growth,2.3770911237963768,205,0.08637681826187603,2012-07-31
fcfp,3.3404360617775315,218,0.12138206892244108,2012-07-31
gross_margin,2.827073425225177,218,0.10272791186635731,2012-07-31
int_coverage,1.6376149199804724,218,0.059506328937100846,2012-07-31
rev_growth,1.7620651213630785,207,0.06402849988791882,2012-07-31
roa,1.6271537728769507,207,0.059126200218800586,2012-07-31
roe,1.4574756324555902,207,0.05296057293111719,2012-07-31
sp,1.274252633306468,218,0.046302763501572045,2012-07-31
accruals,2.0820941238187287,208,0.07459026044508271,2012-08-31
asset_growth,3.1163192230429657,208,0.11164099634961071,2012-08-31
bp,0.7140888366829768,219,0.02558197139110059,2012-08-31
cash_ratio,0.8648582960475913,219,0.030983232127836626,2012-08-31
current_ratio,0.880800055011622,219,0.03155433981191138,2012-08-31
ebitda_ev,1.9241921537638351,219,0.0689334801216339,2012-08-31
ep,1.661286386874158,219,0.059514977182463936,2012-08-31
fcf_growth,2.485212561092588,206,0.08903183101698532,2012-08-31
fcfp,3.389691339277741,219,0.12143445242592717,2012-08-31
gross_margin,2.8536967705726695,219,0.1022326430458908,2012-08-31
int_coverage,1.718925264029818,219,0.061579868874736494,2012-08-31
rev_growth,1.7694845223064513,208,0.06339113581008884,2012-08-31
roa,1.6900354480792243,208,0.06054490178496198,2012-08-31
roe,1.5093399384939836,208,0.054071551244737566,2012-08-31
sp,1.253728316177918,219,0.04491435836703201,2012-08-31
accruals,2.051216782805259,209,0.07295306242795134,2012-09-30
asset_growth,3.1305543665339757,209,0.11134051264123816,2012-09-30
bp,0.6988979257368791,220,0.024856828607514807,2012-09-30
cash_ratio,0.856218635718617,220,0.030452057582197475,2012-09-30
current_ratio,0.864403101452835,220,0.030743144240932427,2012-09-30
ebitda_ev,1.9088814145292636,220,0.0678907983637196,2012-09-30
ep,1.6720771938639554,220,0.05946867875246506,2012-09-30
fcf_growth,2.5431640691182933,207,0.0904495364186594,2012-09-30
fcfp,3.4392020517305135,220,0.12231779892084414,2012-09-30
gross_margin,2.8835324959380872,220,0.1025549946512744,2012-09-30
int_coverage,1.7765424884028163,220,0.0631840652576521,2012-09-30
rev_growth,1.8175991796399673,209,0.06464427725670406,2012-09-30
roa,1.7223975068222002,209,0.06125835840183706,2012-09-30
roe,1.5252741295385381,209,0.05424751772934784,2012-09-30
sp,1.2269773381734437,220,0.043638368747662,2012-09-30
accruals,2.066608305151335,210,0.07374636131331326,2012-10-31
asset_growth,3.125371479276241,210,0.11152804030377296,2012-10-31
bp,0.7339697432267764,221,0.026191512800040704,2012-10-31
cash_ratio,0.8440227181775074,221,0.03011872359953824,2012-10-31
current_ratio,0.85084955047696,221,0.0303623372732692,2012-10-31
ebitda_ev,1.9389624655990003,221,0.06919135387416608,2012-10-31
ep,1.6574034859149858,221,0.059143997442360464,2012-10-31
fcf_growth,2.4868478515295975,208,0.08874249645324477,2012-10-31
fcfp,3.4031253158698753,221,0.12143961122823664,2012-10-31
gross_margin,2.9137321540976164,221,0.10397574792992338,2012-10-31
int_coverage,1.7539911856844053,221,0.06259070352007355,2012-10-31
rev_growth,1.7742107129699534,210,0.06331223191085161,2012-10-31
roa,1.6936725273761821,210,0.06043824842810257,2012-10-31
roe,1.502066814674075,210,0.053600850125094315,2012-10-31
sp,1.2783558290970365,221,0.04561778379801228,2012-10-31
accruals,2.049223909169976,211,0.07299215247621205,2012-11-30
asset_growth,3.1685512364861936,211,0.1128619346804169,2012-11-30
bp,0.7488436611036908,222,0.026673371537161594,2012-11-30
cash_ratio,0.8649219661201404,222,0.03080801260836244,2012-11-30
current_ratio,0.8569643493171551,222,0.030524566970025126,2012-11-30
ebitda_ev,1.9348025447025836,222,0.06891653065452297,2012-11-30
ep,1.6373772055243792,222,0.05832241470143614,2012-11-30
fcf_growth,2.45945711332587,209,0.08760441834650463,2012-11-30
fcfp,3.368753650151146,222,0.11999302710957799,2012-11-30
gross_margin,2.9184184041541776,222,0.10395235005416664,2012-11-30
int_coverage,1.7656365369263844,222,0.06289093678059936,2012-11-30
rev_growth,1.8611382039496858,211,0.06629265008772192,2012-11-30
roa,1.6719670136787308,211,0.059554483359051995,2012-11-30
roe,1.4935599443208172,211,0.05319972829732642,2012-11-30
sp,1.2749626869870199,222,0.04541342233691378,2012-11-30
accruals,2.0535483436822926,212,0.07264670675771034,2012-12-31
asset_growth,3.203810111412702,212,0.11333858021274536,2012-12-31
bp,0.764418822178463,223,0.02704222191102439,2012-12-31
cash_ratio,0.8776896615808001,223,0.031049312116412982,2012-12-31
current_ratio,0.8768382341270092,223,0.031019191861026106,2012-12-31
ebitda_ev,1.939407969482299,223,0.06860885572818273,2012-12-31
ep,1.634696199668468,223,0.05782931569184013,2012-12-31
fcf_growth,2.5200041621301255,210,0.08914813423199343,2012-12-31
fcfp,3.421819133504895,223,0.12105090777843962,2012-12-31
gross_margin,2.907114677612172,223,0.10284262756474993,2012-12-31
int_coverage,1.7542112585752678,223,0.06205730256356095,2012-12-31
rev_growth,1.8871406047949753,212,0.0667598357491207,2012-12-31
roa,1.6548374552928835,212,0.058541836483269515,2012-12-31
roe,1.4831988328622596,212,0.052469916769095015,2012-12-31
sp,1.2888686040031088,223,0.04559525458082875,2012-12-31
accruals,2.0750912629427245,213,0.0742675894775154,2013-01-31
asset_growth,3.1862195728041285,213,0.11403491087069982,2013-01-31
bp,0.7357806097067994,224,0.026333613968249275,2013-01-31
cash_ratio,0.8182089276711498,224,0.02928372637497645,2013-01-31
current_ratio,0.8218611627478577,224,0.029414439997165608,2013-01-31
ebitda_ev,1.9284884646387055,224,0.06902067015635859,2013-01-31
ep,1.6234372346674146,224,0.058102875878245294,2013-01-31
fcf_growth,2.582253440103296,211,0.09241894168284918,2013-01-31
fcfp,3.4381127589610645,224,0.1230501768861122,2013-01-31
gross_margin,2.8016944490658773,224,0.10027274313206987,2013-01-31
int_coverage,1.7416152819777038,224,0.06233247235895545,2013-01-31
rev_growth,1.8310387105182677,213,0.0655329400198835,2013-01-31
roa,1.625204367333611,213,0.058166121618685285,2013-01-31
roe,1.4353818037866237,213,0.05137236537536465,2013-01-31
sp,1.2963499996618484,224,0.046396412202869344,2013-01-31
accruals,2.0875232566539585,214,0.07498809769343857,2013-02-28
asset_growth,3.199894428699273,214,0.11494674143779718,2013-02-28
bp,0.7380045720033033,225,0.026510631087432148,2013-02-28
cash_ratio,0.8262180200073678,225,0.029679438254355314,2013-02-28
current_ratio,0.8372041216139304,225,0.030074081455535,2013-02-28
ebitda_ev,1.913555243432487,225,0.06873881144984698,2013-02-28
ep,1.614368498617238,225,0.05799141269523429,2013-02-28
fcf_growth,2.4863134310508315,212,0.08931345500935627,2013-02-28
fcfp,3.427494023434441,225,0.1231225835945665,2013-02-28
gross_margin,2.8354734065992075,225,0.10185599424747144,2013-02-28
int_coverage,1.7036090968392426,225,0.061197117195225824,2013-02-28
rev_growth,1.8544453277332853,214,0.06661546258703839,2013-02-28
roa,1.612154146784613,214,0.05791186865613281,2013-02-28
roe,1.4149811223705153,214,0.05082901103040526,2013-02-28
sp,1.286822554734155,225,0.04622529360616407,2013-02-28
accruals,2.076552804197282,215,0.07427562231830342,2013-03-31
asset_growth,3.216180316333088,215,0.1150386322951521,2013-03-31
bp,0.7267409003079633,226,0.025994587050919907,2013-03-31
cash_ratio,0.8154315041872949,226,0.02916693585110849,2013-03-31
current_ratio,0.8254934960975049,226,0.029526840356971264,2013-03-31
ebitda_ev,1.8964239002296497,226,0.06783264315944611,2013-03-31
ep,1.605308889556952,226,0.05741983374751656,2013-03-31
fcf_growth,2.5206419247535936,213,0.09016011883938221,2013-03-31
fcfp,3.479586446232012,226,0.12446033068931425,2013-03-31
gross_margin,2.881852080832612,226,0.10308014142500181,2013-03-31
int_coverage,1.724709735179112,226,0.06169064838608091,2013-03-31
rev_growth,1.8844997410859714,215,0.06740613132732269,2013-03-31
roa,1.6180033589430804,215,0.0578738985860073,2013-03-31
roe,1.4092080851674507,215,0.050405560258439265,2013-03-31
sp,1.2767603651907573,226,0.045668075709033765,2013-03-31
accruals,2.036751499839264,216,0.07264225948467062,2013-04-30
asset_growth,3.2441019069003754,216,0.11570331114736851,2013-04-30
bp,0.7091241513422536,227,0.025291441107428213,2013-04-30
cash_ratio,0.8434508896180866,227,0.03008230429242283,2013-04-30
current_ratio,0.8478780406214147,227,0.030240201930886314,2013-04-30
ebitda_ev,1.883141428736474,227,0.06716364186961636,2013-04-30
ep,1.6071854740986626,227,0.057321467178829646,2013-04-30
fcf_growth,2.554469756918528,214,0.09110706678868943,2013-04-30
fcfp,3.4708996865736643,227,0.1237922229085109,2013-04-30
gross_margin,2.87540880968624,227,0.10255359718366222,2013-04-30
int_coverage,1.7136196299366935,227,0.06111752063308181,2013-04-30
rev_growth,1.9160505433569552,216,0.0683373699576332,2013-04-30
roa,1.6370861802480132,216,0.058387898137661605,2013-04-30
roe,1.4427728269719762,216,0.05145756764269042,2013-04-30
sp,1.256166941734165,227,0.04480212973684795,2013-04-30
accruals,2.0328434938057853,217,0.07239977400364275,2013-05-31
asset_growth,3.2853038826573746,217,0.11700618338915189,2013-05-31
bp,0.6878146613297332,228,0.024496537086303775,2013-05-31
cash_ratio,0.8566640883653578,228,0.030510113830048768,2013-05-31
current_ratio,0.8542972741332395,228,0.03042581967949753,2013-05-31
ebitda_ev,1.8596940475468924,228,0.06623305196321133,2013-05-31
ep,1.5786375175374678,228,0.05622321632316652,2013-05-31
fcf_growth,2.5101598885313146,215,0.08939940983968288,2013-05-31
fcfp,3.496961767964687,228,0.12454438448974404,2013-05-31
gross_margin,2.904414538003552,228,0.10344079945410758,2013-05-31
int_coverage,1.7147996963708592,228,0.061072635870426044,2013-05-31
rev_growth,1.9857252542341823,217,0.07072165667349502,2013-05-31
roa,1.6187830324566483,217,0.057652999883123265,2013-05-31
roe,1.4364164819391845,217,0.05115801043434393,2013-05-31
sp,1.2555208300925444,228,0.044715407080054614,2013-05-31
accruals,2.050897954697674,218,0.07378379671488627,2013-06-30
asset_growth,3.301883223375351,218,0.11878966477673117,2013-06-30
bp,0.6843525914949083,229,0.024620499706729356,2013-06-30
cash_ratio,0.8270508933609985,229,0.02975426195576292,2013-06-30
current_ratio,0.8350407523444291,229,0.030041707818032042,2013-06-30
ebitda_ev,1.8215893526632558,229,0.06553411308790329,2013-06-30
ep,1.5428308016751346,229,0.05550540141478851,2013-06-30
fcf_growth,2.514363605812005,216,0.0904575933354466,2013-06-30
fcfp,3.509248346415832,229,0.12624990240051467,2013-06-30
gross_margin,2.8905876065112137,229,0.10399275490858478,2013-06-30
int_coverage,1.6477509481525343,229,0.05928004400061415,2013-06-30
rev_growth,2.017120290322596,218,0.07256860006600092,2013-06-30
roa,1.5558438815096272,218,0.055973564365043305,2013-06-30
roe,1.3682236731069526,218,0.049223676451469266,2013-06-30
sp,1.2292640729797486,229,0.04422441899749277,2013-06-30
accruals,1.9870693184900938,219,0.07141495658601711,2013-07-31
asset_growth,3.3270575260002726,219,0.11957392053088334,2013-07-31
bp,0.6982437012847152,230,0.02509476803335607,2013-07-31
cash_ratio,0.8662096156090597,230,0.031131436391014844,2013-07-31
current_ratio,0.8697066357694527,230,0.0312571187417064,2013-07-31
ebitda_ev,1.8383607159898245,230,0.06607039296526039,2013-07-31
ep,1.5778515219774905,230,0.05670773379301476,2013-07-31
fcf_growth,2.4308952616776622,217,0.08736599068913178,2013-07-31
fcfp,3.469975393080306,230,0.12471036603779816,2013-07-31
gross_margin,2.8037997034516,230,0.10076811726429054,2013-07-31
int_coverage,1.6728770460550686,230,0.06012293607781498,2013-07-31
rev_growth,2.060804720136226,219,0.07406499524265159,2013-07-31
roa,1.5854881557393576,219,0.056982193200893635,2013-07-31
roe,1.3958273441378706,219,0.05016581367122475,2013-07-31
sp,1.2401073229947324,230,0.04456926077494172,2013-07-31
accruals,1.9746706802272627,220,0.07076901845615244,2013-08-31
asset_growth,3.36848582743476,220,0.12072110964020746,2013-08-31
bp,0.7201370368117862,231,0.025808552159809706,2013-08-31
cash_ratio,0.8567535004437116,231,0.030704666298228624,2013-08-31
current_ratio,0.8422432898074386,231,0.030184643706814607,2013-08-31
ebitda_ev,1.8529907369729868,231,0.066408205164027,2013-08-31
ep,1.585641482841689,231,0.05682683826102577,2013-08-31
fcf_growth,2.483337343114282,218,0.08899881282861863,2013-08-31
fcfp,3.496965419168597,231,0.12532561138811635,2013-08-31
gross_margin,2.80156247924548,231,0.10040348944512083,2013-08-31
int_coverage,1.6473264939163068,231,0.059037529760585176,2013-08-31
rev_growth,2.0400555060082177,220,0.07311230535901574,2013-08-31
roa,1.579413372205888,220,0.05660363280153051,2013-08-31
roe,1.4051651576950714,220,0.05035885728926717,2013-08-31
sp,1.2482906494279464,231,0.04473672744147994,2013-08-31
accruals,1.9877179740429123,221,0.07180930119122479,2013-09-30
asset_growth,3.3662780169272106,221,0.12161185599145079,2013-09-30
bp,0.7200080403479744,232,0.026011373295724404,2013-09-30
cash_ratio,0.8636348558891657,232,0.03120010801112082,2013-09-30
current_ratio,0.8562745018055746,232,0.030934204150429946,2013-09-30
ebitda_ev,1.8327264812981463,232,0.0662100004202261,2013-09-30
ep,1.5586436754708344,232,0.056308346859707196,2013-09-30
fcf_growth,2.446117303011536,219,0.08836966634846645,2013-09-30
fcfp,3.4722408744591657,232,0.12543992357999226,2013-09-30
gross_margin,2.7947538241156544,232,0.10096468499656264,2013-09-30
int_coverage,1.5983459038501866,232,0.05774264956908851,2013-09-30
rev_growth,2.023322553630067,221,0.07309557017543115,2013-09-30
roa,1.5444478339885856,221,0.05579550073667884,2013-09-30
roe,1.37351761160721,221,0.049620389386902296,2013-09-30
sp,1.2424790779665,232,0.0448864252869937,2013-09-30
accruals,1.9035570399814796,222,0.06824797701491134,2013-10-31
asset_growth,3.3995622938503387,222,0.12188405412517321,2013-10-31
bp,0.7720363666685336,233,0.027679717024703593,2013-10-31
cash_ratio,0.9091821488618526,233,0.03259678648688936,2013-10-31
current_ratio,0.8742920668853984,233,0.03134587702488523,2013-10-31
ebitda_ev,1.864875362274016,233,0.06686112797617548,2013-10-31
ep,1.5884677893461525,233,0.05695112407941187,2013-10-31
fcf_growth,2.453808671087165,220,0.08797607545554627,2013-10-31
fcfp,3.5009515579996373,233,0.1255191499084272,2013-10-31
gross_margin,2.7446338799214782,233,0.09840299293214266,2013-10-31
int_coverage,1.5884364837996074,233,0.056950001685821254,2013-10-31
rev_growth,2.0375370317216333,222,0.07305154381363935,2013-10-31
roa,1.5551629043534616,222,0.05575704847373023,2013-10-31
roe,1.4001022611351168,222,0.05019767988533956,2013-10-31
sp,1.2991665175147378,233,0.04657884411320339,2013-10-31
accruals,1.8562892820893069,223,0.06668911465956553,2013-11-30
asset_growth,3.4168545875163825,223,0.12275403923329863,2013-11-30
bp,0.7578974992413596,234,0.027228252468395893,2013-11-30
cash_ratio,0.898201709708855,234,0.03226882651542983,2013-11-30
current_ratio,0.8362946105728357,234,0.03004474987373511,2013-11-30
ebitda_ev,1.8829766349150534,234,0.06764788544477059,2013-11-30
ep,1.5923793789006833,234,0.05720787810696757,2013-11-30
fcf_growth,2.4539077553803947,221,0.0881591771506479,2013-11-30
fcfp,3.503841458241948,234,0.1258791326396263,2013-11-30
gross_margin,2.672614855381618,234,0.09601645619092032,2013-11-30
int_coverage,1.6131628369144746,234,0.05795454535752885,2013-11-30
rev_growth,2.0478541285070584,223,0.0735712801338587,2013-11-30
roa,1.568284721392931,223,0.05634225258581556,2013-11-30
roe,1.4146719267095276,223,0.05082355386969329,2013-11-30
sp,1.31973525886359,234,0.04741285576974583,2013-11-30
accruals,1.8586998548621645,224,0.06661257117287585,2013-12-31
asset_growth,3.4091410688027097,224,0.1221776886084897,2013-12-31
bp,0.7931850837899578,235,0.02842637433311696,2013-12-31
cash_ratio,0.9003563561873883,235,0.032267206402687924,2013-12-31
current_ratio,0.834652153907735,235,0.029912482029486206,2013-12-31
ebitda_ev,1.9029430387359159,235,0.06819816995957367,2013-12-31
ep,1.6072845065894426,235,0.05760228221365494,2013-12-31
fcf_growth,2.4693802432497503,222,0.08849829453425424,2013-12-31
fcfp,3.5160927041785524,235,0.12601064926907848,2013-12-31
gross_margin,2.6486282036648836,235,0.094922229786367,2013-12-31
int_coverage,1.5928161562038865,235,0.05708376169120973,2013-12-31
rev_growth,2.0384367899937774,224,0.07305403042867215,2013-12-31
roa,1.5559490831949723,224,0.055762509893444875,2013-12-31
roe,1.4319100537108502,224,0.05131716673698444,2013-12-31
sp,1.3436640373696407,235,0.048154582940103746,2013-12-31
accruals,1.8710128553819898,225,0.06698528469676462,2014-01-31
asset_growth,3.4091202660690865,225,0.12205201633503747,2014-01-31
bp,0.788078248911984,236,0.028214475231876125,2014-01-31
cash_ratio,0.9113376003932245,236,0.03262735926244779,2014-01-31
current_ratio,0.8425877915007263,236,0.030166004970698712,2014-01-31
ebitda_ev,1.9030224988172146,236,0.06813128167502307,2014-01-31
ep,1.616550068856168,236,0.05787510560251985,2014-01-31
fcf_growth,2.5292687717118696,223,0.09055191056566303,2014-01-31
fcfp,3.5241032387053446,236,0.12616859262427282,2014-01-31
gross_margin,2.6080769626144154,236,0.09337337119264852,2014-01-31
int_coverage,1.5753755873761652,236,0.05640099260738677,2014-01-31
rev_growth,2.0348455691836222,225,0.07285076068485202,2014-01-31
roa,1.5410175079993325,225,0.0551709178261949,2014-01-31
roe,1.417004755057623,225,0.05073106080547231,2014-01-31
sp,1.3602979611931207,236,0.04870086591914219,2014-01-31
accruals,1.9005483088581934,226,0.06801551067616096,2014-02-28
asset_growth,3.401711100364431,226,0.121738088206268,2014-02-28
bp,0.7777213630807714,237,0.02783255517744669,2014-02-28
cash_ratio,0.9293959897239705,237,0.03326058199458716,2014-02-28
current_ratio,0.8508108607891703,237,0.030448231658034258,2014-02-28
ebitda_ev,1.8907635325216197,237,0.06766533985636007,2014-02-28
ep,1.6069105031109314,237,0.057507003621306854,2014-02-28
fcf_growth,2.561518610102141,224,0.0916698594613764,2014-02-28
fcfp,3.5436839254835713,237,0.1268189136489093,2014-02-28
gross_margin,2.6028098277254177,237,0.09314756104885928,2014-02-28
int_coverage,1.5583659918398791,237,0.05576972616867061,2014-02-28
rev_growth,2.0301198764034125,226,0.07265252847498416,2014-02-28
roa,1.5330877571444284,226,0.05486508615831704,2014-02-28
roe,1.3872726629279695,226,0.04964675624205025,2014-02-28
sp,1.3681458092006882,237,0.04896225760666916,2014-02-28
accruals,1.9293902272373722,227,0.06904615991959095,2014-03-31
asset_growth,3.425010882037662,227,0.12256921681733862,2014-03-31
bp,0.759387928835329,238,0.027175850501973284,2014-03-31
cash_ratio,0.9393546052535309,238,0.03361623137710647,2014-03-31
current_ratio,0.8716512343878732,238,0.031193363412973026,2014-03-31
ebitda_ev,1.881527696786624,238,0.06733332656685309,2014-03-31
ep,1.5860547212364813,238,0.056759377329552135,2014-03-31
fcf_growth,2.5880967432956417,225,0.09261897313579492,2014-03-31
fcfp,3.5581983024797483,238,0.12733553096224318,2014-03-31
gross_margin,2.618054562383706,238,0.0936910591961449,2014-03-31
int_coverage,1.52008151708202,238,0.05439842600920717,2014-03-31
rev_growth,2.038424992455363,227,0.07294813461074307,2014-03-31
roa,1.505418668800196,227,0.05387369371138001,2014-03-31
roe,1.356842409503189,227,0.0485566665932502,2014-03-31
sp,1.3659889616755465,238,0.04888398985584894,2014-03-31
accruals,1.930858450742341,228,0.06931717562479436,2014-04-30
asset_growth,3.4139922151186375,228,0.12256118405058493,2014-04-30
bp,0.7462494854153002,239,0.026790108109974294,2014-04-30
cash_ratio,0.9340260876761629,239,0.03353122562282935,2014-04-30
current_ratio,0.8848252097290731,239,0.03176493048284055,2014-04-30
ebitda_ev,1.863441196099542,239,0.06689691862541684,2014-04-30
ep,1.5864293910104683,239,0.056952287036230016,2014-04-30
fcf_growth,2.5908887841643913,226,0.09301204487940916,2014-04-30
fcfp,3.576368508482516,239,0.1283904389294601,2014-04-30
gross_margin,2.604392943063706,239,0.09349683968854136,2014-04-30
int_coverage,1.5001292804586077,239,0.05385414179556641,2014-04-30
rev_growth,2.0250821460580717,228,0.07269977492082592,2014-04-30
roa,1.4938096397879979,228,0.053627268799215054,2014-04-30
roe,1.3493440511583927,228,0.04844100225806717,2014-04-30
sp,1.3555741066480584,239,0.04866465917624434,2014-04-30
accruals,1.9873122954388704,229,0.07149119098851574,2014-05-31
asset_growth,3.4227580994651654,229,0.12312964276322526,2014-05-31
bp,0.7425995145732346,240,0.026714132371736848,2014-05-31
cash_ratio,0.9147991626977403,240,0.032908809454185825,2014-05-31
current_ratio,0.8492550376967517,240,0.03055093768467311,2014-05-31
ebitda_ev,1.8681599667461852,240,0.06720482799119226,2014-05-31
ep,1.5648318702515105,240,0.056292961281337865,2014-05-31
fcf_growth,2.625303168060111,227,0.09444215215761695,2014-05-31
fcfp,3.5903364275241136,240,0.12915807336484478,2014-05-31
gross_margin,2.6020648240276327,240,0.09360618043072948,2014-05-31
int_coverage,1.4810074631649808,240,0.05327747815355961,2014-05-31
rev_growth,2.001443443271706,229,0.07199954218773232,2014-05-31
roa,1.4545500738422752,229,0.0523257051093993,2014-05-31
roe,1.324735750088508,229,0.047655789548656444,2014-05-31
sp,1.3688452578484558,240,0.04924257651259432,2014-05-31
accruals,2.030940799299575,230,0.07308218319542348,2014-06-30
asset_growth,3.403746443350728,230,0.1224817686510204,2014-06-30
bp,0.7265286623485567,241,0.026143696958963493,2014-06-30
cash_ratio,0.9203724011354967,241,0.03311904731590087,2014-06-30
current_ratio,0.8629253500555251,241,0.03105184973312974,2014-06-30
ebitda_ev,1.8437527801705367,241,0.06634633490743065,2014-06-30
ep,1.5448964537954557,241,0.05559216974378461,2014-06-30
fcf_growth,2.652744621870512,228,0.09545741977957993,2014-06-30
fcfp,3.628789057253147,241,0.1305797917650696,2014-06-30
gross_margin,2.6350576807995254,241,0.09482096584258566,2014-06-30
int_coverage,1.4900949273984458,241,0.05362016977563372,2014-06-30
rev_growth,1.9697000925912218,230,0.07087847319648082,2014-06-30
roa,1.427854082794954,230,0.051380470416046764,2014-06-30
roe,1.3046253585007765,230,0.046946158885690335,2014-06-30
sp,1.347792425598458,241,0.04849949983326,2014-06-30
accruals,2.04700800004004,231,0.07382176599954336,2014-07-31
asset_growth,3.4155515196768906,231,0.12317589625445537,2014-07-31
bp,0.7116848321684786,242,0.025665669672389195,2014-07-31
cash_ratio,0.9057588472034578,242,0.032664609844691335,2014-07-31
current_ratio,0.8352286479586014,242,0.030121061473383986,2014-07-31
ebitda_ev,1.8286008182661897,242,0.0659452926954754,2014-07-31
ep,1.5190483706937121,242,0.05478182467344796,2014-07-31
fcf_growth,2.7110957859985376,229,0.09777093138493713,2014-07-31
fcfp,3.651525652765802,242,0.13168589095623182,2014-07-31
gross_margin,2.6427594386516695,242,0.09530650044817218,2014-07-31
int_coverage,1.468395615912747,242,0.052955121597251124,2014-07-31
rev_growth,1.9762617220325531,231,0.071270425125299,2014-07-31
roa,1.3860157693845305,231,0.049984236406101244,2014-07-31
roe,1.2864436333406644,231,0.046393341340248445,2014-07-31
sp,1.3436789256543822,242,0.048457432128372425,2014-07-31
accruals,2.0632880135880436,232,0.0747766737962535,2014-08-31
asset_growth,3.3878130604043726,232,0.1227794619230143,2014-08-31
bp,0.6950399465813746,243,0.025189297382918734,2014-08-31
cash_ratio,0.9035838576559484,243,0.032747243684123704,2014-08-31
current_ratio,0.8309722643336416,243,0.030115689876836167,2014-08-31
ebitda_ev,1.8242532185001803,243,0.06611369180802573,2014-08-31
ep,1.5233328836189792,243,0.05520788439195859,2014-08-31
fcf_growth,2.6691322239377393,230,0.09673338298581853,2014-08-31
fcfp,3.6266236053614076,243,0.1314343167478159,2014-08-31
gross_margin,2.6836686550541446,243,0.09726020520384852,2014-08-31
int_coverage,1.4732095260478164,243,0.05339133821227427,2014-08-31
rev_growth,1.9075469204774107,232,0.06913238136615607,2014-08-31
roa,1.3828136153041073,232,0.05011525388198106,2014-08-31
roe,1.3028286359744277,232,0.04721647742976168,2014-08-31
sp,1.3185626347711623,243,0.04778670130921324,2014-08-31
accruals,2.0747961148523273,233,0.07625632457662634,2014-09-30
asset_growth,3.345738670264702,233,0.1229680989673698,2014-09-30
bp,0.6503216832810357,244,0.023901693763787618,2014-09-30
cash_ratio,0.8766293700012006,244,0.03221932665753663,2014-09-30
current_ratio,0.7980183734686502,244,0.029330085818898916,2014-09-30
ebitda_ev,1.7958536512284706,244,0.06600417165806424,2014-09-30
ep,1.4966431668863764,244,0.055007095055024484,2014-09-30
fcf_growth,2.695730905822504,231,0.09907794286585836,2014-09-30
fcfp,3.580712700232955,244,0.131604251584039,2014-09-30
gross_margin,2.6321133293871113,244,0.09673976490094496,2014-09-30
int_coverage,1.46048883967866,244,0.05367829166530086,2014-09-30
rev_growth,1.8663213955987217,233,0.06859411827904249,2014-09-30
roa,1.3630204872314426,233,0.05009597421880177,2014-09-30
roe,1.2682721525414011,233,0.046613627345536646,2014-09-30
sp,1.3035232199490192,244,0.04790923264316811,2014-09-30
accruals,2.0821458969182385,234,0.07491111763340634,2014-10-31
asset_growth,3.3800733579467765,234,0.12160774770944718,2014-10-31
bp,0.6967499667785424,245,0.02506756073129726,2014-10-31
cash_ratio,0.922860674739865,245,0.033202536223328576,2014-10-31
current_ratio,0.8369458465520934,245,0.030111506046070644,2014-10-31
ebitda_ev,1.8569384706951149,245,0.06680864026969854,2014-10-31
ep,1.5305069372510112,245,0.055064337895269544,2014-10-31
fcf_growth,2.7027570599205504,232,0.09723936845631057,2014-10-31
fcfp,3.635366551472408,245,0.13079264607776625,2014-10-31
gross_margin,2.6680314262796205,245,0.09599001507025799,2014-10-31
int_coverage,1.4977014693111923,245,0.05388406792883923,2014-10-31
rev_growth,1.8990950771991058,234,0.06832534402879621,2014-10-31
roa,1.4143830706007732,234,0.05088645168299344,2014-10-31
roe,1.329365091260933,234,0.04782768819254464,2014-10-31
sp,1.3419640640440167,245,0.04828097205397365,2014-10-31
accruals,1.979940628936396,235,0.07114613894543692,2014-11-30
asset_growth,3.3988156186324048,235,0.12213124207822408,2014-11-30
bp,0.7008978923968928,246,0.02518569401034052,2014-11-30
cash_ratio,0.9009285086062877,246,0.032373488334163224,2014-11-30
current_ratio,0.8110012265384083,246,0.029142088962140753,2014-11-30
ebitda_ev,1.873444436209209,246,0.06731936110462931,2014-11-30
ep,1.5513345763269633,246,0.05574483583253154,2014-11-30
fcf_growth,2.728338841169369,233,0.09803868431567195,2014-11-30
fcfp,3.6879825272397437,246,0.1325220127697937,2014-11-30
gross_margin,2.652554375686742,246,0.09531548543165841,2014-11-30
int_coverage,1.51680697278128,246,0.05450413919576737,2014-11-30
rev_growth,1.8975118930497596,235,0.06818418836430375,2014-11-30
roa,1.4313409953178666,235,0.051433049982862016,2014-11-30
roe,1.3245060562818762,235,0.04759409981142936,2014-11-30
sp,1.3738024645038658,246,0.049365490861047204,2014-11-30
accruals,1.9991019558516236,236,0.07214536973038352,2014-12-31
asset_growth,3.395176650744047,236,0.12252815523035519,2014-12-31
bp,0.6899268752726084,247,0.02489869481532582,2014-12-31
cash_ratio,0.8876632508249103,247,0.03203478103724616,2014-12-31
current_ratio,0.7966714212049913,247,0.02875098694602556,2014-12-31
ebitda_ev,1.8702096962460744,247,0.06749379120663307,2014-12-31
ep,1.5503177725461126,247,0.05594924689685284,2014-12-31
fcf_growth,2.7016239141797462,234,0.0974986071072656,2014-12-31
fcfp,3.7006613256904584,247,0.1335527579308143,2014-12-31
gross_margin,2.630202419551597,247,0.09492108467447435,2014-12-31
int_coverage,1.5005234458270074,247,0.054152224938513065,2014-12-31
rev_growth,1.8910466323307709,236,0.0682457730920384,2014-12-31
roa,1.4072007741929118,236,0.050784313347230166,2014-12-31
roe,1.3171476728933238,236,0.04753439691870126,2014-12-31
sp,1.3718852731021143,247,0.04950981612814063,2014-12-31
accruals,2.0852870675431556,237,0.07794156958834787,2015-01-31
asset_growth,3.3106629205505538,237,0.12374232230273678,2015-01-31
bp,0.6132720916886747,248,0.022922210641847407,2015-01-31
cash_ratio,0.8224475478843071,248,0.030740541090927838,2015-01-31
current_ratio,0.7518487831334215,248,0.02810177800582149,2015-01-31
ebitda_ev,1.7751589054958379,248,0.0663499397836341,2015-01-31
ep,1.4801716472315252,248,0.05532423005016688,2015-01-31
fcf_growth,2.6352063241769588,235,0.09849584754653555,2015-01-31
fcfp,3.6755803642595435,248,0.1373818056983521,2015-01-31
gross_margin,2.5748197085092737,248,0.09623878295311583,2015-01-31
int_coverage,1.4092367793768188,248,0.05267290447241237,2015-01-31
rev_growth,1.807675851464262,237,0.06756532247431776,2015-01-31
roa,1.3018442985706775,237,0.04865890628180405,2015-01-31
roe,1.2395942620407336,237,0.04633219279012532,2015-01-31
sp,1.2716850314064723,248,0.04753164631985455,2015-01-31
accruals,2.0919551786815975,238,0.0789960456893911,2015-02-28
asset_growth,3.312728307291963,238,0.12509466712585124,2015-02-28
bp,0.6028771686031571,249,0.02276574223071077,2015-02-28
cash_ratio,0.8111619086871754,249,0.030630954168210104,2015-02-28
current_ratio,0.7495240171086667,249,0.028303394883501972,2015-02-28
ebitda_ev,1.7532743924735588,249,0.06620684105725817,2015-02-28
ep,1.4601176536028322,249,0.055136707541023046,2015-02-28
fcf_growth,2.5698758151378565,236,0.09704320120120034,2015-02-28
fcfp,3.6034016506513136,249,0.1360710230949952,2015-02-28
gross_margin,2.6164979922344487,249,0.09880373970106553,2015-02-28
int_coverage,1.3745493327101979,249,0.05190549156867173,2015-02-28
rev_growth,1.7876428247287348,238,0.06750465578692828,2015-02-28
roa,1.2698649278330585,238,0.04795241737524998,2015-02-28
roe,1.2212241443144838,238,0.04611565261262122,2015-02-28
sp,1.257075519218752,249,0.047469465963321175,2015-02-28
accruals,2.047441808431901,239,0.0753242356873382,2015-03-31
asset_growth,3.364895038140692,239,0.1237926010264406,2015-03-31
bp,0.7056970817691457,250,0.02596219980081251,2015-03-31
cash_ratio,0.8709057117067963,250,0.032040132627893264,2015-03-31
current_ratio,0.7899564738670003,250,0.02906205557356901,2015-03-31
ebitda_ev,1.8431513871440557,250,0.06780850567812408,2015-03-31
ep,1.5099560151890294,250,0.055550434838839716,2015-03-31
fcf_growth,2.537004709297461,237,0.09333498020603934,2015-03-31
fcfp,3.62674373140236,250,0.13342586757615968,2015-03-31
gross_margin,2.6596504324096797,250,0.09784704756526952,2015-03-31
int_coverage,1.435967640548919,250,0.05282844403716555,2015-03-31
rev_growth,1.84564441892415,239,0.0679002229189299,2015-03-31
roa,1.3299799506512775,239,0.048929216376126024,2015-03-31
roe,1.2688533728731552,239,0.04668040386660418,2015-03-31
sp,1.3458659184488158,250,0.04951365222068841,2015-03-31
accruals,1.985134934653844,240,0.07171733130625521,2015-04-30
asset_growth,3.4258880999424526,240,0.12376768329079503,2015-04-30
bp,0.788147045943053,251,0.02847353186185329,2015-04-30
cash_ratio,0.9482848982682431,251,0.03425886121624323,2015-04-30
current_ratio,0.8487298119510498,251,0.030662216482429207,2015-04-30
ebitda_ev,1.9281571799898154,251,0.06965888558702797,2015-04-30
ep,1.5721438541356572,251,0.05679712732867731,2015-04-30
fcf_growth,2.497859055366391,238,0.09024060898977554,2015-04-30
fcfp,3.581067007513027,251,0.12937385994493883,2015-04-30
gross_margin,2.567084211562312,251,0.09274151881457586,2015-04-30
int_coverage,1.4778050984993918,251,0.05338893392334305,2015-04-30
rev_growth,1.8832977169396043,240,0.0680382395958507,2015-04-30
roa,1.4087401694153747,240,0.050893812652594184,2015-04-30
roe,1.3446865180948493,240,0.04857973472623372,2015-04-30
sp,1.4229632999430442,251,0.051407654279406745,2015-04-30
accruals,1.983191991384367,241,0.0718390620985873,2015-05-31
asset_growth,3.4007849405932125,241,0.1231898886202522,2015-05-31
bp,0.772817957571644,252,0.027994524728863008,2015-05-31
cash_ratio,0.9529293503542761,252,0.034518872137982215,2015-05-31
current_ratio,0.8628360781131126,252,0.03125533728744062,2015-05-31
ebitda_ev,1.929539860523817,252,0.06989556959894178,2015-05-31
ep,1.5775142229281764,252,0.05714380791908803,2015-05-31
fcf_growth,2.519955487786797,239,0.09128276009546747,2015-05-31
fcfp,3.555270683228117,252,0.12878597357153734,2015-05-31
gross_margin,2.555072784358068,252,0.09255484754846137,2015-05-31
int_coverage,1.4474035842731439,252,0.05243068569459728,2015-05-31
rev_growth,1.8902086916046472,241,0.06847083901376938,2015-05-31
roa,1.3912253335645683,241,0.05039568713733396,2015-05-31
roe,1.3426441344971394,241,0.048635883854650945,2015-05-31
sp,1.4246444750524914,252,0.051606260693027116,2015-05-31
accruals,2.038691727382912,242,0.07577055191107093,2015-06-30
asset_growth,3.3567552821513154,242,0.12475804798870233,2015-06-30
bp,0.7571878174050773,253,0.02814184118889401,2015-06-30
cash_ratio,0.8859055411367714,253,0.03292579789842912,2015-06-30
current_ratio,0.8168916711576747,253,0.03036081029015161,2015-06-30
ebitda_ev,1.8577212651141395,253,0.06904455620434923,2015-06-30
ep,1.499697824457757,253,0.05573816302520062,2015-06-30
fcf_growth,2.508726309040758,240,0.09323998056040546,2015-06-30
fcfp,3.4813920501631688,253,0.12939033082667378,2015-06-30
gross_margin,2.5284858606421814,253,0.09397436924224756,2015-06-30
int_coverage,1.396185492570487,253,0.051890996525550986,2015-06-30
rev_growth,1.87542298944306,242,0.0697024631375871,2015-06-30
roa,1.3014323257061475,242,0.04836937545248704,2015-06-30
roe,1.2506075444950848,242,0.04648040829212815,2015-06-30
sp,1.3510184793658127,253,0.05021230745612209,2015-06-30
accruals,1.9846510962309838,243,0.07287745389191495,2015-07-31
asset_growth,3.4017893623672686,243,0.12491553194248403,2015-07-31
bp,0.7698729763284259,254,0.028270149066280136,2015-07-31
cash_ratio,0.8802923847883064,254,0.03232480903351042,2015-07-31
current_ratio,0.8011701838785263,254,0.029419399332238562,2015-07-31
ebitda_ev,1.8837638521396698,254,0.06917282011849758,2015-07-31
ep,1.5516564195602442,254,0.05697765687245746,2015-07-31
fcf_growth,2.5089017425083804,241,0.09212821911429789,2015-07-31
fcfp,3.57306697254451,254,0.13120493775397107,2015-07-31
gross_margin,2.519216659374204,254,0.0925069884001011,2015-07-31
int_coverage,1.4497464911590292,254,0.05323546958206054,2015-07-31
rev_growth,1.901292641029037,243,0.06981648665842088,2015-07-31
roa,1.3562743366511214,243,0.04980312187960313,2015-07-31
roe,1.274844167832942,243,0.046812962357494846,2015-07-31
sp,1.3761779703659796,254,0.05053399399666734,2015-07-31
accruals,2.0008373264949544,244,0.07454253615424541,2015-08-31
asset_growth,3.3732725207490035,244,0.1256735295300326,2015-08-31
bp,0.733596071404058,255,0.027330613514215292,2015-08-31
cash_ratio,0.8525465851331077,255,0.03176219465916856,2015-08-31
current_ratio,0.7795720033824582,255,0.029043477686800823,2015-08-31
ebitda_ev,1.8441610973115414,255,0.06870545818505608,2015-08-31
ep,1.5127870513731088,255,0.05635989591827452,2015-08-31
fcf_growth,2.542878539275888,242,0.09473664497347413,2015-08-31
fcfp,3.535582111049121,255,0.13172048214477722,2015-08-31
gross_margin,2.442057438448599,255,0.0909804872618952,2015-08-31
int_coverage,1.4185217425110739,255,0.05284797863200079,2015-08-31
rev_growth,1.8900217936687422,244,0.07041402917730867,2015-08-31
roa,1.3246236742946542,244,0.04934974314221325,2015-08-31
roe,1.2447030806897608,244,0.04637224784093467,2015-08-31
sp,1.346390509425217,255,0.050160681179602755,2015-08-31
accruals,1.990415996594388,245,0.07356900694911539,2015-09-30
asset_growth,3.3417194484014834,245,0.12351537655549807,2015-09-30
bp,0.7061214746675563,256,0.026099396189350102,2015-09-30
cash_ratio,0.8488077799818892,256,0.031373313704670856,2015-09-30
current_ratio,0.7978568752073552,256,0.029490085538380516,2015-09-30
ebitda_ev,1.838022955709639,256,0.06793631272688763,2015-09-30
ep,1.5301329621701991,256,0.05655619866378605,2015-09-30
fcf_growth,2.5918220357493884,243,0.09579795062196436,2015-09-30
fcfp,3.60570285120666,256,0.13327263173665346,2015-09-30
gross_margin,2.5165204455308503,256,0.09301468158496616,2015-09-30
int_coverage,1.4464250779879793,256,0.053462219353112114,2015-09-30
rev_growth,1.8766921814188617,245,0.06936559009392361,2015-09-30
roa,1.3673035160534575,245,0.05053775795924004,2015-09-30
roe,1.2698627667570215,245,0.04693618965674345,2015-09-30
sp,1.3276821696570977,256,0.049073288665708176,2015-09-30
accruals,1.9338067785214488,246,0.0715512135645876,2015-10-31
asset_growth,3.3288713227697952,246,0.12316886339939521,2015-10-31
bp,0.6873535513507949,257,0.025432210339381103,2015-10-31
cash_ratio,0.8213336823034715,257,0.030389500317719056,2015-10-31
current_ratio,0.7708649923770788,257,0.02852214932311284,2015-10-31
ebitda_ev,1.8013777439277796,257,0.06665131444250026,2015-10-31
ep,1.5380938763893675,257,0.05690976195463749,2015-10-31
fcf_growth,2.5896914501196457,244,0.0958190694499327,2015-10-31
fcfp,3.691109974747698,257,0.13657176147426706,2015-10-31
gross_margin,2.5071080054985337,257,0.09276346650727349,2015-10-31
int_coverage,1.4706242721851746,257,0.0544133739425821,2015-10-31
rev_growth,1.904062579917831,246,0.07045067263659366,2015-10-31
roa,1.3656962595871356,246,0.05053101779319974,2015-10-31
roe,1.2922791867341232,246,0.04781457232546321,2015-10-31
sp,1.3246163255942967,257,0.04901105252935465,2015-10-31
accruals,1.8340010987317674,247,0.06784895735710117,2015-11-30
asset_growth,3.3518447234012343,247,0.12400165401369598,2015-11-30
bp,0.6270285148072775,258,0.023196949550501677,2015-11-30
cash_ratio,0.8009730949121667,258,0.02963203751538713,2015-11-30
current_ratio,0.7587109056256316,258,0.028068545824622752,2015-11-30
ebitda_ev,1.7752782865602539,258,0.06567650414446718,2015-11-30
ep,1.5477759609234165,258,0.05726004485147704,2015-11-30
fcf_growth,2.5911549390415685,245,0.09585989947674846,2015-11-30
fcfp,3.760269473542533,258,0.13911134695503843,2015-11-30
gross_margin,2.4887769705124922,258,0.09207242169069951,2015-11-30
int_coverage,1.4862021221128443,258,0.05498211777353773,2015-11-30
rev_growth,1.93703900091363,247,0.07166084941983587,2015-11-30
roa,1.3918392362703798,247,0.05149115835042412,2015-11-30
roe,1.3468850227250904,247,0.049828075094931236,2015-11-30
sp,1.3328659268853187,258,0.049309437981531715,2015-11-30
accruals,1.8893932313852915,248,0.07045887754498996,2015-12-31
asset_growth,3.342152831482426,248,0.12463490033644613,2015-12-31
bp,0.6196519862955224,259,0.023107938939156025,2015-12-31
cash_ratio,0.7794613780087845,259,0.02906751907007896,2015-12-31
current_ratio,0.729860613703026,259,0.027217817207965816,2015-12-31
ebitda_ev,1.7481058083237189,259,0.06519001499442201,2015-12-31
ep,1.5009046753025024,259,0.05597143938443411,2015-12-31
fcf_growth,2.551629810550316,246,0.09515487267300804,2015-12-31
fcfp,3.7861279199452995,259,0.1411915312544557,2015-12-31
gross_margin,2.4819250998320794,259,0.09255545842973575,2015-12-31
int_coverage,1.446441307619914,259,0.053940402281892105,2015-12-31
rev_growth,1.9344050106407331,248,0.07213744788702298,2015-12-31
roa,1.3449560710638544,248,0.050155834974066504,2015-12-31
roe,1.336582865829321,248,0.04984358306563424,2015-12-31
sp,1.3239468147773659,259,0.049372361956691674,2015-12-31
accruals,1.930094849069116,249,0.07302483180898044,2016-01-31
asset_growth,3.3196505621384746,249,0.12559845133085923,2016-01-31
bp,0.5745487249525014,260,0.02173795967900546,2016-01-31
cash_ratio,0.7410236028105588,260,0.02803651022011924,2016-01-31
current_ratio,0.7198501521192239,260,0.02723541607891877,2016-01-31
ebitda_ev,1.6861191425195017,260,0.06379404973375985,2016-01-31
ep,1.4421256531127644,260,0.05456259484696678,2016-01-31
fcf_growth,2.60284328232797,247,0.09847816184204952,2016-01-31
fcfp,3.711483361023449,260,0.14042338299140306,2016-01-31
gross_margin,2.4402238796572746,260,0.09232548259178791,2016-01-31
int_coverage,1.4328810319095253,260,0.05421282607325607,2016-01-31
rev_growth,1.9073219965597803,249,0.07216322455423488,2016-01-31
roa,1.3351200796922436,249,0.05051405598607828,2016-01-31
roe,1.316365207815765,249,0.04980446838988353,2016-01-31
sp,1.2710132393664302,260,0.048088583872697155,2016-01-31
accruals,1.9051030960971196,250,0.07282478516830568,2016-02-29
asset_growth,3.2345253302577306,250,0.1236434987586908,2016-02-29
bp,0.5915553547805945,261,0.022612892559627378,2016-02-29
cash_ratio,0.6974062814973059,261,0.026659167542751758,2016-02-29
current_ratio,0.6620982039145481,261,0.025309475145559243,2016-02-29
ebitda_ev,1.6977721568036652,261,0.06489931848688513,2016-02-29
ep,1.4509978588228358,261,0.055466083470717166,2016-02-29
fcf_growth,2.5949338436258413,248,0.09919436910010873,2016-02-29
fcfp,3.716018288274614,261,0.1420491279865612,2016-02-29
gross_margin,2.4516805651573113,261,0.09371834564998761,2016-02-29
int_coverage,1.4021099782349027,261,0.05359728728407315,2016-02-29
rev_growth,1.882838463571719,250,0.07197369365318752,2016-02-29
roa,1.3096215550221761,250,0.050061809563827615,2016-02-29
roe,1.28759512366845,250,0.04921982356598545,2016-02-29
sp,1.2758361229152695,261,0.0487703220637315,2016-02-29
accruals,1.8884425155953928,251,0.07255199098107266,2016-03-31
asset_growth,3.2037277592435136,251,0.12308387762661882,2016-03-31
bp,0.5678307369506559,262,0.021815464418852622,2016-03-31
cash_ratio,0.6868140891280173,262,0.02638668065804434,2016-03-31
current_ratio,0.650284168723642,262,0.02498323923272675,2016-03-31
ebitda_ev,1.6810153340989122,262,0.0645828551048783,2016-03-31
ep,1.4396080202935155,262,0.05530823800145427,2016-03-31
fcf_growth,2.614844858387487,249,0.1004596110370986,2016-03-31
fcfp,3.706748922769514,262,0.14240942585911068,2016-03-31
gross_margin,2.4259790724868213,262,0.09320358461207497,2016-03-31
int_coverage,1.4102946388258721,262,0.054182048472092466,2016-03-31
rev_growth,1.8625095286482929,251,0.07155567268196623,2016-03-31
roa,1.3163637657116236,251,0.05057332233785764,2016-03-31
roe,1.2993437763614237,251,0.04991943210628534,2016-03-31
sp,1.2750100796653283,262,0.048984556869866164,2016-03-31
accruals,1.9003747273421328,252,0.07222636356746343,2016-04-30
asset_growth,3.233666994074626,252,0.1228999757836142,2016-04-30
bp,0.6402611690351756,263,0.024334009133840838,2016-04-30
cash_ratio,0.7364004427490412,263,0.02798791488014653,2016-04-30
current_ratio,0.702177162439715,263,0.026687211892189148,2016-04-30
ebitda_ev,1.7339946025174844,263,0.06590285735940517,2016-04-30
ep,1.4824916452422718,263,0.056344140455261996,2016-04-30
fcf_growth,2.5438184628833147,250,0.0966813305325326,2016-04-30
fcfp,3.6369221518353365,263,0.13822624444832912,2016-04-30
gross_margin,2.4931370851569574,263,0.09475511484407023,2016-04-30
int_coverage,1.409088878816393,263,0.05355436703928526,2016-04-30
rev_growth,1.8678668122146027,252,0.07099085540002686,2016-04-30
roa,1.3359692967459922,252,0.05077535643546398,2016-04-30
roe,1.2985146476672815,252,0.049351840818923326,2016-04-30
sp,1.2966880225080193,263,0.0492824174094472,2016-04-30
accruals,1.9018528215692836,253,0.07460661618441045,2016-05-31
asset_growth,3.1554037032815714,253,0.12378139376912849,2016-05-31
bp,0.5748508030800996,264,0.022550469070108707,2016-05-31
cash_ratio,0.6543034293714207,264,0.02566726734562871,2016-05-31
current_ratio,0.6229068945791209,264,0.024435631966589853,2016-05-31
ebitda_ev,1.6504581704642798,264,0.06474480982742388,2016-05-31
ep,1.415068669382341,264,0.05551085967003506,2016-05-31
fcf_growth,2.5658618762049077,251,0.10065461954215531,2016-05-31
fcfp,3.6089208062089453,264,0.14157213764133286,2016-05-31
gross_margin,2.4044740504288353,264,0.09432363565215228,2016-05-31
int_coverage,1.3581260772294788,264,0.053277093697656284,2016-05-31
rev_growth,1.8565924563770322,253,0.07283112511803114,2016-05-31
roa,1.2693755632534773,253,0.04979555429708733,2016-05-31
roe,1.2198332810152173,253,0.04785209053694224,2016-05-31
sp,1.2337162163826547,264,0.048396695681317575,2016-05-31
accruals,1.8851905035404324,254,0.07444546654492638,2016-06-30
asset_growth,3.1067551849396025,254,0.12268459805486034,2016-06-30
bp,0.5614822745401605,265,0.02217272461660912,2016-06-30
cash_ratio,0.6235124619916634,265,0.02462227347441628,2016-06-30
current_ratio,0.583045362473391,265,0.02302424287872845,2016-06-30
ebitda_ev,1.6260939476116731,265,0.06421384064288851,2016-06-30
ep,1.3839732044871047,265,0.054652583227119765,2016-06-30
fcf_growth,2.5670411312604084,252,0.10137149232281713,2016-06-30
fcfp,3.6349008868093216,265,0.1435408739089709,2016-06-30
gross_margin,2.4880500727379404,265,0.0982521650221868,2016-06-30
int_coverage,1.3617292824086495,265,0.053774179079735376,2016-06-30
rev_growth,1.8339797927355794,254,0.0724231747654989,2016-06-30
roa,1.2514831492830236,254,0.04942060059528103,2016-06-30
roe,1.208024704889756,254,0.047704442911430195,2016-06-30
sp,1.2078448865994822,265,0.04769734195453082,2016-06-30
accruals,1.8389685751579397,255,0.07291169292932687,2016-07-31
asset_growth,3.0680090369252637,255,0.12164086750937697,2016-07-31
bp,0.4910339747167883,266,0.01946858628584366,2016-07-31
cash_ratio,0.6104993778828854,266,0.02420516792676518,2016-07-31
current_ratio,0.5877592112447504,266,0.02330356249996281,2016-07-31
ebitda_ev,1.5927708180367264,266,0.06315040852805905,2016-07-31
ep,1.381963551097116,266,0.05479229141719356,2016-07-31
fcf_growth,2.5855816505516787,253,0.10251351648710755,2016-07-31
fcfp,3.7233098442182535,266,0.14762232901074218,2016-07-31
gross_margin,2.4598565610316534,266,0.09752874989325266,2016-07-31
int_coverage,1.3687158553479684,266,0.054267044853695295,2016-07-31
rev_growth,1.8009371419713027,255,0.07140381714742117,2016-07-31
roa,1.28876713975957,255,0.05109722657630861,2016-07-31
roe,1.2416173926718064,255,0.0492278265616492,2016-07-31
sp,1.182070743477476,266,0.04686691237329528,2016-07-31
accruals,1.7773624497004508,256,0.06938042259997393,2016-08-31
asset_growth,3.1307240603170237,256,0.12220971495448732,2016-08-31
bp,0.5335991719821392,267,0.02082936772820671,2016-08-31
cash_ratio,0.6672356229411457,267,0.026045947747582714,2016-08-31
current_ratio,0.6323104010311318,267,0.02468262050055833,2016-08-31
ebitda_ev,1.6397300292198131,267,0.06400785748360541,2016-08-31
ep,1.4141080346097759,267,0.05520056590583429,2016-08-31
fcf_growth,2.5454378358974115,254,0.09936271174531089,2016-08-31
fcfp,3.67008353995207,267,0.14326393979010726,2016-08-31
gross_margin,2.4985259535801116,267,0.09753147792989915,2016-08-31
int_coverage,1.4111003484567801,267,0.05508315905031188,2016-08-31
rev_growth,1.8419854775310702,256,0.07190302173631435,2016-08-31
roa,1.3248962236866788,256,0.051718128688936514,2016-08-31
roe,1.29776566454734,256,0.050659070836792656,2016-08-31
sp,1.2327717343693911,267,0.048121993302078635,2016-08-31
accruals,1.7827902029007343,257,0.06735525183351078,2016-09-30
asset_growth,3.1777510052457565,257,0.12005799609750131,2016-09-30
bp,0.5461752855797717,268,0.020634942824797164,2016-09-30
cash_ratio,0.727114511699119,268,0.027470972730054485,2016-09-30
current_ratio,0.7093781268126121,268,0.0268008778031792,2016-09-30
ebitda_ev,1.6798207920140327,268,0.06346498443685501,2016-09-30
ep,1.4463627738628644,268,0.054644752207880946,2016-09-30
fcf_growth,2.6181750141965363,255,0.09891676381128979,2016-09-30
fcfp,3.770870390669891,268,0.1424665248787222,2016-09-30
gross_margin,2.583450774171909,268,0.09760485401518448,2016-09-30
int_coverage,1.4905771976878348,268,0.056315208802582284,2016-09-30
rev_growth,1.8827371377992397,257,0.07113132764945532,2016-09-30
roa,1.40860686527733,257,0.05321830352825284,2016-09-30
roe,1.3799926301463437,257,0.05213723464525417,2016-09-30
sp,1.2646634377897858,268,0.04778000473548004,2016-09-30
accruals,1.808827603281767,258,0.06744216183487972,2016-10-31
asset_growth,3.2412181730332232,258,0.12084886374536856,2016-10-31
bp,0.5742088367133099,269,0.02140938430084573,2016-10-31
cash_ratio,0.7432962105135315,269,0.027713809336918648,2016-10-31
current_ratio,0.7208547438652021,269,0.026877078947155283,2016-10-31
ebitda_ev,1.7309651724919721,269,0.0645390600419531,2016-10-31
ep,1.4873834798202008,269,0.05545711331171816,2016-10-31
fcf_growth,2.638064162148263,256,0.09836025823113495,2016-10-31
fcfp,3.761175768291076,269,0.1402354897693371,2016-10-31
gross_margin,2.531439717133579,269,0.09438476434593113,2016-10-31
int_coverage,1.5274730120915363,269,0.05695185206870233,2016-10-31
rev_growth,1.9335609908351605,258,0.07209284788938612,2016-10-31
roa,1.4312494613903834,258,0.05336415566969785,2016-10-31
roe,1.4039235196996929,258,0.05234530756142572,2016-10-31
sp,1.2867865203753517,269,0.04797785294554555,2016-10-31
accruals,1.875274012992348,259,0.07132564607178743,2016-11-30
asset_growth,3.2022614532601543,259,0.12179732959670327,2016-11-30
bp,0.5471700597419749,270,0.02081149621433704,2016-11-30
cash_ratio,0.6758446572819419,270,0.02570560701573427,2016-11-30
current_ratio,0.6267898787961743,270,0.02383981900600085,2016-11-30
ebitda_ev,1.6699420461324284,270,0.06351588862087224,2016-11-30
ep,1.4291951024722982,270,0.0543591301005711,2016-11-30
fcf_growth,2.6876023112811938,257,0.10222237918728226,2016-11-30
fcfp,3.737106674855412,270,0.14214005322769815,2016-11-30
gross_margin,2.516052290323866,270,0.09569751082477272,2016-11-30
int_coverage,1.4615145931268467,270,0.0555883950163518,2016-11-30
rev_growth,1.944405710589794,259,0.07395505540664467,2016-11-30
roa,1.3451151612148635,259,0.05116116751466876,2016-11-30
roe,1.3268263925769102,259,0.05046555811043137,2016-11-30
sp,1.2466210244800235,270,0.04741496408614394,2016-11-30
accruals,1.8527212100792423,260,0.07105515160753846,2016-12-31
asset_growth,3.176101451486481,260,0.1218091361660627,2016-12-31
bp,0.5139820925621669,271,0.01971212684989049,2016-12-31
cash_ratio,0.6582121064544082,271,0.0252436042506551,2016-12-31
current_ratio,0.6217003384364909,271,0.023843313047716138,2016-12-31
ebitda_ev,1.6155495603772325,271,0.06195919727026096,2016-12-31
ep,1.386224995065327,271,0.05316419256749007,2016-12-31
fcf_growth,2.720290981049537,258,0.10432799442438898,2016-12-31
fcfp,3.771650395456404,271,0.14464949675203687,2016-12-31
gross_margin,2.516046925686949,271,0.0964948718586326,2016-12-31
int_coverage,1.4420045324374913,271,0.05530343697351054,2016-12-31
rev_growth,1.9166765289565004,260,0.07350795176668258,2016-12-31
roa,1.3625769112113735,260,0.05225724651736169,2016-12-31
roe,1.3080908981761088,260,0.050167611068893184,2016-12-31
sp,1.2125818389003526,271,0.04650466887887963,2016-12-31
accruals,1.7506309438605399,261,0.06371447012060553,2017-01-31
asset_growth,3.2888954526353538,261,0.11969983266982856,2017-01-31
bp,0.5829049758371287,272,0.021214912141462563,2017-01-31
cash_ratio,0.8031338987123594,272,0.02923017610982575,2017-01-31
current_ratio,0.7673812796894749,272,0.027928954293511027,2017-01-31
ebitda_ev,1.7315228834821554,272,0.06301902945887673,2017-01-31
ep,1.5012120995223772,272,0.05463683467674936,2017-01-31
fcf_growth,2.77041419516436,259,0.10082963121298669,2017-01-31
fcfp,3.8473161486800413,272,0.14002363585498542,2017-01-31
gross_margin,2.5758841565321156,272,0.09374968190815952,2017-01-31
int_coverage,1.6035204475244151,272,0.05836036201683483,2017-01-31
rev_growth,1.9921402260983199,261,0.0725042358910281,2017-01-31
roa,1.5236029147683112,261,0.05545175168365262,2017-01-31
roe,1.4302271480794237,261,0.05205332695138552,2017-01-31
sp,1.3074041252455926,272,0.04758316501010774,2017-01-31
accruals,1.6925295207697708,262,0.0605476834280899,2017-02-28
asset_growth,3.3596019127998176,262,0.12018467658283088,2017-02-28
bp,0.6006189750141088,273,0.021486235314535973,2017-02-28
cash_ratio,0.856764163435749,273,0.030649441976437115,2017-02-28
current_ratio,0.8020071349435867,273,0.02869059210946494,2017-02-28
ebitda_ev,1.7813365756518227,273,0.0637246214839378,2017-02-28
ep,1.5350533376137,273,0.054914211179487,2017-02-28
fcf_growth,2.6978609621271903,260,0.0965118950442809,2017-02-28
fcfp,3.9125904653918346,273,0.13996700558260586,2017-02-28
gross_margin,2.5755786451538527,273,0.0921374301229319,2017-02-28
int_coverage,1.6648713336149101,273,0.059558253619334936,2017-02-28
rev_growth,2.0179396266157457,262,0.07218873773838776,2017-02-28
roa,1.590124846835912,262,0.056884311118882494,2017-02-28
roe,1.4926481474572277,262,0.053397229645165335,2017-02-28
sp,1.374137068340291,273,0.04915767505362703,2017-02-28
accruals,1.7263013360236028,263,0.061727072819259564,2017-03-31
asset_growth,3.368087614267775,263,0.12043215462396574,2017-03-31
bp,0.6743716194845899,274,0.02411339503394681,2017-03-31
cash_ratio,0.8775591896597237,274,0.03137873954735534,2017-03-31
current_ratio,0.8110069391992342,274,0.028999041678428896,2017-03-31
ebitda_ev,1.8116657468854542,274,0.06477943401222493,2017-03-31
ep,1.5477383677107008,274,0.055342226142802535,2017-03-31
fcf_growth,2.6446646923668866,261,0.09456484024062849,2017-03-31
fcfp,3.840510763922848,274,0.13732451145167543,2017-03-31
gross_margin,2.5390308576499767,274,0.09078770859409468,2017-03-31
int_coverage,1.6404908031053933,274,0.05865875971333183,2017-03-31
rev_growth,2.0350475315152265,263,0.07276685972904635,2017-03-31
roa,1.5648786994539587,263,0.055955110164603396,2017-03-31
roe,1.4738485721871617,263,0.05270016088240738,2017-03-31
sp,1.4114779656233418,274,0.05046998536622875,2017-03-31
accruals,1.8012138121001904,264,0.06545204097817771,2017-04-30
asset_growth,3.4003876712012446,264,0.12356240647391525,2017-04-30
bp,0.7190252844938999,275,0.02612775455578334,2017-04-30
cash_ratio,0.8881853505139693,275,0.032274649221279594,2017-04-30
current_ratio,0.8031863076430475,275,0.02918597601673279,2017-04-30
ebitda_ev,1.7572906085979951,275,0.0638559709857061,2017-04-30
ep,1.4686808302672045,275,0.05336854361250375,2017-04-30
fcf_growth,2.5760628840363573,262,0.0936083058633195,2017-04-30
fcfp,3.707050174385383,275,0.13470582908706716,2017-04-30
gross_margin,2.526867167277781,275,0.09182064464975223,2017-04-30
int_coverage,1.5376636933476857,275,0.05587522502411871,2017-04-30
rev_growth,2.0832091390575345,264,0.07569911413055705,2017-04-30
roa,1.4709667380308402,264,0.053451608336753983,2017-04-30
roe,1.3811443540590995,264,0.05018766581256187,2017-04-30
sp,1.3986633142861917,275,0.05082426525177099,2017-04-30
accruals,1.7841418741836692,265,0.06546270101700218,2017-05-31
asset_growth,3.3642547844679642,265,0.12343928937905387,2017-05-31
bp,0.7100166622400258,276,0.02605152042551285,2017-05-31
cash_ratio,0.8523113542750764,276,0.031272514907949384,2017-05-31
current_ratio,0.7557302982137607,276,0.027728818698397068,2017-05-31
ebitda_ev,1.7197389318588814,276,0.06309966553253331,2017-05-31
ep,1.4526174376224537,276,0.053298598271324014,2017-05-31
fcf_growth,2.6200042620396418,263,0.09613167996947987,2017-05-31
fcfp,3.689017920996724,276,0.135355310417265,2017-05-31
gross_margin,2.5427357923997014,276,0.09329659000310872,2017-05-31
int_coverage,1.5513499596289013,276,0.05692123482410373,2017-05-31
rev_growth,2.0590677765087246,265,0.0755501231027426,2017-05-31
roa,1.4518578681366208,265,0.053270728587375554,2017-05-31
roe,1.3476235039989177,265,0.049446221627487144,2017-05-31
sp,1.3538587928372292,276,0.049675003236664836,2017-05-31
accruals,1.8032608662341907,266,0.0661332474142622,2017-06-30
asset_growth,3.391151075545361,266,0.12436793660726896,2017-06-30
bp,0.6923474756345334,277,0.025391327322705874,2017-06-30
cash_ratio,0.8770636469016599,277,0.032165655144356514,2017-06-30
current_ratio,0.7872090760712077,277,0.028870305771837662,2017-06-30
ebitda_ev,1.7102606538900769,277,0.06272253398521946,2017-06-30
ep,1.4375685155477977,277,0.052721753182730695,2017-06-30
fcf_growth,2.6169867055016507,264,0.09597603570037155,2017-06-30
fcfp,3.665832308483707,277,0.13444166597062057,2017-06-30
gross_margin,2.5040999402060673,277,0.09183599777303653,2017-06-30
int_coverage,1.5447257555205969,277,0.05665166504187834,2017-06-30
rev_growth,2.04792635151141,266,0.07510617161760234,2017-06-30
roa,1.4624144819640452,266,0.05363296047116011,2017-06-30
roe,1.363072459949955,266,0.049989665902132586,2017-06-30
sp,1.3631655004972685,277,0.04999307809481655,2017-06-30
accruals,1.8151036221512225,267,0.06763143549842858,2017-07-31
asset_growth,3.3388067777914237,267,0.1244051813230881,2017-07-31
bp,0.6774569404153966,278,0.025242297359511005,2017-07-31
cash_ratio,0.8221311462743242,278,0.030632912034301872,2017-07-31
current_ratio,0.7217769504722876,278,0.026893677404634737,2017-07-31
ebitda_ev,1.6893342839321195,278,0.06294522321741057,2017-07-31
ep,1.4366491348308832,278,0.05353008065789268,2017-07-31
fcf_growth,2.6430634788620226,265,0.09848152744968545,2017-07-31
fcfp,3.636207210128154,278,0.13548643195325769,2017-07-31
gross_margin,2.4964894050345543,278,0.09302012298834918,2017-07-31
int_coverage,1.5174851759053045,278,0.056542061588983325,2017-07-31
rev_growth,1.9675131804247379,267,0.07331027227883388,2017-07-31
roa,1.414733905275562,267,0.052713511060424004,2017-07-31
roe,1.308862877950892,267,0.048768717238033485,2017-07-31
sp,1.3525508670438184,278,0.05039654794716539,2017-07-31
accruals,1.8227743779489665,268,0.0676632606749079,2017-08-31
asset_growth,3.364941705297703,268,0.12491009886677383,2017-08-31
bp,0.7040997952852925,279,0.026136908970130306,2017-08-31
cash_ratio,0.8278904936107305,279,0.030732147081469124,2017-08-31
current_ratio,0.7146032333657507,279,0.026526807400467305,2017-08-31
ebitda_ev,1.6978614407955528,279,0.06302636390341046,2017-08-31
ep,1.4301115745077109,279,0.053087213333008254,2017-08-31
fcf_growth,2.6455236984906594,266,0.09820456212141887,2017-08-31
fcfp,3.634893177396566,279,0.13493097531049125,2017-08-31
gross_margin,2.5744466435303086,279,0.09556610869790821,2017-08-31
int_coverage,1.5069370542557434,279,0.05593905420017867,2017-08-31
rev_growth,1.9713164287419593,268,0.07317729446075755,2017-08-31
roa,1.4099851579280966,268,0.0523401000380482,2017-08-31
roe,1.2785855017833128,268,0.04746240958229246,2017-08-31
sp,1.354938066551226,279,0.050296695358737445,2017-08-31
accruals,1.9042998440951682,269,0.07194923133757762,2017-09-30
asset_growth,3.3742081876956913,269,0.12748606068022827,2017-09-30
bp,0.7014884674402231,280,0.026503996301318326,2017-09-30
cash_ratio,0.7911483069462913,280,0.02989157024578681,2017-09-30
current_ratio,0.6756012874368212,280,0.025525913617271648,2017-09-30
ebitda_ev,1.648374756964605,280,0.06227973871216817,2017-09-30
ep,1.3792408221989356,280,0.052111182645070184,2017-09-30
fcf_growth,2.617536948373216,267,0.09889712064890009,2017-09-30
fcfp,3.5734494197146356,280,0.1350138948807958,2017-09-30
gross_margin,2.517168540231855,280,0.09510495008356644,2017-09-30
int_coverage,1.4382061237790646,280,0.05433903984803844,2017-09-30
rev_growth,1.9795304823202817,269,0.07479163381432845,2017-09-30
roa,1.3263444879746813,269,0.0501126262728624,2017-09-30
roe,1.2126935200358302,269,0.04581860723519484,2017-09-30
sp,1.3279803613213512,280,0.05017443367689254,2017-09-30
accruals,1.844061877744778,270,0.06751216237706152,2017-10-31
asset_growth,3.4219827013236177,270,0.12528074820666624,2017-10-31
bp,0.7327102509018061,281,0.026824942281609563,2017-10-31
cash_ratio,0.8488367848368465,281,0.031076401253743283,2017-10-31
current_ratio,0.7437169863182904,281,0.02722790517436662,2017-10-31
ebitda_ev,1.7150884586014823,281,0.06279037157350362,2017-10-31
ep,1.4573840293774911,281,0.05335566470112068,2017-10-31
fcf_growth,2.6773993406272556,268,0.09802112456970485,2017-10-31
fcfp,3.643560341618795,281,0.13339283262816554,2017-10-31
gross_margin,2.632653828629746,281,0.0963829657269468,2017-10-31
int_coverage,1.4947474545952704,281,0.05472356111539438,2017-10-31
rev_growth,2.0314580775508424,270,0.0743728446691458,2017-10-31
roa,1.4079364833611543,270,0.05154536169768525,2017-10-31
roe,1.294262765058707,270,0.04738370171183671,2017-10-31
sp,1.3687142243585548,281,0.050109412313049065,2017-10-31
accruals,1.8222695116982768,271,0.06650140881405743,2017-11-30
asset_growth,3.4915174741856427,271,0.1274184907565362,2017-11-30
bp,0.7944179503165492,282,0.02899127299451506,2017-11-30
cash_ratio,0.8548046218214345,282,0.0311950077894434,2017-11-30
current_ratio,0.6985281111771574,282,0.025491895239036954,2017-11-30
ebitda_ev,1.735209720806146,282,0.06332427244195829,2017-11-30
ep,1.4590774093752683,282,0.053247174838474964,2017-11-30
fcf_growth,2.59098360644742,269,0.09455465228208794,2017-11-30
fcfp,3.636533088406118,282,0.13271065121018386,2017-11-30
gross_margin,2.663704167513085,282,0.09720849669399848,2017-11-30
int_coverage,1.476809708740101,282,0.05389429255717894,2017-11-30
rev_growth,2.1209924260036557,271,0.07740292174549798,2017-11-30
roa,1.3692508357628845,271,0.04996906824896394,2017-11-30
roe,1.2702962573213943,271,0.04635784672947125,2017-11-30
sp,1.4175736430535408,282,0.05173254765859527,2017-11-30
accruals,1.756181400398636,272,0.06267176852942795,2017-12-31
asset_growth,3.523640315339383,272,0.12574599080356016,2017-12-31
bp,0.8367353699494391,283,0.029860061958265367,2017-12-31
cash_ratio,0.8866446666540352,283,0.031641144419238355,2017-12-31
current_ratio,0.7361852168711001,283,0.026271790315088986,2017-12-31
ebitda_ev,1.7912868979742622,283,0.06392455689039717,2017-12-31
ep,1.5148700087431832,283,0.054060236897267515,2017-12-31
fcf_growth,2.6239442138286075,270,0.09363908783333566,2017-12-31
fcfp,3.702805160616345,283,0.13213973675102308,2017-12-31
gross_margin,2.7524890114428757,283,0.09822638718630393,2017-12-31
int_coverage,1.5165909027292341,283,0.0541216493854837,2017-12-31
rev_growth,2.1565902057162445,272,0.07696091198483282,2017-12-31
roa,1.4205731619142028,272,0.0506951231589149,2017-12-31
roe,1.3307970393339361,272,0.04749133773416158,2017-12-31
sp,1.4725563736240008,283,0.05255021615269857,2017-12-31
accruals,1.7985914797947145,273,0.06536294624440417,2018-01-31
asset_growth,3.5173824317062414,273,0.12782584671804822,2018-01-31
bp,0.8237477455490423,284,0.029935969460622932,2018-01-31
cash_ratio,0.830877645263333,284,0.030195078467303182,2018-01-31
current_ratio,0.686685865380091,284,0.024954978275975124,2018-01-31
ebitda_ev,1.738714898095142,284,0.0631869602937899,2018-01-31
ep,1.4564341310873763,284,0.052928542633619693,2018-01-31
fcf_growth,2.6395931161917905,271,0.09592594254946404,2018-01-31
fcfp,3.6579352873340785,284,0.13293370408872163,2018-01-31
gross_margin,2.6991096414901965,284,0.09808884362368543,2018-01-31
int_coverage,1.4623332311951982,284,0.05314292292373534,2018-01-31
rev_growth,2.1262347657975393,273,0.07726989161300278,2018-01-31
roa,1.3642319137235248,273,0.04957780476742222,2018-01-31
roe,1.2838194475086548,273,0.04665552043235886,2018-01-31
sp,1.43129750666917,284,0.05201504790784654,2018-01-31
accruals,1.7583748189963726,274,0.06445072461213276,2018-02-28
asset_growth,3.4601618156553404,274,0.12682730319210725,2018-02-28
bp,0.8040528435749271,285,0.02947141180310362,2018-02-28
cash_ratio,0.8040213201852602,285,0.0294702563581528,2018-02-28
current_ratio,0.6650524227446569,285,0.024376549349934707,2018-02-28
ebitda_ev,1.7128618998081755,285,0.06278251338139698,2018-02-28
ep,1.4611644489854292,285,0.05355690180342197,2018-02-28
fcf_growth,2.6259423676614424,272,0.09625017746903293,2018-02-28
fcfp,3.6511479887911436,285,0.13382762935494805,2018-02-28
gross_margin,2.707164847224438,285,0.09922727177570474,2018-02-28
int_coverage,1.488267752627366,285,0.05455033479633899,2018-02-28
rev_growth,2.081366613353647,274,0.07628952881087639,2018-02-28
roa,1.3687003809311797,274,0.05016776308151775,2018-02-28
roe,1.2876018496866948,274,0.04719521192392663,2018-02-28
sp,1.406586431002666,285,0.051556422287404535,2018-02-28
accruals,1.7517092028495467,275,0.06455458969851556,2018-03-31
asset_growth,3.4491828518270045,275,0.1271104721221084,2018-03-31
bp,0.7759186831681552,286,0.02859442203640399,2018-03-31
cash_ratio,0.7902662736139059,286,0.029123164371536503,2018-03-31
current_ratio,0.6598293992130743,286,0.024316259838064284,2018-03-31
ebitda_ev,1.695445326713318,286,0.06248113399427313,2018-03-31
ep,1.444497206930553,286,0.05323310761989681,2018-03-31
fcf_growth,2.637110229741891,273,0.09718369270071563,2018-03-31
fcfp,3.600541273169251,286,0.13268838469530791,2018-03-31
gross_margin,2.6909696230851035,286,0.0991685375785219,2018-03-31
int_coverage,1.5227273768962293,286,0.056116072735319066,2018-03-31
rev_growth,2.061221373780652,275,0.07596083861737245,2018-03-31
roa,1.3827051721420514,275,0.0509559263126803,2018-03-31
roe,1.2923037135753481,275,0.04762442068581735,2018-03-31
sp,1.3808884811966315,286,0.05088897699346692,2018-03-31
accruals,1.7268213698967332,276,0.06331962414251735,2018-04-30
asset_growth,3.454760192611325,276,0.1266802233932059,2018-04-30
bp,0.7601139539881763,287,0.02787209534874607,2018-04-30
cash_ratio,0.785210427424805,287,0.02879234065785122,2018-04-30
current_ratio,0.6639292097835844,287,0.024345163172985962,2018-04-30
ebitda_ev,1.7050559886292525,287,0.06252152435918083,2018-04-30
ep,1.4812460926924806,287,0.054314793346267896,2018-04-30
fcf_growth,2.6876092301789276,274,0.09855009282579533,2018-04-30
fcfp,3.6293154949993243,287,0.13308087162004162,2018-04-30
gross_margin,2.7212312645667716,287,0.09978295606078784,2018-04-30
int_coverage,1.571279118238769,287,0.057616152385127586,2018-04-30
rev_growth,1.9998626118953338,276,0.07333158549541133,2018-04-30
roa,1.4044756778176597,276,0.05149975184870438,2018-04-30
roe,1.3067402944398543,276,0.047915960352495617,2018-04-30
sp,1.3738528646167871,287,0.050376864990880905,2018-04-30
accruals,1.7406875442461305,277,0.0640066612264492,2018-05-31
asset_growth,3.454338052048966,277,0.12701914607821616,2018-05-31
bp,0.7247925185547168,288,0.02665127888571653,2018-05-31
cash_ratio,0.7835009417612953,288,0.02881004090348572,2018-05-31
current_ratio,0.6781049735022061,288,0.02493453547042149,2018-05-31
ebitda_ev,1.6874343588790546,288,0.06204849325639233,2018-05-31
ep,1.4797460526880284,288,0.054411605694919436,2018-05-31
fcf_growth,2.652556695721338,275,0.09753691773586814,2018-05-31
fcfp,3.626266245060018,288,0.1333411018144479,2018-05-31
gross_margin,2.738908889938019,288,0.10071216630914462,2018-05-31
int_coverage,1.5712680490097073,288,0.057776952584827276,2018-05-31
rev_growth,1.9427187247635846,277,0.07143553114127398,2018-05-31
roa,1.431691016987915,277,0.05264457840708175,2018-05-31
roe,1.3291416368623288,277,0.04887374460386552,2018-05-31
sp,1.3542566350733678,288,0.04979724588789007,2018-05-31
accruals,1.7092866500791455,278,0.06347460092606494,2018-06-30
asset_growth,3.4466239648848838,278,0.12799086724461914,2018-06-30
bp,0.7404191127933272,289,0.02749556822456395,2018-06-30
cash_ratio,0.724316988619187,289,0.026897613571394356,2018-06-30
current_ratio,0.6137024268959853,289,0.02278992621441026,2018-06-30
ebitda_ev,1.6693029007131703,289,0.061989798751768695,2018-06-30
ep,1.4675421197688514,289,0.05449738368354192,2018-06-30
fcf_growth,2.680023321366486,276,0.09952304418244184,2018-06-30
fcfp,3.630156666608598,289,0.13480638001905978,2018-06-30
gross_margin,2.739852164646934,289,0.10174479671933707,2018-06-30
int_coverage,1.558860836367845,289,0.05788851710925091,2018-06-30
rev_growth,1.9166724922291472,278,0.07117590343584453,2018-06-30
roa,1.3959468654180767,278,0.051838683811343704,2018-06-30
roe,1.2892620188446435,278,0.04787692698091764,2018-06-30
sp,1.3467025477212322,289,0.050009989125441356,2018-06-30
accruals,1.726118085825087,279,0.06409745119028104,2018-07-31
asset_growth,3.451442274283528,279,0.1281654218959263,2018-07-31
bp,0.7487410218817708,290,0.027803654627306405,2018-07-31
cash_ratio,0.723643135722461,290,0.026871672889622087,2018-07-31
current_ratio,0.6219053185571995,290,0.023093753624707503,2018-07-31
ebitda_ev,1.6734104656986548,290,0.062140213075372486,2018-07-31
ep,1.4581278710687253,290,0.05414593637163643,2018-07-31
fcf_growth,2.694539915791653,277,0.10005870522477164,2018-07-31
fcfp,3.6263400872246434,290,0.1346600552123494,2018-07-31
gross_margin,2.722930025045905,290,0.10111293995943717,2018-07-31
int_coverage,1.550666142759939,290,0.05758224087575457,2018-07-31
rev_growth,1.9169889822840416,279,0.07118522697450556,2018-07-31
roa,1.3870765777570864,279,0.05150752661134926,2018-07-31
roe,1.2962547625803569,279,0.04813496078685036,2018-07-31
sp,1.3314054150480323,290,0.04944024068012973,2018-07-31
accruals,1.7512744245867928,280,0.06566727963439288,2018-08-31
asset_growth,3.466788513056672,280,0.12999365920273054,2018-08-31
bp,0.7137433801813322,291,0.026763130595379447,2018-08-31
cash_ratio,0.6838613551857757,291,0.0256426486972394,2018-08-31
current_ratio,0.5903240147266039,291,0.022135292793472854,2018-08-31
ebitda_ev,1.637900908279705,291,0.06141612956108067,2018-08-31
ep,1.4267041868827546,291,0.05349691714803308,2018-08-31
fcf_growth,2.7584568321392795,278,0.10343345029904781,2018-08-31
fcfp,3.5758593045754496,291,0.13408347063722234,2018-08-31
gross_margin,2.6822631304128164,291,0.10057642626705939,2018-08-31
int_coverage,1.5558385630980378,291,0.05833904986823351,2018-08-31
rev_growth,1.88146465624135,280,0.07054900361077274,2018-08-31
roa,1.3790116218831114,280,0.05170859604978374,2018-08-31
roe,1.2693106380285206,280,0.04759515438592393,2018-08-31
sp,1.2961032028370036,291,0.04859979124962756,2018-08-31
accruals,1.7571290694565624,281,0.06583641831203517,2018-09-30
asset_growth,3.5023241172615753,281,0.13122569062025444,2018-09-30
bp,0.7316491316724912,292,0.027413557221112387,2018-09-30
cash_ratio,0.6922163055610016,292,0.025936081217653693,2018-09-30
current_ratio,0.5552473213130591,292,0.02080410343669819,2018-09-30
ebitda_ev,1.637368185035207,292,0.06134919661543996,2018-09-30
ep,1.4081782457990442,292,0.052761868015197395,2018-09-30
fcf_growth,2.74217359118086,279,0.10274423818452558,2018-09-30
fcfp,3.554779123376551,292,0.1331910839343688,2018-09-30
gross_margin,2.698629284209131,292,0.10111271249940043,2018-09-30
int_coverage,1.5330379727899528,292,0.057440134034120134,2018-09-30
rev_growth,1.9483265851190683,281,0.07300024016222614,2018-09-30
roa,1.3679541342018446,281,0.05125474398920752,2018-09-30
roe,1.236570379402552,281,0.046332034558962155,2018-09-30
sp,1.323734024212478,292,0.049597897198798126,2018-09-30
accruals,1.7468863582317509,282,0.06526957592494001,2018-10-31
asset_growth,3.4783733473276457,282,0.12996377939461262,2018-10-31
bp,0.74508285776389,293,0.027838812711559243,2018-10-31
cash_ratio,0.6885826143110144,293,0.025727772738954553,2018-10-31
current_ratio,0.5516185638138513,293,0.02061033310083132,2018-10-31
ebitda_ev,1.646014859295399,293,0.0615006759461497,2018-10-31
ep,1.4338015929258197,293,0.05357167138536692,2018-10-31
fcf_growth,2.7111295281061465,280,0.10129695829566679,2018-10-31
fcfp,3.5624036910205876,293,0.13310343691830923,2018-10-31
gross_margin,2.745086151866194,293,0.10256569247646632,2018-10-31
int_coverage,1.5627027970858598,293,0.05838785584527429,2018-10-31
rev_growth,1.9263693723649513,282,0.07197566768815124,2018-10-31
roa,1.3955670262807396,282,0.05214309880602392,2018-10-31
roe,1.2488017662260256,282,0.046659452866982316,2018-10-31
sp,1.3217545653198874,293,0.04938521590071139,2018-10-31
accruals,1.72117991732104,283,0.06379592035352595,2018-11-30
asset_growth,3.4952165360001213,283,0.12955098621883324,2018-11-30
bp,0.7309655521438133,294,0.027093402424959716,2018-11-30
cash_ratio,0.7097220603656241,294,0.026306007629172453,2018-11-30
current_ratio,0.5557032481381526,294,0.020597265748717602,2018-11-30
ebitda_ev,1.6779952504448856,294,0.06219527097294709,2018-11-30
ep,1.4860175496641883,294,0.05507957435959067,2018-11-30
fcf_growth,2.70384670622238,281,0.10021868567162245,2018-11-30
fcfp,3.5876466641254035,294,0.1329769296851762,2018-11-30
gross_margin,2.7263965681416997,294,0.10105450137020848,2018-11-30
int_coverage,1.5956033404032135,294,0.05914139631527934,2018-11-30
rev_growth,1.9636442254751603,283,0.07278291441260655,2018-11-30
roa,1.426807066632004,283,0.052884924502477296,2018-11-30
roe,1.261307691240193,283,0.04675065296886114,2018-11-30
sp,1.3374144576598774,294,0.049571567366021724,2018-11-30
accruals,1.7485738159284192,284,0.06492414914109636,2018-12-31
asset_growth,3.5026757699583277,284,0.130053556795905,2018-12-31
bp,0.7284905783014074,295,0.02704868992242777,2018-12-31
cash_ratio,0.703729922703873,295,0.02612933239676787,2018-12-31
current_ratio,0.5404228620485452,295,0.020065778279007587,2018-12-31
ebitda_ev,1.6866545505197268,295,0.06262510086216133,2018-12-31
ep,1.4669901507091063,295,0.05446901152559428,2018-12-31
fcf_growth,2.7409857258152526,282,0.10177217823770193,2018-12-31
fcfp,3.601544123041658,295,0.13372451631871388,2018-12-31
gross_margin,2.6295799728321416,295,0.09763570790058251,2018-12-31
int_coverage,1.5642036036998943,295,0.05807852498336257,2018-12-31
rev_growth,1.9997997664638925,284,0.07425211169669399,2018-12-31
roa,1.4110020773887246,284,0.052390187063473946,2018-12-31
roe,1.2580218469373714,284,0.04671006580866183,2018-12-31
sp,1.3498894499085765,295,0.05012108906784902,2018-12-31
accruals,1.7742925690681468,285,0.06626314161190851,2019-01-31
asset_growth,3.5130652346619398,285,0.13119974867421985,2019-01-31
bp,0.6941960728723034,296,0.02592560747032101,2019-01-31
cash_ratio,0.6549490576958892,296,0.024459879343056573,2019-01-31
current_ratio,0.5045955473876328,296,0.018844742291202705,2019-01-31
ebitda_ev,1.652502780838455,296,0.06171475194661963,2019-01-31
ep,1.4580299681275672,296,0.05445192519922723,2019-01-31
fcf_growth,2.798826533957346,283,0.10452562457846803,2019-01-31
fcfp,3.6244764679438655,296,0.13536053842040857,2019-01-31
gross_margin,2.6331717745022907,296,0.09833904352874749,2019-01-31
int_coverage,1.5516580198736027,296,0.057948580125169354,2019-01-31
rev_growth,1.951654446939304,285,0.07288693942001347,2019-01-31
roa,1.395102126870385,285,0.052101807451314694,2019-01-31
roe,1.253582641939111,285,0.04681658795914807,2019-01-31
sp,1.3163598996806125,296,0.04916108198017479,2019-01-31
accruals,1.788048820964146,286,0.06733784011871298,2019-02-28
asset_growth,3.497068773955266,286,0.13169945653819776,2019-02-28
bp,0.6650587712139874,297,0.025046084133993115,2019-02-28
cash_ratio,0.6015486539588323,297,0.0226542959056704,2019-02-28
current_ratio,0.4671765890267616,297,0.017593849838018802,2019-02-28
ebitda_ev,1.6307704636799865,297,0.06141474408645597,2019-02-28
ep,1.4705007636944452,297,0.055378994219357186,2019-02-28
fcf_growth,2.836916255997553,284,0.10683814168649683,2019-02-28
fcfp,3.648607283385012,297,0.13740639015218375,2019-02-28
gross_margin,2.6729729568714258,297,0.10066404423700058,2019-02-28
int_coverage,1.5503220747251543,297,0.0583850612893568,2019-02-28
rev_growth,1.8473450246339391,286,0.06957093254636276,2019-02-28
roa,1.364044247399148,286,0.051369846488132226,2019-02-28
roe,1.2438562221519829,286,0.046843570732466075,2019-02-28
sp,1.2691663232143258,297,0.04779674802759469,2019-02-28
accruals,1.8318064999765284,287,0.0686293601784606,2019-03-31
asset_growth,3.5129008808761664,287,0.13161223078309367,2019-03-31
bp,0.6681481695425141,298,0.025032437312947575,2019-03-31
cash_ratio,0.6269504310236053,298,0.02348894762919088,2019-03-31
current_ratio,0.48851248981305845,298,0.018302315018254675,2019-03-31
ebitda_ev,1.642111248533349,298,0.061522352022520314,2019-03-31
ep,1.4603450691734792,298,0.05471240971053975,2019-03-31
fcf_growth,2.8223831596805122,285,0.10574170930707881,2019-03-31
fcfp,3.627479904636147,298,0.13590497954810835,2019-03-31
gross_margin,2.6892494670694114,298,0.10075380248274295,2019-03-31
int_coverage,1.5597358351260684,298,0.05843612434691686,2019-03-31
rev_growth,1.8450549033926844,287,0.06912571688963536,2019-03-31
roa,1.3860043073801367,287,0.05192720345806613,2019-03-31
roe,1.255101453284215,287,0.047022875887303285,2019-03-31
sp,1.2755112066031633,298,0.047787535425140706,2019-03-31
accruals,1.84968083569542,288,0.06952569264943236,2019-04-30
asset_growth,3.5173600752649437,288,0.13221032018657047,2019-04-30
bp,0.6815680583482452,299,0.025618739422455385,2019-04-30
cash_ratio,0.664260684279046,299,0.024968190880846317,2019-04-30
current_ratio,0.5386320804142489,299,0.02024607043080807,2019-04-30
ebitda_ev,1.64079333972905,299,0.06167404194159163,2019-04-30
ep,1.4394920974880887,299,0.05410754288515733,2019-04-30
fcf_growth,2.781225688077527,286,0.10454054485853209,2019-04-30
fcfp,3.5517482419661217,299,0.13350290054027494,2019-04-30
gross_margin,2.705081273544403,299,0.10167843315815835,2019-04-30
int_coverage,1.5081941978834978,299,0.056689913326739935,2019-04-30
rev_growth,1.863791427062418,288,0.07005608071398449,2019-04-30
roa,1.363262716520177,288,0.051242237471513394,2019-04-30
roe,1.2171821592277043,288,0.045751370218971535,2019-04-30
sp,1.2820048412565561,299,0.048187921314963945,2019-04-30
accruals,1.9135300613515263,289,0.07337379076396355,2019-05-31
asset_growth,3.482801281927999,289,0.1335470697294176,2019-05-31
bp,0.6458238813529852,300,0.02476394141793395,2019-05-31
cash_ratio,0.6085874130616126,300,0.023336119149351246,2019-05-31
current_ratio,0.4757428356047153,300,0.018242229888178623,2019-05-31
ebitda_ev,1.5799842560634991,300,0.06058406740308999,2019-05-31
ep,1.3807670684777187,300,0.052945138423745854,2019-05-31
fcf_growth,2.797691772198556,287,0.10727673155569446,2019-05-31
fcfp,3.5238346243404375,300,0.1351204821054896,2019-05-31
gross_margin,2.6731430651787518,300,0.1025009451944712,2019-05-31
int_coverage,1.4871368910968132,300,0.05702386039738491,2019-05-31
rev_growth,1.8220972035689997,289,0.06986782265225909,2019-05-31
roa,1.294567758938959,289,0.049639849298772354,2019-05-31
roe,1.1632166937958395,289,0.04460322836184917,2019-05-31
sp,1.2302792443515274,300,0.047174723658398275,2019-05-31
accruals,1.9242635519901339,290,0.07365707990120748,2019-06-30
asset_growth,3.491403162709491,290,0.13364414737110816,2019-06-30
bp,0.6427766038569727,301,0.024604242812765482,2019-06-30
cash_ratio,0.6278158945664769,301,0.02403157585222928,2019-06-30
current_ratio,0.50878279325081,301,0.019475219398130857,2019-06-30
ebitda_ev,1.5737715426801988,301,0.06024092497389688,2019-06-30
ep,1.3740074489199767,301,0.0525943425708413,2019-06-30
fcf_growth,2.807180984218756,288,0.10745344827526584,2019-06-30
fcfp,3.5092812727599294,301,0.13432848677934867,2019-06-30
gross_margin,2.655822749327576,301,0.10165974834806246,2019-06-30
int_coverage,1.4737274072796918,301,0.056411429337906084,2019-06-30
rev_growth,1.8510662591912725,290,0.0708552293757627,2019-06-30
roa,1.2911146653202201,290,0.049421367445616836,2019-06-30
roe,1.1648905981447122,290,0.04458975475317342,2019-06-30
sp,1.2287195359779737,301,0.04703300280468454,2019-06-30
accruals,1.9187717074870576,291,0.07306495178916055,2019-07-31
asset_growth,3.5074072457649366,291,0.13355864083090563,2019-07-31
bp,0.6525478262049128,302,0.02484838361736427,2019-07-31
cash_ratio,0.6361740002476727,302,0.024224884323778857,2019-07-31
current_ratio,0.5050160986579728,302,0.019230519585636333,2019-07-31
ebitda_ev,1.5929231881478383,302,0.060656958559330204,2019-07-31
ep,1.395530694641291,302,0.053140445278817734,2019-07-31
fcf_growth,2.7454362937185115,289,0.10454353149883919,2019-07-31
fcfp,3.5289966910042363,302,0.13438074581056997,2019-07-31
gross_margin,2.6316230691077123,302,0.10020963511256831,2019-07-31
int_coverage,1.5048957141193533,302,0.057304958359975476,2019-07-31
rev_growth,1.89187316586134,291,0.07204068160661979,2019-07-31
roa,1.3162896467689866,291,0.05012302360227285,2019-07-31
roe,1.1978971270355618,291,0.04561475213216193,2019-07-31
sp,1.235795572161874,302,0.047057887891998974,2019-07-31
accruals,2.027046719362123,292,0.07809738794904669,2019-08-31
asset_growth,3.471788045675242,292,0.13375990562530515,2019-08-31
bp,0.5798022322020142,303,0.02233842931664304,2019-08-31
cash_ratio,0.5958748513024346,303,0.022957669888285015,2019-08-31
current_ratio,0.4727771129170561,303,0.018215000793140333,2019-08-31
ebitda_ev,1.5278315077108222,303,0.05886378880108735,2019-08-31
ep,1.3497723532499202,303,0.05200358438103912,2019-08-31
fcf_growth,2.785768118114585,290,0.10732915594808946,2019-08-31
fcfp,3.5394887420422645,303,0.13636825574279024,2019-08-31
gross_margin,2.6398912851541674,303,0.1017088614044723,2019-08-31
int_coverage,1.4636864613740612,303,0.05639242959613128,2019-08-31
rev_growth,1.8564838204979308,292,0.07152599679408476,2019-08-31
roa,1.256373914465186,292,0.04840516011289891,2019-08-31
roe,1.2056636523940747,292,0.04645141184842296,2019-08-31
sp,1.183122708698928,303,0.045582961798563505,2019-08-31
accruals,2.020446092273357,293,0.0776620298028785,2019-09-30
asset_growth,3.4630300633000277,293,0.1331121602366829,2019-09-30
bp,0.5644775266597021,304,0.021697421508125928,2019-09-30
cash_ratio,0.6176093627601601,304,0.023739706256279035,2019-09-30
current_ratio,0.5164191288765085,304,0.01985014989063998,2019-09-30
ebitda_ev,1.541996080345484,304,0.05927133913925309,2019-09-30
ep,1.3611738256586423,304,0.052320882313794156,2019-09-30
fcf_growth,2.7718074778287343,291,0.10654290444778289,2019-09-30
fcfp,3.550332008588117,304,0.1364678777204313,2019-09-30
gross_margin,2.625091039456941,304,0.10090340906457185,2019-09-30
int_coverage,1.4585845294018467,304,0.05606516086997777,2019-09-30
rev_growth,1.8310601716167982,293,0.07038240226392938,2019-09-30
roa,1.2759479301145311,293,0.049044964156395345,2019-09-30
roe,1.235405380104639,293,0.047486587152824715,2019-09-30
sp,1.1824999542749706,304,0.04545300517643324,2019-09-30
accruals,1.8945530997406606,294,0.07108490543387441,2019-10-31
asset_growth,3.517509577330515,294,0.13197932309287855,2019-10-31
bp,0.6087877651272569,305,0.02284212605035703,2019-10-31
cash_ratio,0.675651939514483,305,0.025350914805805837,2019-10-31
current_ratio,0.5704582882892496,305,0.021403978322149995,2019-10-31
ebitda_ev,1.6001482316232147,305,0.060038636943291784,2019-10-31
ep,1.4248774518470657,305,0.053462359504874,2019-10-31
fcf_growth,2.7979435073148475,292,0.10498072060055982,2019-10-31
fcfp,3.6151984915727176,305,0.13564467680177983,2019-10-31
gross_margin,2.658112656226464,305,0.09973417310198796,2019-10-31
int_coverage,1.5333138091724077,305,0.05753096450049059,2019-10-31
rev_growth,1.8741856656754612,294,0.07032070562091929,2019-10-31
roa,1.3673973911239932,294,0.051305669000188604,2019-10-31
roe,1.2770152401492407,294,0.047914469959195814,2019-10-31
sp,1.2368215651073649,305,0.04640637626164639,2019-10-31
accruals,1.8822068555631617,295,0.070361177156249,2019-11-30
asset_growth,3.502004741190413,295,0.13091290963510885,2019-11-30
bp,0.6144675865653044,306,0.022970197238049172,2019-11-30
cash_ratio,0.6609223066311503,306,0.024706780429549106,2019-11-30
current_ratio,0.55479320773743,306,0.02073943310711049,2019-11-30
ebitda_ev,1.5928134038656625,306,0.05954299111970216,2019-11-30
ep,1.4578959967400864,306,0.05449947129818705,2019-11-30
fcf_growth,2.8398640385943583,293,0.10616058279067994,2019-11-30
fcfp,3.6566705776864636,306,0.13669467070433097,2019-11-30
gross_margin,2.693714592912499,306,0.10069718379788851,2019-11-30
int_coverage,1.5451842670713856,306,0.057762505557301724,2019-11-30
rev_growth,1.879392855099051,295,0.07025598341275166,2019-11-30
roa,1.3681828659585258,295,0.05114579023518059,2019-11-30
roe,1.2705881972248936,295,0.04749747934098934,2019-11-30
sp,1.2319432751315926,306,0.04605284417692145,2019-11-30
accruals,1.9086099177547928,296,0.07089456068699436,2019-12-31
asset_growth,3.5236042130192673,296,0.13088288517891736,2019-12-31
bp,0.5831302751677139,307,0.02166014348805895,2019-12-31
cash_ratio,0.6529893587129091,307,0.024255031522466063,2019-12-31
current_ratio,0.5613835285245894,307,0.02085236918316102,2019-12-31
ebitda_ev,1.5769699903796277,307,0.05857592672265505,2019-12-31
ep,1.4621868488806111,307,0.05431235231955308,2019-12-31
fcf_growth,2.8927465041867104,294,0.1074499250398965,2019-12-31
fcfp,3.7033034104981133,307,0.13755774081209704,2019-12-31
gross_margin,2.680888144694508,307,0.09958053005019873,2019-12-31
int_coverage,1.571719162794176,307,0.05838088680829075,2019-12-31
rev_growth,1.9069456874648893,296,0.0708327435109506,2019-12-31
roa,1.3936153429192246,296,0.05176529084535892,2019-12-31
roe,1.2900113604652443,296,0.04791696188448969,2019-12-31
sp,1.213706605848936,307,0.04508265194691183,2019-12-31
accruals,1.940075266077882,297,0.07295873854751056,2020-01-31
asset_growth,3.489361898400576,297,0.13122142573247617,2020-01-31
bp,0.6234130796034998,308,0.023444158418575625,2020-01-31
cash_ratio,0.6270604215974157,308,0.023581320865610704,2020-01-31
current_ratio,0.5456256747532141,308,0.020518874522639643,2020-01-31
ebitda_ev,1.5756094547826225,308,0.059252586883841184,2020-01-31
ep,1.4720982600867256,308,0.0553599305923016,2020-01-31
fcf_growth,2.83868274797542,295,0.10675189568679004,2020-01-31
fcfp,3.669788132489114,308,0.1380065596240028,2020-01-31
gross_margin,2.659609060201683,308,0.10001762583888087,2020-01-31
int_coverage,1.5047700365303842,308,0.05658858993202637,2020-01-31
rev_growth,1.8413688592193047,297,0.06924677177133598,2020-01-31
roa,1.3366764019094202,297,0.050267237480270836,2020-01-31
roe,1.2446330752211079,297,0.04680584341772415,2020-01-31
sp,1.2226312752059916,308,0.0459784406860133,2020-01-31
accruals,1.988359068768353,298,0.07577796489515479,2020-02-29
asset_growth,3.458228394524051,298,0.13179586825934664,2020-02-29
bp,0.5778862005804433,309,0.02202370834766008,2020-02-29
cash_ratio,0.5772900191307503,309,0.02200098739263964,2020-02-29
current_ratio,0.4885635481494842,309,0.018619550151802607,2020-02-29
ebitda_ev,1.5369638217194517,309,0.05857492862168158,2020-02-29
ep,1.4266390382461702,309,0.0543703623034449,2020-02-29
fcf_growth,2.8239989796292164,296,0.10762487465347571,2020-02-29
fcfp,3.622026828333537,309,0.13803835844236226,2020-02-29
gross_margin,2.6830321109211033,309,0.10225251379766703,2020-02-29
int_coverage,1.4830696020186145,309,0.05652097651982528,2020-02-29
rev_growth,1.8509909431505605,298,0.07054275503578757,2020-02-29
roa,1.2893588902120148,298,0.04913850534061892,2020-02-29
roe,1.2516354668690755,298,0.04770083530671654,2020-02-29
sp,1.1812348450664183,309,0.0450178109318166,2020-02-29
accruals,2.0283143244254793,299,0.07846463832645466,2020-03-31
asset_growth,3.435148386820862,299,0.1328875276005112,2020-03-31
bp,0.5487987057865525,310,0.021230088179634274,2020-03-31
cash_ratio,0.5643601671723798,310,0.021832077932783543,2020-03-31
current_ratio,0.4847701569909847,310,0.018753165908114534,2020-03-31
ebitda_ev,1.492891916250454,310,0.057752007594907374,2020-03-31
ep,1.3865664853323085,310,0.05363884506312877,2020-03-31
fcf_growth,2.837797368712432,297,0.10977921000624796,2020-03-31
fcfp,3.4879661060525464,310,0.13493076280663055,2020-03-31
gross_margin,2.6155269820296456,310,0.10118075695006988,2020-03-31
int_coverage,1.4682478823362812,310,0.05679866166390718,2020-03-31
rev_growth,1.8376230020092876,299,0.0710878104525905,2020-03-31
roa,1.280452977413057,299,0.049533880699287464,2020-03-31
roe,1.2376432030473545,299,0.04787779937994194,2020-03-31
sp,1.1439359691182096,310,0.044252767435790236,2020-03-31
accruals,1.9690065745601557,300,0.07486839579150117,2020-04-30
asset_growth,3.440921461287887,300,0.13083565752375378,2020-04-30
bp,0.5719645391848602,311,0.021748057142958733,2020-04-30
cash_ratio,0.6104033386914589,311,0.02320963238216435,2020-04-30
current_ratio,0.5174922654007699,311,0.019676834118098438,2020-04-30
ebitda_ev,1.5348670575618317,311,0.058360919581259274,2020-04-30
ep,1.4521465909710838,311,0.0552156032005066,2020-04-30
fcf_growth,2.8084905055433094,298,0.10678845945075628,2020-04-30
fcfp,3.556840030290045,311,0.13524327983226572,2020-04-30
gross_margin,2.6433225900731387,311,0.10050820776076877,2020-04-30
int_coverage,1.5228024576048187,311,0.057902182034966644,2020-04-30
rev_growth,1.852674019793267,300,0.07044503232169179,2020-04-30
roa,1.3347940577769233,300,0.05075345664608063,2020-04-30
roe,1.2929841422177022,300,0.049163699990851455,2020-04-30
sp,1.1908598167918987,311,0.04528058222237621,2020-04-30
accruals,1.939589168177515,301,0.07468003309730067,2020-05-31
asset_growth,3.4121704754026063,301,0.13137885497480623,2020-05-31
bp,0.49816456058486797,312,0.0191808381294153,2020-05-31
cash_ratio,0.6084527089835445,312,0.02342726449010292,2020-05-31
current_ratio,0.5350197118993858,312,0.02059987261627026,2020-05-31
ebitda_ev,1.4513045999447756,312,0.05587960447313711,2020-05-31
ep,1.418178940869393,312,0.05460416668625571,2020-05-31
fcf_growth,2.8434237656985077,299,0.10948039121683807,2020-05-31
fcfp,3.545001987737213,312,0.13649326884154991,2020-05-31
gross_margin,2.6160692600370496,312,0.1007265570099932,2020-05-31
int_coverage,1.5039380131803912,312,0.05790614963380793,2020-05-31
rev_growth,1.8763371829438291,301,0.07224464088733071,2020-05-31
roa,1.298844958813501,301,0.050009448446031404,2020-05-31
roe,1.3065738096043618,301,0.05030703251297478,2020-05-31
sp,1.118922133234879,312,0.04308187698418584,2020-05-31
accruals,1.8905243360456436,302,0.07381365219609902,2020-06-30
asset_growth,3.417935183141594,302,0.13344989748448943,2020-06-30
bp,0.49821441776981107,313,0.019452289003200084,2020-06-30
cash_ratio,0.5798973303316243,313,0.022641517506237177,2020-06-30
current_ratio,0.4898314167819571,313,0.019124983023859295,2020-06-30
ebitda_ev,1.4626677496741824,313,0.057108415107063874,2020-06-30
ep,1.4232875186283231,313,0.05557085294909602,2020-06-30
fcf_growth,2.744182413843433,300,0.10714388722536931,2020-06-30
fcfp,3.506181963567694,313,0.13689540571392722,2020-06-30
gross_margin,2.56040192211453,313,0.09996835976017948,2020-06-30
int_coverage,1.4994285770504576,313,0.05854370524041855,2020-06-30
rev_growth,1.824074535074221,302,0.07121918546330676,2020-06-30
roa,1.2941399889857592,302,0.050528415434135915,2020-06-30
roe,1.2967834672977552,302,0.05063162742934235,2020-06-30
sp,1.1245721379654425,313,0.043907806463275564,2020-06-30
accruals,1.8859084802215835,303,0.0728005368134138,2020-07-31
asset_growth,3.446584569139647,303,0.13304633254351447,2020-07-31
bp,0.4959885805084116,314,0.0191463346673604,2020-07-31
cash_ratio,0.5914000839436142,314,0.02282944481883578,2020-07-31
current_ratio,0.4931809358653252,314,0.019037952930207398,2020-07-31
ebitda_ev,1.4702381263710573,314,0.05675467604386867,2020-07-31
ep,1.4469484262183385,314,0.05585563842294331,2020-07-31
fcf_growth,2.7739376023362348,301,0.10708056549661654,2020-07-31
fcfp,3.5543322041925345,314,0.13720564661123869,2020-07-31
gross_margin,2.5783561788800675,314,0.09953065903632657,2020-07-31
int_coverage,1.5303186174946557,314,0.05907392538798191,2020-07-31
rev_growth,1.8522082003405804,303,0.07149962614259955,2020-07-31
roa,1.3252020051365396,303,0.05115593803831728,2020-07-31
roe,1.3350311964754118,303,0.05153536811852327,2020-07-31
sp,1.125510040020624,314,0.04344735492825243,2020-07-31
accruals,1.867833085954635,304,0.07258899560331428,2020-08-31
asset_growth,3.4321052361210644,304,0.13338080033397304,2020-08-31
bp,0.43023211278895457,315,0.01671997202452411,2020-08-31
cash_ratio,0.6054229886912136,315,0.023528358606942065,2020-08-31
current_ratio,0.5095210416011944,315,0.01980135212653766,2020-08-31
ebitda_ev,1.4015697294604392,315,0.054468752960088206,2020-08-31
ep,1.428872407704418,315,0.055529808150679795,2020-08-31
fcf_growth,2.770996424558338,302,0.10768834152879445,2020-08-31
fcfp,3.5212761733021263,315,0.13684622174429745,2020-08-31
gross_margin,2.5893456258244942,315,0.10062890504606915,2020-08-31
int_coverage,1.5401137836809238,315,0.05985294591517559,2020-08-31
rev_growth,1.881602585952513,304,0.07312411524667094,2020-08-31
roa,1.3333240165251783,304,0.0518165417997581,2020-08-31
roe,1.3507323336878034,304,0.052493075622550435,2020-08-31
sp,1.0686812007683617,315,0.041531813290624685,2020-08-31
accruals,1.759948132832034,305,0.06608249283414443,2020-09-30
asset_growth,3.5191301069983996,305,0.1321362179599744,2020-09-30
bp,0.5298888208094839,316,0.019896253503612682,2020-09-30
cash_ratio,0.6833117062492476,316,0.025656972548981593,2020-09-30
current_ratio,0.5745547057868478,316,0.021573367146273118,2020-09-30
ebitda_ev,1.5051648888358882,316,0.05651589732968347,2020-09-30
ep,1.5095977664692573,316,0.05668234291917387,2020-09-30
fcf_growth,2.7465595667424187,303,0.10312775672300376,2020-09-30
fcfp,3.592028012607036,316,0.13487338687713737,2020-09-30
gross_margin,2.6064946890063547,316,0.09786860384989342,2020-09-30
int_coverage,1.618376399596041,316,0.06076676058467717,2020-09-30
rev_growth,1.9637259793146296,305,0.07373393882208631,2020-09-30
roa,1.4310788040287261,305,0.05373411468674785,2020-09-30
roe,1.4006609780844739,305,0.052591986843606955,2020-09-30
sp,1.192072393531589,316,0.04475990737100362,2020-09-30
accruals,1.7133495996147425,306,0.06530046965293777,2020-10-31
asset_growth,3.4652519990645,306,0.13207029263354916,2020-10-31
bp,0.5029230264963604,317,0.019167780957764682,2020-10-31
cash_ratio,0.6355613520382083,317,0.024222992663425615,2020-10-31
current_ratio,0.5149507972191172,317,0.019626192409374136,2020-10-31
ebitda_ev,1.4582707050550874,317,0.05557871081455298,2020-10-31
ep,1.4666259886144322,317,0.05589715367095039,2020-10-31
fcf_growth,2.770074277279699,304,0.10557515601051888,2020-10-31
fcfp,3.588234015332537,317,0.13675747581144457,2020-10-31
gross_margin,2.5860814093336755,317,0.09856268132796263,2020-10-31
int_coverage,1.5989648484738586,317,0.06094095191510209,2020-10-31
rev_growth,1.9808143231291586,306,0.07549428652779609,2020-10-31
roa,1.4096508991005978,306,0.0537256761717826,2020-10-31
roe,1.392512522838366,306,0.053072485474878625,2020-10-31
sp,1.1546710953777402,317,0.044007693957959795,2020-10-31
accruals,1.7504848154079795,307,0.06883288938089364,2020-11-30
asset_growth,3.371360173374397,307,0.13256925157785202,2020-11-30
bp,0.45689285857342554,318,0.01796602593537786,2020-11-30
cash_ratio,0.5517196134652314,318,0.021694821222468373,2020-11-30
current_ratio,0.4274078605624962,318,0.016806611361416444,2020-11-30
ebitda_ev,1.3899856483021316,318,0.054657274103980906,2020-11-30
ep,1.4220889200220068,318,0.05591964492354379,2020-11-30
fcf_growth,2.7466258544840714,305,0.10800333253295968,2020-11-30
fcfp,3.562215675130896,318,0.14007410710387852,2020-11-30
gross_margin,2.516275867512469,318,0.09894546751605511,2020-11-30
int_coverage,1.5398523748524795,318,0.0605503613902665,2020-11-30
rev_growth,1.9215908046675172,307,0.07556115090446769,2020-11-30
roa,1.3319170670195088,307,0.052373890554035275,2020-11-30
roe,1.3358445940643613,307,0.052528329502742055,2020-11-30
sp,1.1066740304418583,318,0.04351684199006215,2020-11-30
accruals,1.7926900997986994,308,0.0712035289651686,2020-12-31
asset_growth,3.319698989649097,308,0.1318545147271482,2020-12-31
bp,0.48927211532440024,319,0.019433309326169747,2020-12-31
cash_ratio,0.5205620106676444,319,0.020676106934992354,2020-12-31
current_ratio,0.3883672015764563,319,0.015425485581515644,2020-12-31
ebitda_ev,1.3918128409477657,319,0.055281158715410963,2020-12-31
ep,1.4058527665304943,319,0.05583880794212945,2020-12-31
fcf_growth,2.714031162815983,306,0.10779810550392277,2020-12-31
fcfp,3.510217328606773,319,0.13942167765614077,2020-12-31
gross_margin,2.5048832927580413,319,0.09949099964923758,2020-12-31
int_coverage,1.5197446848194283,319,0.0603624601359444,2020-12-31
rev_growth,1.9275662168799415,308,0.07656064869845773,2020-12-31
roa,1.3011509077712917,308,0.051680174035630494,2020-12-31
roe,1.305983820600118,308,0.05187213161303448,2020-12-31
sp,1.0851504250122068,319,0.04310089051509679,2020-12-31
accruals,1.8254168636435701,309,0.0737887193278432,2021-01-31
asset_growth,3.294132315121463,309,0.13315851829269484,2021-01-31
bp,0.3841356630157793,320,0.015527893483743394,2021-01-31
cash_ratio,0.5321235276804224,320,0.021509998298897767,2021-01-31
current_ratio,0.42118167029259573,320,0.01702540207348545,2021-01-31
ebitda_ev,1.3117343598379052,320,0.053024161460615636,2021-01-31
ep,1.3497679125394884,320,0.054561589541419125,2021-01-31
fcf_growth,2.7343885897135953,307,0.11053203035327629,2021-01-31
fcfp,3.4749765455709944,320,0.14046877406411618,2021-01-31
gross_margin,2.482391368248194,320,0.10034556137928437,2021-01-31
int_coverage,1.4751189266108118,320,0.05962864626637302,2021-01-31
rev_growth,1.8689668875268093,309,0.07554913940122139,2021-01-31
roa,1.2627803821873491,309,0.05104529767953483,2021-01-31
roe,1.3020398062902536,309,0.05263227908843871,2021-01-31
sp,1.0192724138461156,320,0.04120198928905583,2021-01-31
accruals,1.876595493010055,310,0.07751426438334924,2021-02-28
asset_growth,3.2334872051856065,310,0.1335617521391922,2021-02-28
bp,0.33732754662025133,321,0.013933581706821581,2021-02-28
cash_ratio,0.4701285332168874,321,0.01941903172722516,2021-02-28
current_ratio,0.3682002005930661,321,0.015208801151383892,2021-02-28
ebitda_ev,1.2477954156660556,321,0.05154117874978374,2021-02-28
ep,1.3021509820575388,321,0.053786378506294905,2021-02-28
fcf_growth,2.729084150615139,308,0.11272698413864117,2021-02-28
fcfp,3.4286169405222555,321,0.14162174053321575,2021-02-28
gross_margin,2.4788181612986415,321,0.10238954906843156,2021-02-28
int_coverage,1.4495663920278143,321,0.05987548886874558,2021-02-28
rev_growth,1.8392553844589148,310,0.07597190160079058,2021-02-28
roa,1.2303396617385867,310,0.05082015499693747,2021-02-28
roe,1.26204325111702,310,0.052129696887096885,2021-02-28
sp,0.9562701252490993,321,0.03949949554209017,2021-02-28
accruals,1.8979716789062568,311,0.07952495594894704,2021-03-31
asset_growth,3.2354258195808274,311,0.13556424399679326,2021-03-31
bp,0.22289207638574188,322,0.009339171260005373,2021-03-31
cash_ratio,0.4387175824967892,322,0.018382253439203668,2021-03-31
current_ratio,0.3055682592180386,322,0.012803300820439255,2021-03-31
ebitda_ev,1.1258112795996182,322,0.04717145856917148,2021-03-31
ep,1.1948035593202178,322,0.05006223300304495,2021-03-31
fcf_growth,2.7315444756775134,309,0.1144516309252963,2021-03-31
fcfp,3.4148499914543233,322,0.14308211137226362,2021-03-31
gross_margin,2.498567799592447,322,0.10468991524286113,2021-03-31
int_coverage,1.4957660777651276,322,0.06267255342437393,2021-03-31
rev_growth,1.8964255991591437,311,0.07946017525429853,2021-03-31
roa,1.2662383522078249,311,0.05305534866475114,2021-03-31
roe,1.3005855261930142,311,0.054494494216025674,2021-03-31
sp,0.8411975966939218,322,0.03524615386252469,2021-03-31
accruals,2.0066333881246634,312,0.08459335470090892,2021-04-30
asset_growth,3.2469324755181668,312,0.13688046467127984,2021-04-30
bp,0.2726497474324856,323,0.011494056129119187,2021-04-30
cash_ratio,0.4333644445313044,323,0.018269282464825353,2021-04-30
current_ratio,0.2631088205361128,323,0.011091840648256189,2021-04-30
ebitda_ev,1.1163968896422194,323,0.04706378286706182,2021-04-30
ep,1.1869235861246894,323,0.05003696665176932,2021-04-30
fcf_growth,2.7519165652688726,310,0.1160121502466669,2021-04-30
fcfp,3.3764301954493448,323,0.14233968139712877,2021-04-30
gross_margin,2.469485176907212,323,0.10410573088987715,2021-04-30
int_coverage,1.4008573967442943,323,0.0590557434903101,2021-04-30
rev_growth,1.9014718697666388,312,0.0801600757193106,2021-04-30
roa,1.2046210046784878,312,0.050783034176545755,2021-04-30
roe,1.21849940030491,312,0.051368103701877776,2021-04-30
sp,0.8716430912892864,323,0.03674573224506244,2021-04-30
accruals,1.984796480861581,313,0.08743013742785269,2021-05-31
asset_growth,3.1559773422053374,313,0.13902056730190515,2021-05-31
bp,0.2158037657600889,324,0.00950613983840922,2021-05-31
cash_ratio,0.3789578594205306,324,0.01669306553492046,2021-05-31
current_ratio,0.20591888371300762,324,0.009070711519098986,2021-05-31
ebitda_ev,1.016139593645741,324,0.044760873558060923,2021-05-31
ep,1.111127205034719,324,0.04894507077815917,2021-05-31
fcf_growth,2.7472991899326704,311,0.12101832507631949,2021-05-31
fcfp,3.229008948445643,324,0.14223760412746167,2021-05-31
gross_margin,2.41626948364185,324,0.1064364911236793,2021-05-31
int_coverage,1.3017195646734747,324,0.0573406500511946,2021-05-31
rev_growth,1.7957532652672343,313,0.07910279783480674,2021-05-31
roa,1.1446507372441854,313,0.05042177987977366,2021-05-31
roe,1.1741260654932941,313,0.051720165897886694,2021-05-31
sp,0.82396552340217,324,0.036295620050471204,2021-05-31
accruals,2.0186547014135057,314,0.09080367214587048,2021-06-30
asset_growth,3.142685459388288,314,0.1413651279300358,2021-06-30
bp,0.1951034502855053,325,0.008776196207230469,2021-06-30
cash_ratio,0.33869240379317933,325,0.015235153377542806,2021-06-30
current_ratio,0.15402991136715696,325,0.006928615162685908,2021-06-30
ebitda_ev,0.9871973603668873,325,0.04440637885778827,2021-06-30
ep,1.0690639326549123,325,0.04808892317036571,2021-06-30
fcf_growth,2.766225766297924,312,0.12443111612327355,2021-06-30
fcfp,3.1786984030480023,325,0.1429850719089613,2021-06-30
gross_margin,2.3915375002100827,325,0.10757678712539129,2021-06-30
int_coverage,1.2330017457619542,325,0.05546321825077705,2021-06-30
rev_growth,1.7526514993613338,314,0.07883824411502204,2021-06-30
roa,1.0792973502061363,314,0.04854924552842055,2021-06-30
roe,1.1211092283219048,314,0.05043003874658155,2021-06-30
sp,0.8030321907036838,325,0.03612221135005333,2021-06-30
accruals,1.9970523003038805,315,0.08851189875322364,2021-07-31
asset_growth,3.149384587969416,315,0.13958473182845277,2021-07-31
bp,0.15531329167066357,326,0.006883682688376188,2021-07-31
cash_ratio,0.4162827650175638,326,0.018450181772575482,2021-07-31
current_ratio,0.20803341232958208,326,0.009220305510577627,2021-07-31
ebitda_ev,0.9967777691379003,326,0.04417845890564458,2021-07-31
ep,1.0509773037119294,326,0.04658065123478805,2021-07-31
fcf_growth,2.758760076670243,313,0.12227175650508304,2021-07-31
fcfp,3.209137227823141,326,0.1422330448486806,2021-07-31
gross_margin,2.4032019228668093,326,0.10651296676004537,2021-07-31
int_coverage,1.2773484626535314,326,0.05661370900590407,2021-07-31
rev_growth,1.7415484739149998,315,0.0771876440960208,2021-07-31
roa,1.1580555346859425,315,0.05132649466472925,2021-07-31
roe,1.1808477102195436,315,0.052336672882339695,2021-07-31
sp,0.8598083625707302,326,0.03810780054355875,2021-07-31
accruals,2.043426392526339,316,0.09085590659579587,2021-08-31
asset_growth,3.0706816900987466,316,0.13653027573756182,2021-08-31
bp,0.14868779117720404,327,0.006611035326028815,2021-08-31
cash_ratio,0.416727528819622,327,0.01852876011233391,2021-08-31
current_ratio,0.22955116329456735,327,0.010206425407603062,2021-08-31
ebitda_ev,0.9862006691822467,327,0.0438489765090859,2021-08-31
ep,1.065524996938284,327,0.04737593678508906,2021-08-31
fcf_growth,2.7662610473771196,314,0.12299496387993553,2021-08-31
fcfp,3.2135650978430577,327,0.14288323349301904,2021-08-31
gross_margin,2.3492531706544773,327,0.10445373879064708,2021-08-31
int_coverage,1.2641567677389096,327,0.05620760778670873,2021-08-31
rev_growth,1.6884091130282117,316,0.07507094027454891,2021-08-31
roa,1.1401119910372104,316,0.050692263222830256,2021-08-31
roe,1.2132549183420724,316,0.05394438279790224,2021-08-31
sp,0.8950357431485033,327,0.039795553280909765,2021-08-31
accruals,1.9784764683124498,317,0.08921713893537472,2021-09-30
asset_growth,3.0029905261941323,317,0.13541643142493273,2021-09-30
bp,0.08845258352283888,328,0.003988668331284744,2021-09-30
cash_ratio,0.38126288478808584,328,0.017192614775981552,2021-09-30
current_ratio,0.20963315683610978,328,0.009453168020169126,2021-09-30
ebitda_ev,0.9576910866964233,328,0.04318598684766937,2021-09-30
ep,1.0877101371683597,328,0.049049047579493216,2021-09-30
fcf_growth,2.7506632639115836,315,0.12403802143280049,2021-09-30
fcfp,3.1890912176769834,328,0.14380842977008199,2021-09-30
gross_margin,2.357318582332593,328,0.10630059181562827,2021-09-30
int_coverage,1.2671583022910913,328,0.057141057838836086,2021-09-30
rev_growth,1.6413968055048482,317,0.07401691614240605,2021-09-30
roa,1.148221451503465,317,0.05177773625720188,2021-09-30
roe,1.2594095854496543,317,0.05679163829400672,2021-09-30
sp,0.8564925108200941,328,0.03862255253413338,2021-09-30
accruals,1.9666271714427508,318,0.08754969545247923,2021-10-31
asset_growth,3.0211807896055842,318,0.1344959847385844,2021-10-31
bp,0.17297806804602162,329,0.007700583718813056,2021-10-31
cash_ratio,0.38647326025685985,329,0.017204896142664624,2021-10-31
current_ratio,0.19843371650019684,329,0.008833810342583057,2021-10-31
ebitda_ev,0.983835588374996,329,0.04379808607767373,2021-10-31
ep,1.1348276055582267,329,0.050519901636872706,2021-10-31
fcf_growth,2.755777176430747,316,0.12268082940927087,2021-10-31
fcfp,3.2179200054610324,329,0.14325435982961293,2021-10-31
gross_margin,2.414152826853874,329,0.10747250309357946,2021-10-31
int_coverage,1.2572538456241167,329,0.05597003483385157,2021-10-31
rev_growth,1.6768451619615286,318,0.07464927027474899,2021-10-31
roa,1.146953877827333,318,0.05105973524618629,2021-10-31
roe,1.2463699271858437,318,0.055485507945157476,2021-10-31
sp,0.8833522751360419,329,0.039324801257921815,2021-10-31
accruals,2.051369805547058,319,0.09227093599001103,2021-11-30
asset_growth,3.0205555463853955,319,0.13586506280883545,2021-11-30
bp,0.21817923611807913,330,0.009813736302329993,2021-11-30
cash_ratio,0.36182377851071584,330,0.016274890376346784,2021-11-30
current_ratio,0.20485421713620022,330,0.009214374856033016,2021-11-30
ebitda_ev,1.0075766604512941,330,0.04532095641172667,2021-11-30
ep,1.145508601677368,330,0.051525156788194124,2021-11-30
fcf_growth,2.729119437469276,317,0.12275622086416921,2021-11-30
fcfp,3.2651901366411846,330,0.14686876509469163,2021-11-30
gross_margin,2.2905446562782745,330,0.10302905833468266,2021-11-30
int_coverage,1.1021293167903772,330,0.04957394974191874,2021-11-30
rev_growth,1.6814409849055607,319,0.0756314795458478,2021-11-30
roa,1.0196448144774202,319,0.04586378387494231,2021-11-30
roe,1.2106901545600082,319,0.05445703327262922,2021-11-30
sp,0.9233981932406601,330,0.04153459573764124,2021-11-30
accruals,2.0251490685176416,320,0.09185149003171271,2021-12-31
asset_growth,2.991583568830746,320,0.13568453435016806,2021-12-31
bp,0.224630042979989,331,0.010188190328478983,2021-12-31
cash_ratio,0.32290600142703224,331,0.01464553786796801,2021-12-31
current_ratio,0.15847860832541,331,0.007187864112885325,2021-12-31
ebitda_ev,0.9982343750139651,331,0.04527534104589272,2021-12-31
ep,1.1521642386038466,331,0.05225689492303919,2021-12-31
fcf_growth,2.717708684854675,318,0.12326282349118524,2021-12-31
fcfp,3.2558481152869176,331,0.14767036429814392,2021-12-31
gross_margin,2.3591811239678298,331,0.10700165477188833,2021-12-31
int_coverage,1.0624605866955434,331,0.048188347961656844,2021-12-31
rev_growth,1.6336340600619939,320,0.07409416171673955,2021-12-31
roa,1.0059243094292611,320,0.04562412126423393,2021-12-31
roe,1.2132524115025667,320,0.055027574766459045,2021-12-31
sp,0.9269255467794579,331,0.04204109906954811,2021-12-31
accruals,2.077173791239776,321,0.09912491264642834,2022-01-31
asset_growth,3.0839091806319003,321,0.14716738167450152,2022-01-31
bp,0.2131127322833518,332,0.010169963178102896,2022-01-31
cash_ratio,0.29727995651905426,332,0.014186511425169277,2022-01-31
current_ratio,0.136125518831799,332,0.00649605257877732,2022-01-31
ebitda_ev,0.9715289063664333,332,0.04636237872016177,2022-01-31
ep,0.9869686207319137,332,0.047099178088716574,2022-01-31
fcf_growth,2.2251381899694955,319,0.10618592899504625,2022-01-31
fcfp,3.0703524079444877,332,0.14652043825836822,2022-01-31
gross_margin,2.2825050668680995,332,0.10892353654880732,2022-01-31
int_coverage,0.9841571320901523,332,0.04696501090097506,2022-01-31
rev_growth,1.7147527073909596,321,0.08182979828033779,2022-01-31
roa,0.9432250245820347,321,0.04501168778555356,2022-01-31
roe,0.984966882992111,321,0.047003653063590695,2022-01-31
sp,0.983917341773127,332,0.04695356785546349,2022-01-31
accruals,2.055329346433973,322,0.09459822657384628,2022-02-28
asset_growth,3.117404717372546,322,0.14348112057468693,2022-02-28
bp,0.33700397927004405,333,0.015510885806495033,2022-02-28
cash_ratio,0.32909957613142793,333,0.015147079139531816,2022-02-28
current_ratio,0.172010909457827,333,0.007916943829122525,2022-02-28
ebitda_ev,1.0712400476425064,333,0.049304705796998236,2022-02-28
ep,1.0676881412960264,333,0.049141226380954105,2022-02-28
fcf_growth,2.2836211820804726,320,0.1051055464011607,2022-02-28
fcfp,3.151167995433408,333,0.14503510326530475,2022-02-28
gross_margin,2.318103162411551,333,0.10669260795591044,2022-02-28
int_coverage,1.0171502266734689,333,0.04681517722181124,2022-02-28
rev_growth,1.7980774843660081,322,0.08275799767005927,2022-02-28
roa,0.9595677900770968,322,0.04416489813477893,2022-02-28
roe,0.9896334150836806,322,0.045548693297044175,2022-02-28
sp,1.0598351927127796,333,0.04877978795229563,2022-02-28
accruals,1.916509664958875,323,0.0847173431456466,2022-03-31
asset_growth,3.214740323691928,323,0.14210429725758786,2022-03-31
bp,0.4413595411485351,334,0.019509845622869802,2022-03-31
cash_ratio,0.44394108597911514,334,0.019623960163097184,2022-03-31
current_ratio,0.2721635845131896,334,0.0120307119773632,2022-03-31
ebitda_ev,1.152531036647415,334,0.050946451824839624,2022-03-31
ep,1.1185415283538307,334,0.0494439804884787,2022-03-31
fcf_growth,2.301436702671415,321,0.10173264786138371,2022-03-31
fcfp,3.2193514515879706,334,0.1423081274346018,2022-03-31
gross_margin,2.3024352817312934,334,0.10177678902405068,2022-03-31
int_coverage,1.1254123411980954,334,0.04974769771989145,2022-03-31
rev_growth,1.8939397852854234,323,0.08371966477438057,2022-03-31
roa,1.0450336297933311,323,0.04619463926149415,2022-03-31
roe,0.9869911111455671,323,0.043628929284014996,2022-03-31
sp,1.1880134197512555,334,0.052514914160299776,2022-03-31
accruals,1.9225106055681342,324,0.08371465407437395,2022-04-30
asset_growth,3.199721109552821,324,0.13933007445830356,2022-04-30
bp,0.46264029400613654,335,0.020145414054631487,2022-04-30
cash_ratio,0.4641272439811865,335,0.020210162463522797,2022-04-30
current_ratio,0.28714185783840224,335,0.012503432350174879,2022-04-30
ebitda_ev,1.1808197552834494,335,0.05141813889163356,2022-04-30
ep,1.1305153630089517,335,0.04922766213406233,2022-04-30
fcf_growth,2.3159265713535375,322,0.10084573329322072,2022-04-30
fcfp,3.26716394323958,335,0.14226683510634902,2022-04-30
gross_margin,2.348650399953619,335,0.10227067419253781,2022-04-30
int_coverage,1.1603163553527838,335,0.050525329755718815,2022-04-30
rev_growth,1.8977098278614868,324,0.08263471801551726,2022-04-30
roa,1.0999324622332813,324,0.047895946745023135,2022-04-30
roe,0.9982992462637778,324,0.043470384933966794,2022-04-30
sp,1.2295676661083976,335,0.05354083953096397,2022-04-30
accruals,1.9577340047280916,325,0.08241626129538429,2022-05-31
asset_growth,3.3208106663140966,325,0.1397987668020581,2022-05-31
bp,0.5001295407743147,336,0.02105434487752146,2022-05-31
cash_ratio,0.5454259516714182,336,0.02296122335397581,2022-05-31
current_ratio,0.37357400862332146,336,0.01572663754805649,2022-05-31
ebitda_ev,1.2275000299847127,336,0.05167502989016274,2022-05-31
ep,1.1222156092603794,336,0.047242789193625935,2022-05-31
fcf_growth,2.3255561749095226,323,0.0979007591968847,2022-05-31
fcfp,3.337534793886237,336,0.14050281549539134,2022-05-31
gross_margin,2.363727989490336,336,0.09950770796368012,2022-05-31
int_coverage,1.1969123892211107,336,0.05038735802692997,2022-05-31
rev_growth,1.9909616330365207,325,0.08381507078139194,2022-05-31
roa,1.1565672009141508,325,0.04868891504464152,2022-05-31
roe,1.023942549868254,325,0.04310571126496057,2022-05-31
sp,1.3116274857105756,336,0.0552166092653351,2022-05-31
accruals,2.063624853321568,326,0.08936313165010398,2022-06-30
asset_growth,3.2644709704203954,326,0.14136452593506452,2022-06-30
bp,0.41722260606903994,337,0.018067391761411974,2022-06-30
cash_ratio,0.5056585409583136,337,0.021897018100419195,2022-06-30
current_ratio,0.35327805433289305,337,0.015298339340907062,2022-06-30
ebitda_ev,1.1601033664280558,337,0.05023707176959674,2022-06-30
ep,1.0447454618401333,337,0.045241617485365815,2022-06-30
fcf_growth,2.3536001132614968,324,0.10192020920592804,2022-06-30
fcfp,3.268398732928348,337,0.14153461361234926,2022-06-30
gross_margin,2.29191642265224,337,0.09924906102911339,2022-06-30
int_coverage,1.1233101442453535,337,0.04864377948468744,2022-06-30
rev_growth,1.8900567856287467,326,0.08184694669113615,2022-06-30
roa,1.106826996472551,326,0.047929993884529454,2022-06-30
roe,1.0071391724371546,326,0.04361311616867489,2022-06-30
sp,1.2422231533937704,337,0.053793183880712185,2022-06-30
accruals,1.9939863675716634,327,0.0832202642880743,2022-07-31
asset_growth,3.296941857256461,327,0.13759992403430327,2022-07-31
bp,0.46351571096138816,338,0.01934511719599058,2022-07-31
cash_ratio,0.5712221648147161,338,0.023840313201829416,2022-07-31
current_ratio,0.4010284471953323,338,0.01673717228231359,2022-07-31
ebitda_ev,1.2150786598336014,338,0.0507120654617601,2022-07-31
ep,1.1195709588689715,338,0.046725992013573796,2022-07-31
fcf_growth,2.456107632383572,325,0.1025071834045883,2022-07-31
fcfp,3.3427646148286305,338,0.1395123653917677,2022-07-31
gross_margin,2.3832639559270348,338,0.09946700715011841,2022-07-31
int_coverage,1.2173237134743258,338,0.05080576417523201,2022-07-31
rev_growth,1.8801906805413002,327,0.0784709303389948,2022-07-31
roa,1.230132768284838,327,0.05134035806411071,2022-07-31
roe,1.0854144675895474,327,0.04530044955367791,2022-07-31
sp,1.3038044933528883,338,0.054415093443664984,2022-07-31
accruals,2.0104058831036897,328,0.08397369643547435,2022-08-31
asset_growth,3.2684755383833703,328,0.13652266687722517,2022-08-31
bp,0.46814105000578576,339,0.019554028742435052,2022-08-31
cash_ratio,0.5586474568515989,339,0.023334438259642907,2022-08-31
current_ratio,0.3749809303201505,339,0.015662774903535244,2022-08-31
ebitda_ev,1.2118644437757162,339,0.05061900075892202,2022-08-31
ep,1.1374145521882817,339,0.047509264238371485,2022-08-31
fcf_growth,2.476164166549923,326,0.1034281981533269,2022-08-31
fcfp,3.349408515705807,339,0.1399031988018539,2022-08-31
gross_margin,2.4008361732374612,339,0.10028178374185065,2022-08-31
int_coverage,1.236352998282188,339,0.05164187601985955,2022-08-31
rev_growth,1.86900232463058,328,0.07806733713066309,2022-08-31
roa,1.2018462497640103,328,0.05020054556545038,2022-08-31
roe,1.097974383635496,328,0.04586186717828004,2022-08-31
sp,1.2793855016143,339,0.05343932319310926,2022-08-31
accruals,2.0189896768302082,329,0.08373041830049721,2022-09-30
asset_growth,3.3611181609586906,329,0.13939042522312828,2022-09-30
bp,0.5272188388632697,340,0.0218645268078983,2022-09-30
cash_ratio,0.6027818264606684,340,0.0249982330532411,2022-09-30
current_ratio,0.4189128051187254,340,0.017372919141961183,2022-09-30
ebitda_ev,1.2116232233722737,340,0.05024776524604732,2022-09-30
ep,1.0885125424097333,340,0.04514218747487407,2022-09-30
fcf_growth,2.4003525542595314,327,0.09954608770083355,2022-09-30
fcfp,3.34019413338567,340,0.13852267557520995,2022-09-30
gross_margin,2.3731471934152357,340,0.0984178420888574,2022-09-30
int_coverage,1.2349031007808167,340,0.0512132153896369,2022-09-30
rev_growth,1.954109538651409,329,0.08103974525177028,2022-09-30
roa,1.2062808352417198,329,0.05002620869326832,2022-09-30
roe,1.0696710083246912,329,0.04436080184003493,2022-09-30
sp,1.3051618742384705,340,0.05412694821274135,2022-09-30
accruals,1.9888645255507973,330,0.08165012665428598,2022-10-31
asset_growth,3.3803367570325555,330,0.1387751256056063,2022-10-31
bp,0.5260391239084656,341,0.021595820399250638,2022-10-31
cash_ratio,0.6310275920744031,341,0.02590597909174089,2022-10-31
current_ratio,0.42941488807018313,341,0.017629043882944444,2022-10-31
ebitda_ev,1.231092179659838,341,0.05054081416857139,2022-10-31
ep,1.11794024262556,341,0.04589551537052079,2022-10-31
fcf_growth,2.3962752075966876,328,0.09837581780217525,2022-10-31
fcfp,3.3451652926235242,341,0.13733120899554016,2022-10-31
gross_margin,2.4203597900489404,341,0.09936457756050893,2022-10-31
int_coverage,1.2557248453252605,341,0.051552074737391394,2022-10-31
rev_growth,1.937128400314075,330,0.07952617043509075,2022-10-31
roa,1.2617850849743166,330,0.05180086962942343,2022-10-31
roe,1.1140971724468813,330,0.04573774335397607,2022-10-31
sp,1.3231253883549432,341,0.054319112312973455,2022-10-31
accruals,1.9531712895070663,331,0.07765979530391531,2022-11-30
asset_growth,3.434191870584864,331,0.1365464663221109,2022-11-30
bp,0.579786264238276,342,0.02305280793479704,2022-11-30
cash_ratio,0.676684171257464,342,0.026905553295592875,2022-11-30
current_ratio,0.4595328164472799,342,0.018271425886940026,2022-11-30
ebitda_ev,1.2810639230096343,342,0.05093621976046305,2022-11-30
ep,1.1813140965422388,342,0.04697007959309757,2022-11-30
fcf_growth,2.5398215531133137,329,0.1009855218448513,2022-11-30
fcfp,3.424469174447172,342,0.13615988343718335,2022-11-30
gross_margin,2.5067955705573444,342,0.09967237995156934,2022-11-30
int_coverage,1.3188247512581186,342,0.05243762325130777,2022-11-30
rev_growth,1.9451452277135954,331,0.07734067208142784,2022-11-30
roa,1.3459604382079748,331,0.05351656184992336,2022-11-30
roe,1.1425804223923752,331,0.0454299949000617,2022-11-30
sp,1.3610117359758749,342,0.054115014586758534,2022-11-30
accruals,1.8921104272891143,332,0.07315778874041408,2022-12-31
asset_growth,3.521708690188848,332,0.13616563634250756,2022-12-31
bp,0.6653261876247815,343,0.02572460464025629,2022-12-31
cash_ratio,0.7714857403795602,343,0.029829226665059622,2022-12-31
current_ratio,0.5445346330032398,343,0.021054241374360783,2022-12-31
ebitda_ev,1.33556053926267,343,0.05163898172761475,2022-12-31
ep,1.208203588210208,343,0.0467147697020681,2022-12-31
fcf_growth,2.464551008768633,330,0.09529100386481834,2022-12-31
fcfp,3.4701436208478253,343,0.1341718909485666,2022-12-31
gross_margin,2.5198886621114096,343,0.09743061490139053,2022-12-31
int_coverage,1.419300439581483,343,0.054876755722362135,2022-12-31
rev_growth,2.026075253075233,332,0.07833749193434912,2022-12-31
roa,1.428432174889994,332,0.05522983107827071,2022-12-31
roe,1.1412812474571674,332,0.044127240773410674,2022-12-31
sp,1.4548152014541136,343,0.056249921584550486,2022-12-31
accruals,1.8946770181693517,333,0.07039184677143161,2023-01-31
asset_growth,3.6591304433667182,333,0.13594557120612522,2023-01-31
bp,0.7949040285274905,344,0.029532612702593837,2023-01-31
cash_ratio,0.8970130735941653,344,0.03332621139270479,2023-01-31
current_ratio,0.6724173184026306,344,0.024981934329465848,2023-01-31
ebitda_ev,1.421557456806574,344,0.0528143075134773,2023-01-31
ep,1.2200957957678014,344,0.04532951815984837,2023-01-31
fcf_growth,2.355664384693729,331,0.0875186455644538,2023-01-31
fcfp,3.5619074592771036,344,0.13233350153247186,2023-01-31
gross_margin,2.573274528968492,344,0.09560339023850836,2023-01-31
int_coverage,1.4961984539410587,344,0.055587401599050824,2023-01-31
rev_growth,2.162853329902581,333,0.08035524721500305,2023-01-31
roa,1.49290294434526,333,0.055464965424295624,2023-01-31
roe,1.1375173326239008,333,0.04226152795967052,2023-01-31
sp,1.576029494623426,344,0.0585533183908989,2023-01-31
accruals,1.923055201190735,334,0.07169141515397517,2023-02-28
asset_growth,3.7427213300494233,334,0.13952849014010096,2023-02-28
bp,0.787926073487332,345,0.02937385011623452,2023-02-28
cash_ratio,0.9201249119165147,345,0.034302217124540596,2023-02-28
current_ratio,0.6889155553197773,345,0.025682742259234247,2023-02-28
ebitda_ev,1.4246595010006733,345,0.05311124489616988,2023-02-28
ep,1.1610190338109274,345,0.043282739623422176,2023-02-28
fcf_growth,2.265615889989265,332,0.08446206289246996,2023-02-28
fcfp,3.5516807202458587,345,0.13240650442683827,2023-02-28
gross_margin,2.5095076293446184,345,0.09355433644131206,2023-02-28
int_coverage,1.4868524651366406,345,0.0554297959230812,2023-02-28
rev_growth,2.2384193917328004,334,0.08344817860769681,2023-02-28
roa,1.451750521867177,334,0.05412119698838384,2023-02-28
roe,1.0834225844141927,334,0.0403899473287802,2023-02-28
sp,1.5883944856273073,345,0.05921527807776003,2023-02-28
accruals,1.9643775924192781,335,0.07344967333377016,2023-03-31
asset_growth,3.7982743944406607,335,0.14202056395893978,2023-03-31
bp,0.8247906338045703,346,0.0308395915609531,2023-03-31
cash_ratio,0.9508663003961286,346,0.0355536631132979,2023-03-31
current_ratio,0.71573012214633,346,0.026761730468551764,2023-03-31
ebitda_ev,1.4012779280323833,346,0.052394919622883174,2023-03-31
ep,1.0949292751386561,346,0.04094029472382144,2023-03-31
fcf_growth,2.2613397658142893,333,0.08455333014217793,2023-03-31
fcfp,3.5157834132270187,346,0.13145799677738054,2023-03-31
gross_margin,2.36474399000017,346,0.08841969805285597,2023-03-31
int_coverage,1.4909873515234189,346,0.055749227814854765,2023-03-31
rev_growth,2.297871103233816,335,0.08591926651320189,2023-03-31
roa,1.4542822477722364,335,0.05437679417958498,2023-03-31
roe,1.0158689431501502,335,0.037984164710617885,2023-03-31
sp,1.593415113941498,346,0.05957908502710867,2023-03-31
accruals,1.9247870240286877,336,0.06920067189360674,2023-04-30
asset_growth,3.8970177036603184,336,0.1401070560576239,2023-04-30
bp,0.8605335422622236,347,0.030938227745785005,2023-04-30
cash_ratio,1.0659603319162079,347,0.03832380947069093,2023-04-30
current_ratio,0.835845940021695,347,0.03005064972226378,2023-04-30
ebitda_ev,1.4778963767724826,347,0.05313389013176269,2023-04-30
ep,1.1703210041707006,347,0.04207582387494625,2023-04-30
fcf_growth,2.310894076226769,334,0.08308213883068272,2023-04-30
fcfp,3.6046696503399036,347,0.12959644814931792,2023-04-30
gross_margin,2.40614524100336,347,0.08650664477284793,2023-04-30
int_coverage,1.5766931327867573,347,0.05668586851261582,2023-04-30
rev_growth,2.367583907695695,336,0.08512027311682,2023-04-30
roa,1.5436862709559087,336,0.05549919331828008,2023-04-30
roe,1.095858894170428,336,0.03939873390171412,2023-04-30
sp,1.676678227631075,347,0.06028057050104198,2023-04-30
accruals,1.8089567991552318,337,0.06272271347491055,2023-05-31
asset_growth,3.943261387766362,337,0.13672634653135426,2023-05-31
bp,0.9327823039454753,348,0.03234274981700011,2023-05-31
cash_ratio,1.157358297056388,348,0.040129566879639374,2023-05-31
current_ratio,0.9202275652786882,348,0.03190743412758342,2023-05-31
ebitda_ev,1.565773400711568,348,0.05429071408744037,2023-05-31
ep,1.2749322489266968,348,0.044206257543959356,2023-05-31
fcf_growth,2.376706851496977,335,0.0824085478049657,2023-05-31
fcfp,3.70885355917611,348,0.12859862613703177,2023-05-31
gross_margin,2.4874165440653737,348,0.0862472311439519,2023-05-31
int_coverage,1.6727525728829542,348,0.05800004753698572,2023-05-31
rev_growth,2.3842809386295616,337,0.08267116728668741,2023-05-31
roa,1.6573082630092153,337,0.0574645405400908,2023-05-31
roe,1.195346653840075,337,0.04144675301644407,2023-05-31
sp,1.754580577692304,348,0.06083730407195508,2023-05-31
accruals,1.814225133184905,338,0.06384680970392977,2023-06-30
asset_growth,3.981646629224375,338,0.14012342238810363,2023-06-30
bp,0.9180045591785281,349,0.03230671945014761,2023-06-30
cash_ratio,1.1118840712615452,349,0.03912979123271315,2023-06-30
current_ratio,0.8619945564845373,349,0.03033559694825503,2023-06-30
ebitda_ev,1.5091694039745027,349,0.05311118779255311,2023-06-30
ep,1.2110829726573729,349,0.042620831712975746,2023-06-30
fcf_growth,2.3432407305191925,336,0.0824641012162123,2023-06-30
fcfp,3.6267164797463365,349,0.1276326034167395,2023-06-30
gross_margin,2.4808326068881343,349,0.08730627994400479,2023-06-30
int_coverage,1.6932309171473021,349,0.0595887413168672,2023-06-30
rev_growth,2.450524696693276,338,0.08623967396476898,2023-06-30
roa,1.5868933991947507,338,0.05584647628651454,2023-06-30
roe,1.142904244792438,338,0.04022146341836572,2023-06-30
sp,1.6829320790674624,349,0.059226301207849,2023-06-30
accruals,1.8145095836597227,339,0.0647189152191303,2023-07-31
asset_growth,3.8732768679760996,339,0.1381498777940723,2023-07-31
bp,0.8895495682082782,350,0.03172795757406252,2023-07-31
cash_ratio,1.080826030851104,350,0.03855029969927097,2023-07-31
current_ratio,0.8402306633618446,350,0.02996887839906089,2023-07-31
ebitda_ev,1.508130374302419,350,0.053791152558705584,2023-07-31
ep,1.2197102082660287,350,0.04350394303317181,2023-07-31
fcf_growth,2.3054645032175505,337,0.08223002130609414,2023-07-31
fcfp,3.602457406456822,350,0.1284904403749512,2023-07-31
gross_margin,2.4322256479040507,350,0.08675126707405477,2023-07-31
int_coverage,1.664790806209384,350,0.05937882941755681,2023-07-31
rev_growth,2.3795997476492676,339,0.08487423583234024,2023-07-31
roa,1.6116398525027105,339,0.057483070862333216,2023-07-31
roe,1.1328175959813969,339,0.04040470582976421,2023-07-31
sp,1.6815448983287806,350,0.05997640502543085,2023-07-31
accruals,1.8660763193271408,340,0.06825900237936612,2023-08-31
asset_growth,3.887609313725748,340,0.14220443753947604,2023-08-31
bp,0.8836518540261598,351,0.03232300489631194,2023-08-31
cash_ratio,1.0340594006892754,351,0.03782474615909916,2023-08-31
current_ratio,0.7927984870761887,351,0.028999689484942467,2023-08-31
ebitda_ev,1.4512994212220514,351,0.05308692341269767,2023-08-31
ep,1.142300078413549,351,0.04178407011696893,2023-08-31
fcf_growth,2.3113527585257545,338,0.0845467207368303,2023-08-31
fcfp,3.494851082545449,351,0.12783777699135954,2023-08-31
gross_margin,2.333845673908068,351,0.08536948663804157,2023-08-31
int_coverage,1.6069704712933035,351,0.05878119779320289,2023-08-31
rev_growth,2.3734559602415835,340,0.08681838698637337,2023-08-31
roa,1.486595139304377,340,0.054378001639032815,2023-08-31
roe,1.0470807708796124,340,0.038301053440639124,2023-08-31
sp,1.6262248546876559,351,0.05948550178565815,2023-08-31
accruals,1.91636053174767,341,0.07068301276212316,2023-09-30
asset_growth,3.865662501162766,341,0.14258103701111194,2023-09-30
bp,0.8698862385380655,352,0.03208487081713566,2023-09-30
cash_ratio,0.9708058759273596,352,0.03580718919061569,2023-09-30
current_ratio,0.7369075219052847,352,0.027180085851504138,2023-09-30
ebitda_ev,1.4150759743493326,352,0.05219364075667457,2023-09-30
ep,1.0885251230733664,352,0.04014914411533981,2023-09-30
fcf_growth,2.375769157037839,339,0.08762783352338176,2023-09-30
fcfp,3.4673453274650403,352,0.1278895124230047,2023-09-30
gross_margin,2.382098693114319,352,0.0878612920359426,2023-09-30
int_coverage,1.6038867628788616,352,0.059157735014600185,2023-09-30
rev_growth,2.4028201408246335,341,0.08862558159873281,2023-09-30
roa,1.4336243016145376,341,0.05287777697795589,2023-09-30
roe,1.015748412231265,341,0.037464849017409395,2023-09-30
sp,1.567521491699845,352,0.05781643890446774,2023-09-30
accruals,1.9197889154368548,342,0.06914611868258395,2023-10-31
asset_growth,3.900608749163123,342,0.14049042232467768,2023-10-31
bp,0.9017070191436654,353,0.03247728959224615,2023-10-31
cash_ratio,1.0263529121851445,353,0.03696673092834301,2023-10-31
current_ratio,0.8098841684420226,353,0.029170054259582405,2023-10-31
ebitda_ev,1.4698777249636525,353,0.05294141392419463,2023-10-31
ep,1.1527950655123929,353,0.041520869182890593,2023-10-31
fcf_growth,2.3745309457651507,340,0.08552481852099011,2023-10-31
fcfp,3.560130645226925,353,0.12822723068194633,2023-10-31
gross_margin,2.3746135307312657,353,0.0855277930302304,2023-10-31
int_coverage,1.614965578493817,353,0.05816712486508484,2023-10-31
rev_growth,2.422076568279226,342,0.08723729598700751,2023-10-31
roa,1.4874114521286614,342,0.0535729360513155,2023-10-31
roe,1.1033611520582387,342,0.039740380078510225,2023-10-31
sp,1.6461280704596284,353,0.059289521890396726,2023-10-31
accruals,1.7483844477820938,343,0.0614130490022524,2023-11-30
asset_growth,3.978141706102986,343,0.13973460576403826,2023-11-30
bp,0.9145579567589693,354,0.032124395000817645,2023-11-30
cash_ratio,1.1071953495776374,354,0.038890898592088136,2023-11-30
current_ratio,0.8820879741470149,354,0.030983867449351592,2023-11-30
ebitda_ev,1.5293040589151368,354,0.053717719365806334,2023-11-30
ep,1.2347284353238142,354,0.043370574474743066,2023-11-30
fcf_growth,2.4078463495956726,341,0.08457704256360639,2023-11-30
fcfp,3.6143971984571586,354,0.12695786246785362,2023-11-30
gross_margin,2.3893052730372384,354,0.08392577616468476,2023-11-30
int_coverage,1.723060171733673,354,0.06052351866590039,2023-11-30
rev_growth,2.437100314192855,343,0.08560460555960304,2023-11-30
roa,1.5962491199359925,343,0.056069204657355314,2023-11-30
roe,1.1968887175437921,343,0.042041431765195515,2023-11-30
sp,1.7100192503766567,354,0.06006544850670347,2023-11-30
accruals,1.7863497147645366,344,0.0627076409034874,2023-12-31
asset_growth,4.030911229332301,344,0.14150025148693968,2023-12-31
bp,0.9214708575745875,355,0.032347117231427656,2023-12-31
cash_ratio,1.1178658986934167,355,0.039241327033637925,2023-12-31
current_ratio,0.8884500508593014,355,0.03118796184727682,2023-12-31
ebitda_ev,1.5133390027886238,355,0.05312393086737749,2023-12-31
ep,1.2297315387809917,355,0.04316823469906953,2023-12-31
fcf_growth,2.368267223376895,342,0.08313514950603769,2023-12-31
fcfp,3.605855424579524,355,0.1265791828137245,2023-12-31
gross_margin,2.3903362311112697,355,0.0839098552653105,2023-12-31
int_coverage,1.7159373048779198,355,0.060235898624903875,2023-12-31
rev_growth,2.4900362768050814,344,0.08740970448954426,2023-12-31
roa,1.5661182796552064,344,0.054976683390324355,2023-12-31
roe,1.1675184714953484,344,0.04098432040132136,2023-12-31
sp,1.6947670199359952,355,0.05949274143961684,2023-12-31
accruals,1.8018223676299516,345,0.06429340727395805,2024-01-31
asset_growth,4.012879178102751,345,0.14318929544553927,2024-01-31
bp,0.9392708638340173,356,0.03351547037817948,2024-01-31
cash_ratio,1.079691644688803,356,0.03852602558906811,2024-01-31
current_ratio,0.8450033594802759,356,0.030151776398685364,2024-01-31
ebitda_ev,1.4753603319827027,356,0.0526444473129589,2024-01-31
ep,1.2015838095369376,356,0.04287543468669956,2024-01-31
fcf_growth,2.3015737459809156,343,0.08212575272669208,2024-01-31
fcfp,3.5548033575607514,356,0.12684403532358932,2024-01-31
gross_margin,2.2809451380029775,356,0.08138967378903024,2024-01-31
int_coverage,1.6907612653126072,356,0.060330476847594156,2024-01-31
rev_growth,2.4236593552941423,345,0.08648206439363473,2024-01-31
roa,1.557210547840731,345,0.055565062218269234,2024-01-31
roe,1.1288801604264953,345,0.04028119154345949,2024-01-31
sp,1.7315491004412085,356,0.06178588607264202,2024-01-31
accruals,1.8113521116199658,346,0.06412726109487062,2024-02-29
asset_growth,4.03713376063259,346,0.14292656247352528,2024-02-29
bp,0.9320578370917091,357,0.032997624200876874,2024-02-29
cash_ratio,1.1010064752103905,357,0.038978909318638996,2024-02-29
current_ratio,0.8592083868215081,357,0.030418536629705006,2024-02-29
ebitda_ev,1.4881772444211872,357,0.052685908000015075,2024-02-29
ep,1.2021651406671015,357,0.042560227445653825,2024-02-29
fcf_growth,2.2955101702047105,344,0.08126789876265259,2024-02-29
fcfp,3.562395926162632,357,0.12611942880394766,2024-02-29
gross_margin,2.331679058865649,357,0.08254838517487034,2024-02-29
int_coverage,1.7048535973184806,357,0.06035689641038126,2024-02-29
rev_growth,2.455712633630444,346,0.08693954323985784,2024-02-29
roa,1.5773747032462788,346,0.05584376377768605,2024-02-29
roe,1.1432203995626697,346,0.04047340800357811,2024-02-29
sp,1.744362991323365,357,0.06175564666374056,2024-02-29
accruals,1.8008494636684742,347,0.06445929002087482,2024-03-31
asset_growth,4.010819571901153,347,0.14356257267607578,2024-03-31
bp,0.8734357904705348,358,0.03126360757431802,2024-03-31
cash_ratio,1.1313830716373845,358,0.04049652733928237,2024-03-31
current_ratio,0.8939973183652491,358,0.03199958329942821,2024-03-31
ebitda_ev,1.4629377804358932,358,0.05236413846580804,2024-03-31
ep,1.187277564139642,358,0.042497205005828244,2024-03-31
fcf_growth,2.2168959624122686,345,0.07935118546563079,2024-03-31
fcfp,3.450445186014305,358,0.12350463013902001,2024-03-31
gross_margin,2.241221305247546,358,0.08022188252294185,2024-03-31
int_coverage,1.7273924364657094,358,0.06182998206590075,2024-03-31
rev_growth,2.4265076097818925,347,0.08685398802749962,2024-03-31
roa,1.6145336481470125,347,0.057790334380513404,2024-03-31
roe,1.1713922192563213,347,0.04192860775571179,2024-03-31
sp,1.7286910737488081,358,0.06187646526116609,2024-03-31
accruals,1.7653533483483712,348,0.0635348746309022,2024-04-30
asset_growth,4.011158659473144,348,0.14436116304575228,2024-04-30
bp,0.8659518313992145,359,0.031165512046539074,2024-04-30
cash_ratio,1.1288437549632941,359,0.04062696372744326,2024-04-30
current_ratio,0.8997030711131313,359,0.032380215485863256,2024-04-30
ebitda_ev,1.4705546790824593,359,0.052925102649168394,2024-04-30
ep,1.204631611704294,359,0.04335456043270862,2024-04-30
fcf_growth,2.186284648705917,346,0.0786841462605509,2024-04-30
fcfp,3.4355494092536296,359,0.12364504885631832,2024-04-30
gross_margin,2.1615474683164186,359,0.07779385783402189,2024-04-30
int_coverage,1.7433996080204506,359,0.06274476190886907,2024-04-30
rev_growth,2.4413979416477805,348,0.08786564587302358,2024-04-30
roa,1.604179665489164,348,0.05773425134840694,2024-04-30
roe,1.1634887283275626,348,0.041873832543450604,2024-04-30
sp,1.7035356764842942,359,0.061310063356981914,2024-04-30
accruals,1.817589384950953,349,0.06768508746433823,2024-05-31
asset_growth,4.002177260659724,349,0.14903680676086736,2024-05-31
bp,0.8315231130577875,360,0.03096503264264711,2024-05-31
cash_ratio,1.0427819275931218,360,0.03883208526620893,2024-05-31
current_ratio,0.808445210955716,360,0.03010563621614658,2024-05-31
ebitda_ev,1.374372800790167,360,0.051180175236663905,2024-05-31
ep,1.1099874571732549,360,0.041334747410575065,2024-05-31
fcf_growth,2.1091657569580238,347,0.07854308014697349,2024-05-31
fcfp,3.3393524017433305,360,0.12435391692846204,2024-05-31
gross_margin,2.107009964653298,360,0.07846280074398597,2024-05-31
int_coverage,1.6703213463734599,360,0.06220098299368621,2024-05-31
rev_growth,2.3828412449971568,349,0.08873446302923764,2024-05-31
roa,1.5299849752645667,349,0.05697500641636945,2024-05-31
roe,1.0884952415019522,349,0.040534400253203325,2024-05-31
sp,1.6395684637766652,360,0.061055778490634635,2024-05-31
accruals,1.739145639949049,350,0.06407537397854088,2024-06-30
asset_growth,3.9922330099937953,350,0.14708591232895396,2024-06-30
bp,0.8607346649105178,361,0.03171206268386542,2024-06-30
cash_ratio,1.0705966383695587,361,0.03944401113279269,2024-06-30
current_ratio,0.81654539170695,361,0.030083996499344227,2024-06-30
ebitda_ev,1.4163646552826876,361,0.05218314837616712,2024-06-30
ep,1.1719238256425555,361,0.04317721050929869,2024-06-30
fcf_growth,2.0734293189104513,348,0.0763913935529578,2024-06-30
fcfp,3.363629532739907,361,0.1239262631517671,2024-06-30
gross_margin,2.080619422027788,361,0.07665629865095817,2024-06-30
int_coverage,1.7155464697475633,361,0.06320590932790487,2024-06-30
rev_growth,2.36966934601344,350,0.08730577018020404,2024-06-30
roa,1.5930721712988059,350,0.05869358655538912,2024-06-30
roe,1.1773879882042295,350,0.043378526748477524,2024-06-30
sp,1.701286698583761,361,0.06268053632337846,2024-06-30
accruals,1.7824521107216373,351,0.06507898663761359,2024-07-31
asset_growth,4.0008564680762,351,0.1460749958210814,2024-07-31
bp,0.9325165345424885,362,0.03404704716934848,2024-07-31
cash_ratio,1.0547573249349613,362,0.03851017227474181,2024-07-31
current_ratio,0.8164278937305458,362,0.02980854277490476,2024-07-31
ebitda_ev,1.445579417212435,362,0.05277945085340311,2024-07-31
ep,1.1894729008122287,362,0.04342876341649521,2024-07-31
fcf_growth,2.0788139088389874,349,0.07589943190150891,2024-07-31
fcfp,3.3986493928385566,362,0.1240878546425169,2024-07-31
gross_margin,2.1534983061068624,362,0.07862622880258612,2024-07-31
int_coverage,1.6856290704037857,362,0.06154388726010071,2024-07-31
rev_growth,2.3351844913292297,351,0.08525976063730027,2024-07-31
roa,1.5807979669137933,351,0.057716406037915474,2024-07-31
roe,1.2107571930869938,351,0.044205872750433896,2024-07-31
sp,1.7236645767260979,362,0.06293259902004947,2024-07-31
accruals,1.717236103750611,352,0.06178899844234228,2024-08-31
asset_growth,3.9727974340191365,352,0.14294782990306815,2024-08-31
bp,0.9544384966434103,363,0.034342277485085865,2024-08-31
cash_ratio,1.0991332460278347,363,0.03954863415601905,2024-08-31
current_ratio,0.8361964379518767,363,0.03008773242610803,2024-08-31
ebitda_ev,1.4901091837156102,363,0.05361659577878008,2024-08-31
ep,1.2522148923243648,363,0.04505676526501952,2024-08-31
fcf_growth,2.14271496630905,350,0.07709843243249262,2024-08-31
fcfp,3.444571271400511,363,0.12394137792598654,2024-08-31
gross_margin,2.1600319132396466,363,0.07772152485675728,2024-08-31
int_coverage,1.7322137119226477,363,0.062327917584556164,2024-08-31
rev_growth,2.319844312397629,352,0.0834718395986104,2024-08-31
roa,1.647496158388788,352,0.05927963973160991,2024-08-31
roe,1.271855160951953,352,0.04576345465093839,2024-08-31
sp,1.7510861668623532,363,0.06300697976262576,2024-08-31
accruals,1.7168510210540457,353,0.06071482877186037,2024-09-30
asset_growth,3.9554927371458812,353,0.1398822968906802,2024-09-30
bp,0.972709265968098,364,0.03439895238656002,2024-09-30
cash_ratio,1.133643208030606,364,0.040090230555767034,2024-09-30
current_ratio,0.862547997135488,364,0.030503202264713977,2024-09-30
ebitda_ev,1.5405207365796185,364,0.05447907336974895,2024-09-30
ep,1.3052030883617551,364,0.04615728508215897,2024-09-30
fcf_growth,2.2344403366915286,351,0.0790188902703245,2024-09-30
fcfp,3.5330987482625322,364,0.12494472898594103,2024-09-30
gross_margin,2.1497927339974527,364,0.07602540706153448,2024-09-30
int_coverage,1.7914526524544718,364,0.06335304561247915,2024-09-30
rev_growth,2.2941411242324565,353,0.08113015272038104,2024-09-30
roa,1.6994014830459454,353,0.06009774219922378,2024-09-30
roe,1.3076571942238562,353,0.04624407223804977,2024-09-30
sp,1.7803409763223408,364,0.06296009159057658,2024-09-30
accruals,1.7097239204573198,354,0.0592485920807461,2024-10-31
asset_growth,3.972706301244819,354,0.13766974438545893,2024-10-31
bp,0.9645081220544461,365,0.033423962546470606,2024-10-31
cash_ratio,1.1980552359855483,365,0.04151727955477343,2024-10-31
current_ratio,0.9286508914509806,365,0.032181369866009245,2024-10-31
ebitda_ev,1.5999103532690189,365,0.05544312432690492,2024-10-31
ep,1.359217396924273,365,0.04710217605066849,2024-10-31
fcf_growth,2.2723064102219537,352,0.07874426623550645,2024-10-31
fcfp,3.590061704189788,365,0.12440961895143512,2024-10-31
gross_margin,2.1873019754126592,365,0.07579853153365873,2024-10-31
int_coverage,1.8571118539401257,365,0.06435615795384397,2024-10-31
rev_growth,2.30453016604044,354,0.07986094486470197,2024-10-31
roa,1.758264799280024,354,0.06093072256637331,2024-10-31
roe,1.3508312474902335,354,0.04681156331430771,2024-10-31
sp,1.8036052504166218,365,0.062501945769140893,2024-10-31
accruals,1.7582884710670683,355,0.06206207695346908,2024-11-30
asset_growth,3.9742163982092995,355,0.1402773936097748,2024-11-30
bp,0.966392219484217,366,0.03411061909338739,2024-11-30
cash_ratio,1.1381335060721334,366,0.04017254870260479,2024-11-30
current_ratio,0.8717530823760946,366,0.030770153915651393,2024-11-30
ebitda_ev,1.5384268120968532,366,0.05430164888796174,2024-11-30
ep,1.2984244761121644,366,0.04583031799431457,2024-11-30
fcf_growth,2.2097504773980865,353,0.07799727202500319,2024-11-30
fcfp,3.5717055810688536,366,0.1260700222261623,2024-11-30
gross_margin,2.2022375537158934,366,0.07773208934572029,2024-11-30
int_coverage,1.7444291023678347,366,0.06157288463895863,2024-11-30
rev_growth,2.3442991439773175,355,0.08274641861649465,2024-11-30
roa,1.6601020373060194,355,0.05859640331223386,2024-11-30
roe,1.265841911642242,355,0.04468025550073154,2024-11-30
sp,1.787124406582945,366,0.0630798951775319,2024-11-30
